stt,batch,pair_id,ky_nang_A,mo_ta_A,taxonomy_A,ky_nang_B,mo_ta_B,taxonomy_B,span_A_truoc_B,span_B_truoc_A,nhan,huong,ghi_chu
1,IAA_chung,http://data.europa.eu/esco/skill/03305638-bd08-410a-a960-f963ad89cce6__http://data.europa.eu/esco/skill/e22b1918-1f03-4d6c-89bd-d0d55074ef3d,tend electron beam welding machine,"Tend a metalworking machine designed to join metal pieces by use of an electron beam exuding a concentrated heat source, monitor and operate it according to regulations.",skill/competence > sector-specific,tend metal polishing machine,"Tend a metalworking machine designed to buff and polish metal surfaces, monitor and operate it according to regulations.",skill/competence > cross-sector,"tend electron beam welding machine. Tend a metalworking machine designed to join metal pieces by use of an electron beam exuding a concentrated heat source, monitor and opera","tend metal polishing machine. Tend a metalworking machine designed to buff and polish metal surfaces, monitor and operate it according to regulations.",0,none,
2,IAA_chung,http://data.europa.eu/esco/skill/841ec8d9-ff33-4e76-af59-27ace79c2932__http://data.europa.eu/esco/skill/0449bf39-a288-4ecc-823a-3d194be5e932,blood type classification,"The classification of blood types such as group A, B, AB, 0 and their characteristics.",knowledge > sector-specific,techniques of blood-sampling,"The appropriate techniques for the collection of blood samples for laboratory work purposes, depending on the group of people targeted such as children or elderly.",knowledge > sector-specific,"blood type classification. The classification of blood types such as group A, B, AB, 0 and their characteristics.","techniques of blood-sampling. The appropriate techniques for the collection of blood samples for laboratory work purposes, depending on the group of people targeted suc",0,none,
3,rieng_Thu,http://data.europa.eu/esco/skill/0460013b-e73a-4200-8c11-88b3b60a222a__http://data.europa.eu/esco/skill/7ea76aa2-9ce1-4684-b050-fdd88c9a3ac4,perform manual spiral binding,Operate preformed spiral binding in perforated holes of items and hold the spiral against rubber-covered spindles or wringer-like rollers. These further twist the spiral into any remaining perforations.,skill/competence > occupation-specific,operate perforating machine,"Tend machine that perforates sheets of papers with lines of fine holes, facilitating tearing sheets. Install perforating disks in the machine and set guides to adapt the size of the sheet by using hand tools. Feed the machine and remove perforated sheets as they accumulate on the machine table.",skill/competence > sector-specific,perform manual spiral binding. Operate preformed spiral binding in perforated holes of items and hold the spiral against rubber-covered spindles or wringer-like rollers.,"operate perforating machine. Tend machine that perforates sheets of papers with lines of fine holes, facilitating tearing sheets. Install perforating disks in the mach",3,none,"Thứ tự quy trình sản xuất (đục lỗ trước rồi đóng gáy), không phải thứ tự học"
4,IAA_chung,http://data.europa.eu/esco/skill/4df04290-0084-499a-b52c-a43ff074e198__http://data.europa.eu/esco/skill/01e5d2e2-d368-4fb9-9be9-9923146482c4,operations department processes,"The different processes, duties, jargon, role in an organisation, and other specificities of the operations and manufacturing department within an organisation such as purchasing, supply chain processes, and goods handling.",knowledge > sector-specific,attend to detail in casting processes,Attend in the metal processing casting work to specificities and details concerning the quality of the casting and moulds.,skill/competence > sector-specific,"operations department processes. The different processes, duties, jargon, role in an organisation, and other specificities of the operations and manufacturing department w",attend to detail in casting processes. Attend in the metal processing casting work to specificities and details concerning the quality of the casting and moulds.,0,none,
5,rieng_Thu,http://data.europa.eu/esco/skill/192f3ca9-2232-40d0-b241-387966ce2de8__http://data.europa.eu/esco/skill/042f91e3-cccc-4d51-b635-bb14ffe90cfc,waste transport legislation,"Regulations and legislation concerning the safe transportation of hazardous and non-hazardous waste materials, products, and appliances.",knowledge > cross-sector,unload cargo,Handle safe unloading of goods from transportation vehicles.,skill/competence > cross-sector,"waste transport legislation. Regulations and legislation concerning the safe transportation of hazardous and non-hazardous waste materials, products, and appliances.",unload cargo. Handle safe unloading of goods from transportation vehicles.,0,none,
6,IAA_chung,http://data.europa.eu/esco/skill/424d7132-9dbb-46dc-b318-078ecf8dde15__http://data.europa.eu/esco/skill/3fb9481f-2be7-4912-bf65-db1368fd2197,timing devices,"All mechanical and electric instruments that indicate time, such as clocks, watches, pendulums, hairsprings, and chronometers.",knowledge > occupation-specific,attach clockwork,"Install clockwork or module in clocks or watches. The clockwork includes all mechanisms, movements, motors, and wheel work present in clocks and watches. In mechanical timepieces, in which clockwork movements are made of several moving parts, the clockwork is called caliber or clock movement. In electronic or quartz timepieces, the term module is more commonly applied.",skill/competence > sector-specific,"timing devices. All mechanical and electric instruments that indicate time, such as clocks, watches, pendulums, hairsprings, and chronometers.","attach clockwork. Install clockwork or module in clocks or watches. The clockwork includes all mechanisms, movements, motors, and wheel work present in cloc",1,A_to_B,Kiến thức thiết bị đo thời gian → lắp bộ máy đồng hồ
7,IAA_chung,http://data.europa.eu/esco/skill/a9b26f23-26c5-4a45-b0ca-e98e07a06eee__http://data.europa.eu/esco/skill/2aeadb90-7ddc-4329-9268-8d5a6bf76b99,demonstrate specialisation in a dance tradition,"Demonstrate an embodied understanding of dance and dance-making, and an informed artistic viewpoint of your chosen dance style, that enables you to reconstruct or create a choreographic work fully immersed in your selected dance tradition.",skill/competence > sector-specific,perform dances,"Perform in artistic productions of differents disciplines such as classical ballet, modern dance, contemporary dance, early dance, ethnic dance, folk dance, acrobatic dances and street dance.",skill/competence > sector-specific,"demonstrate specialisation in a dance tradition. Demonstrate an embodied understanding of dance and dance-making, and an informed artistic viewpoint of your chosen dance style, that enabl","perform dances. Perform in artistic productions of differents disciplines such as classical ballet, modern dance, contemporary dance, early dance, ethnic",3,none,"Có thể biểu diễn trước rồi mới chuyên sâu (B_to_A), span không nêu thứ tự"
8,rieng_Thu,http://data.europa.eu/esco/skill/fbb8f1a7-c8b5-4722-92c4-814836b86934__http://data.europa.eu/esco/skill/01e66e1c-97d9-4829-bee1-f3ab649161e8,emergency medicine,Emergency medicine is a medical specialty mentioned in the EU Directive 2005/36/EC.,knowledge > sector-specific,biomedical science,The principles of the natural sciences applied to medicine. Medical sciences such as medical microbiology and clinical virology apply biology principles for medical knowledge and invention.,knowledge > cross-sector,emergency medicine. Emergency medicine is a medical specialty mentioned in the EU Directive 2005/36/EC.,biomedical science. The principles of the natural sciences applied to medicine. Medical sciences such as medical microbiology and clinical virology apply biol,3,none,"Có thể là 2 (B_to_A) theo chương trình y khoa, nhưng span chỉ là định nghĩa, không nêu thứ tự"
9,rieng_Thu,http://data.europa.eu/esco/skill/d6d3f866-7a35-4712-a5ec-964b20ffb976__http://data.europa.eu/esco/skill/270de514-3206-4cf9-b122-0f148ab06fa1,operate audiological equipment,Operate instruments meant to measure customer's hearing.,skill/competence > occupation-specific,measure electrical characteristics,"Measure voltage, current, resistance or other electrical characteristics by using electrical measuring equipment such as multimeters, voltmeters, and ammeters.",skill/competence > cross-sector,operate audiological equipment. Operate instruments meant to measure customer's hearing.,"measure electrical characteristics. Measure voltage, current, resistance or other electrical characteristics by using electrical measuring equipment such as multimeters, volt",0,none,
10,rieng_Thu,http://data.europa.eu/esco/skill/3212fbac-540b-41ca-a4ae-132a588500bd__http://data.europa.eu/esco/skill/00c85cbc-2b24-4605-a6fe-55b5c615e3fe,apply footwear bottoms pre-assembling techniques,"Split, scour surfaces, reduce sole edges, rough, brush, apply primings, halogenate the soles, degrease etc. Use both manual dexterity and machinery. When using machines, adjust their working parameters.",skill/competence > sector-specific,sawing techniques,Various sawing techniques for using manual as well as electric saws.,knowledge > sector-specific,"apply footwear bottoms pre-assembling techniques. Split, scour surfaces, reduce sole edges, rough, brush, apply primings, halogenate the soles, degrease etc. Use both manual dexterity and",sawing techniques. Various sawing techniques for using manual as well as electric saws.,0,none,
11,IAA_chung,http://data.europa.eu/esco/skill/d40fb05b-5a5a-4a38-9e47-9560349860fb__http://data.europa.eu/esco/skill/1abc1d86-e529-42ab-828f-8d4fc225b076,vacuum distillation processes,The process of distilling a liquid mixture at very low pressure.,knowledge > occupation-specific,filter liquids,Separated solids that will not readily sediment from their suspending liquid by passing the mixture through filters.,skill/competence > sector-specific,vacuum distillation processes. The process of distilling a liquid mixture at very low pressure.,filter liquids. Separated solids that will not readily sediment from their suspending liquid by passing the mixture through filters.,0,none,
12,IAA_chung,http://data.europa.eu/esco/skill/26532713-d18f-4e5c-8365-1f57e00f8422__http://data.europa.eu/esco/skill/04dd3f36-7056-4824-9eee-b0312d4a25b7,manage storage operations,Select and manage suitable storage area for the traded goods,skill/competence > occupation-specific,sell processed timber in a commercial environment,Check that the sales area is in a suitable condition for customers and that the stock and materials are in a suitable condition to be sold.,skill/competence > cross-sector,manage storage operations. Select and manage suitable storage area for the traded goods,sell processed timber in a commercial environment. Check that the sales area is in a suitable condition for customers and that the stock and materials are in a suitable condition to be sold,0,none,
13,IAA_chung,http://data.europa.eu/esco/skill/f5a2523e-8b1f-4541-b9e8-cd27e2d9cd7b__http://data.europa.eu/esco/skill/a8797f21-1af0-4c5e-98ca-bf1442929363,analyse your fight discipline expertise,Describe experience in your discipline and within an artistic environment. Identify relevant elements to define an approach of your fight discipline in the artistic field. Describe your training background. Identify training that is relevant for the artistic approach of your fight discipline.,skill/competence > sector-specific,interact with users to gather requirements,Communicate with users to identify their requirements and collect them. Define all relevant user requirements and document them in an understandable and logical way for further analysis and specification.,skill/competence > sector-specific,analyse your fight discipline expertise. Describe experience in your discipline and within an artistic environment. Identify relevant elements to define an approach of your fight,interact with users to gather requirements. Communicate with users to identify their requirements and collect them. Define all relevant user requirements and document them in an unde,0,none,
14,rieng_Thu,http://data.europa.eu/esco/skill/ad89f303-4ba6-4868-b0ca-b2ad341240ab__http://data.europa.eu/esco/skill/5838d780-c9fd-4b97-b9e2-2ccc64b4ce3c,tourism sector policies,"The public administration and regulatory aspects of the tourism and hotels sector, and requirements necessary to create policies.",knowledge > sector-specific,manage communications with food industry governmental bodies,"Manage communications with regulatory authorities for the food industry for all aspects of food safety, limits on potentially hazardous ingredients, labelling requirements and legislation.",skill/competence > sector-specific,"tourism sector policies. The public administration and regulatory aspects of the tourism and hotels sector, and requirements necessary to create policies.","manage communications with food industry governmental bodies. Manage communications with regulatory authorities for the food industry for all aspects of food safety, limits on potentially hazardous in",0,none,
15,rieng_Thu,http://data.europa.eu/esco/skill/f66b2fc3-2952-41e5-89bf-a9157ea29420__http://data.europa.eu/esco/skill/6f5850ea-5785-4e2c-b062-743066fd5bdb,ensure compliance with environmental legislation in food production,Make sure to comply with environmental legislation in food production. Understand the legislation related to environmental matters in food manufacturing and apply it in practice.,skill/competence > sector-specific,environmental legislation,The environmental policies and legislation applicable in a certain domain.,knowledge > cross-sector,ensure compliance with environmental legislation in food production. Make sure to comply with environmental legislation in food production. Understand the legislation related to environmental matters in food,ensure compliance with environmental legislation in food production. Make sure to comply with environmental legislation in food production. Understand the legislation related to environmen | environmental legislation. The environmental policies and legislation applicable in a certain domain. | nsure compliance with environmental legislation in food production. Make sure to comply with environmental legislation in food production. Understand the legislation related to environmental matters in food manufacturing and apply it in practice.,1,B_to_A,"Span B→A: ""Understand the legislation related to environmental matters"""
16,rieng_Thu,http://data.europa.eu/esco/skill/560db5a6-cd42-4d8f-a5ed-69308e5ce011__http://data.europa.eu/esco/skill/03305638-bd08-410a-a960-f963ad89cce6,tend surface grinding machine,"Tend a metalworking machine designed to smoothen a metal surface by applying grinding, abrasive machine processes, monitor and operate it according to regulations.",skill/competence > cross-sector,tend electron beam welding machine,"Tend a metalworking machine designed to join metal pieces by use of an electron beam exuding a concentrated heat source, monitor and operate it according to regulations.",skill/competence > sector-specific,"tend surface grinding machine. Tend a metalworking machine designed to smoothen a metal surface by applying grinding, abrasive machine processes, monitor and operate it","tend electron beam welding machine. Tend a metalworking machine designed to join metal pieces by use of an electron beam exuding a concentrated heat source, monitor and opera",0,none,
17,rieng_Thu,http://data.europa.eu/esco/skill/03d93b02-a461-4815-a4c0-b46451afc1c2__http://data.europa.eu/esco/skill/b769f524-0f25-44d7-8538-5c46710a040e,manage claim files,"Follow up on the progress of a claim file, keep all parties informed of the status of the file, ensure the customer receives the damages owed, treat any problems or complaints from customers, close the file and give information to an authorised person or department when there is suspicion of fraud.",skill/competence > sector-specific,manage digital documents,"Manage various data formats and files by naming, publishing, transforming and sharing files and documents and transforming file formats.",skill/competence > cross-sector,"manage claim files. Follow up on the progress of a claim file, keep all parties informed of the status of the file, ensure the customer receives the damages o","manage digital documents. Manage various data formats and files by naming, publishing, transforming and sharing files and documents and transforming file formats.",0,none,
18,IAA_chung,http://data.europa.eu/esco/skill/8a6394d1-f44f-4b0d-81d5-7201fc025ba8__http://data.europa.eu/esco/skill/949ced5f-7536-4614-ac60-563ffc91a2f2,develop e-learning plan,Create a strategic plan to maximise the outputs of educational technology both within the organisation and externally.,skill/competence > cross-sector,strategic planning,"The elements defining the foundation and core of an organisation such as its mission, vision, values, and objectives.",knowledge > cross-sector,develop e-learning plan. Create a strategic plan to maximise the outputs of educational technology both within the organisation and externally.,"strategic planning. The elements defining the foundation and core of an organisation such as its mission, vision, values, and objectives.",1,B_to_A,"A yêu cầu lập ""strategic plan"" → cần kiến thức strategic planning; độ tin cậy trung bình"
19,rieng_Thu,http://data.europa.eu/esco/skill/d39f380c-a900-4bbd-8685-babd806f1abc__http://data.europa.eu/esco/skill/9e1866d3-a657-4444-9360-165ab1eacf83,maintain high quality of calls,Establish high quality standards and instructions for calls.,skill/competence > sector-specific,liaise with suppliers of sporting equipment,Establish relationships with suppliers of recreational products and sporting equipment.,skill/competence > sector-specific,maintain high quality of calls. Establish high quality standards and instructions for calls.,liaise with suppliers of sporting equipment. Establish relationships with suppliers of recreational products and sporting equipment.,0,none,
20,rieng_Thu,http://data.europa.eu/esco/skill/e0443c6c-e370-4d5f-8464-c7e38b9de709__http://data.europa.eu/esco/skill/048f3205-6b1a-43e0-9f76-8c43562c6140,manage different ceramic firing techniques,"Manage different ceramic firing or baking techniques according to selected clay, the expect strength of the object, and enamel colours.",skill/competence > sector-specific,check quality of enamel,"Assess enamel by using a needle. If defective, remove it and repeat the enamel process.",skill/competence > occupation-specific,"manage different ceramic firing techniques. Manage different ceramic firing or baking techniques according to selected clay, the expect strength of the object, and enamel colours.","check quality of enamel. Assess enamel by using a needle. If defective, remove it and repeat the enamel process.",0,none,
21,IAA_chung,http://data.europa.eu/esco/skill/99207709-d076-4cce-ba38-e90d3bb28806__http://data.europa.eu/esco/skill/03ff0d53-573a-47a0-a0ad-1995815a4339,resource description framework query language,The query languages such as SPARQL which are used to retrieve and manipulate data stored in Resource Description Framework format (RDF).,knowledge > sector-specific,information structure,"The type of infrastructure which defines the format of data: semi-structured, unstructured and structured.",knowledge > sector-specific,resource description framework query language. The query languages such as SPARQL which are used to retrieve and manipulate data stored in Resource Description Framework format (RDF).,"information structure. The type of infrastructure which defines the format of data: semi-structured, unstructured and structured.",3,none,Hiểu cấu trúc dữ liệu có thể hỗ trợ RDF/SPARQL nhưng không bắt buộc trực tiếp
22,IAA_chung,http://data.europa.eu/esco/skill/08881cb7-5331-4b11-9442-4d7c9fce749e__http://data.europa.eu/esco/skill/81fc558f-aa9c-4f57-89fe-0a4c502c59d9,perform pest control,Carry out crop spraying pest and disease operations in line with National industry and customer requirements. Carry out slurry and fertiliser spreading in accordance with local environmental regulations,skill/competence > sector-specific,conduct gambling games,"Carry out all gaming operations in a casino for example, including table administration, opening and closing procedures.Perform these operations according to the required standard and in line with requisite regulations.",skill/competence > sector-specific,perform pest control. Carry out crop spraying pest and disease operations in line with National industry and customer requirements. Carry out slurry and fertili,"conduct gambling games. Carry out all gaming operations in a casino for example, including table administration, opening and closing procedures.Perform these oper",0,none,
23,IAA_chung,http://data.europa.eu/esco/skill/4d7410df-51a9-42bc-83ec-363c201ee631__http://data.europa.eu/esco/skill/07469451-ae47-49af-98ea-99f8ef9d283c,control food safety regulations,"Implement strict control of food safety standards ensuring production, transportation, storage or livestock breeding is according to law and regulations.",skill/competence > occupation-specific,general principles of food law,The national and international legal rules and requirements applied in the food industry.,knowledge > sector-specific,"control food safety regulations. Implement strict control of food safety standards ensuring production, transportation, storage or livestock breeding is according to law a",general principles of food law. The national and international legal rules and requirements applied in the food industry.,1,B_to_A,Kiến thức luật thực phẩm → kiểm soát tuân thủ quy định an toàn thực phẩm
24,IAA_chung,http://data.europa.eu/esco/skill/8cd9e2f0-25bb-43af-b910-0866ebc58e1a__http://data.europa.eu/esco/skill/310da5da-517c-4496-a673-92001098a2b7,provide interpreting services in tours,Interpret in other languages information imparted by guides during tours .,skill/competence > occupation-specific,modern languages,All human languages still actively used today.,knowledge > cross-sector,provide interpreting services in tours. Interpret in other languages information imparted by guides during tours .,modern languages. All human languages still actively used today.,1,B_to_A,Phải biết ngoại ngữ trước khi phiên dịch
25,rieng_Thu,http://data.europa.eu/esco/skill/4cce32ef-6561-42c7-9322-bcfdac7231af__http://data.europa.eu/esco/skill/00cd1d60-782f-48e7-9a7b-b518f2b146b8,produce violin bows,"Choose the appropriate materials and tools, build the stick, pad, screw and frog, select and strech the horsehair, and finish the wooden surface.",skill/competence > sector-specific,produce guitar components,"Choose the appropriate tonewood, materials and tools, and build the different guitar components such as the sound board, fretboard, headstock, neck and bridge.",skill/competence > sector-specific,"produce violin bows. Choose the appropriate materials and tools, build the stick, pad, screw and frog, select and strech the horsehair, and finish the wooden s","produce guitar components. Choose the appropriate tonewood, materials and tools, and build the different guitar components such as the sound board, fretboard, headst",0,none,
26,IAA_chung,http://data.europa.eu/esco/skill/be1b93a1-dda7-436e-b291-7fe28ae9a450__http://data.europa.eu/esco/skill/5b671d86-f1fa-4468-947c-374dc6cdf6b8,take emergency measures in pregnancy,"Perform the manual removal of placenta, and the manual examination of the uterus in emergency cases, when the doctor is not present.",skill/competence > occupation-specific,pregnancy,"The process related to conception and development of the fetus in the mother`s womb, the symptoms of pregnancy, risks and complications, diseases and timing of childbirth.",knowledge > sector-specific,"take emergency measures in pregnancy. Perform the manual removal of placenta, and the manual examination of the uterus in emergency cases, when the doctor is not present.","take emergency measures in pregnancy. Perform the manual removal of placenta, and the manual examination of the uterus in emergency cases, when the doctor is not present. | pregnancy. The process related to conception and development of the fetus in the mother`s womb, the symptoms of pregnancy, risks and complications, d | ess related to conception and development of the fetus in the mother`s womb, the symptoms of pregnancy, risks and complications, diseases and timing of childbirth.",1,B_to_A,Kiến thức thai kỳ → xử trí cấp cứu sản khoa
27,rieng_Thu,http://data.europa.eu/esco/skill/0c8f5f32-a286-4f88-b9e9-d7e7f3a3684b__http://data.europa.eu/esco/skill/4e3d93fe-0d7f-45fd-aae0-a60425ba4b2b,develop aquaculture hatchery business plan,Develop and implement an aquaculture hatchery business plan,skill/competence > occupation-specific,identity aquaculture species,"Identity major European farmed fish, shellfish and crustacean species.",skill/competence > sector-specific,develop aquaculture hatchery business plan. Develop and implement an aquaculture hatchery business plan,"identity aquaculture species. Identity major European farmed fish, shellfish and crustacean species.",0,none,
28,IAA_chung,http://data.europa.eu/esco/skill/27e8f919-3ae1-42fc-b1e0-7d8f9ed972a7__http://data.europa.eu/esco/skill/f120ad8f-dab4-4fa5-bbd8-b031d60cbfbf,zoo regulations,"National, regional and international regulations related to zoos.",knowledge > cross-sector,manage zoo staff,"Manage zoo staff, including zoo keeping staff at all levels and/or veterinarians and/or educators and/or horticulturalists.",skill/competence > sector-specific,"zoo regulations. National, regional and international regulations related to zoos.","manage zoo staff. Manage zoo staff, including zoo keeping staff at all levels and/or veterinarians and/or educators and/or horticulturalists.",0,none,
29,IAA_chung,http://data.europa.eu/esco/skill/e574c14e-eeb2-4db7-b7ce-a1b46d98f42b__http://data.europa.eu/esco/skill/592188c6-7212-47bb-ba58-f9361026addc,install lift controller,"Install the lift controller, which processes and transmits lift control signals to the motor, in the machine room at the top of the shaft. Connect it to the hoist motor, a source of electricity, and the control input signal wires.",skill/competence > cross-sector,install heating boiler,"Place heating, ventilation, air conditioning and refrigeration boilers, which heats up water and circulates it through a closed radiator system to distribute heat around a structure. Connect the boiler to a source of fuel or electricity and to the circulation system. Connect it to the water supply if it features an automatic filling system. Configure the boiler.",skill/competence > cross-sector,"install lift controller. Install the lift controller, which processes and transmits lift control signals to the motor, in the machine room at the top of the shaft.","install heating boiler. Place heating, ventilation, air conditioning and refrigeration boilers, which heats up water and circulates it through a closed radiator s",0,none,
30,IAA_chung,http://data.europa.eu/esco/skill/385a01ed-800c-4fb2-97f4-56c367cf7f97__http://data.europa.eu/esco/skill/8dc99c09-2f10-4096-92a7-54cb7497bb71,animal recovery procedures,Strategies for supporting animals recovering from anesthesia and/or specific veterinary medical or surgical procedures.,knowledge > occupation-specific,provide nursing care for animals in recovery,Provide supportive care for animals recovering from anaesthesia and/or a veterinary medical or surgical procedure.,skill/competence > occupation-specific,animal recovery procedures. Strategies for supporting animals recovering from anesthesia and/or specific veterinary medical or surgical procedures.,provide nursing care for animals in recovery. Provide supportive care for animals recovering from anaesthesia and/or a veterinary medical or surgical procedure.,1,A_to_B,Kiến thức quy trình hồi phục → chăm sóc động vật hồi phục (cùng đối tượng)
31,IAA_chung,http://data.europa.eu/esco/skill/4f3b03f2-1108-4b1b-954e-992f84cd38ba__http://data.europa.eu/esco/skill/e6262391-ffda-4b8e-9f5c-89cf1a0e7384,prepare warranty documents for audiology equipment,Compose warranty forms for audio and video devices sold to customers.,skill/competence > cross-sector,audiovisual equipment,The characteristics and usage of different tools that stimulate the sight and audio senses.,knowledge > sector-specific,prepare warranty documents for audiology equipment. Compose warranty forms for audio and video devices sold to customers.,audiovisual equipment. The characteristics and usage of different tools that stimulate the sight and audio senses.,3,none,Soạn phiếu bảo hành không nhất thiết cần kiến thức thiết bị; A ghi audiology nhưng mô tả là audio/video
32,rieng_Thu,http://data.europa.eu/esco/skill/8ee6763c-ca7b-4c0d-9208-b8f26f100e72__http://data.europa.eu/esco/skill/009673d9-e2fd-46ef-a64b-6027ac7fd613,manufacture medicines,"Formulate and compound medicines performing pharmaceutical calculations, selecting the appropriate route of administration and dosage form for the medicine, the appropriate ingredients and excipients of the required quality standard, and preparing pharmaceutical products.",skill/competence > cross-sector,manufacture ingredients,"Manufacture ingredients such as spices, additives and vegetables.",skill/competence > sector-specific,"manufacture medicines. Formulate and compound medicines performing pharmaceutical calculations, selecting the appropriate route of administration and dosage form","manufacture ingredients. Manufacture ingredients such as spices, additives and vegetables.",0,none,
33,rieng_Thu,http://data.europa.eu/esco/skill/89cd5be3-b045-4172-82a3-f23b9faca79d__http://data.europa.eu/esco/skill/c7e686a1-d03e-4641-a229-68247fdc5887,create patent draft,Make a precise description of the invention in legal terms.,skill/competence > cross-sector,legal terminology,The special terms and phrases used in the field of law.,knowledge > cross-sector,create patent draft. Make a precise description of the invention in legal terms.,legal terminology. The special terms and phrases used in the field of law.,1,B_to_A,"Mô tả A: ""description of the invention in legal terms"""
34,IAA_chung,http://data.europa.eu/esco/skill/875a4e96-dbe6-4673-b3e9-9a06459f77e7__http://data.europa.eu/esco/skill/93b7c809-f6a2-45fa-b815-47a34120227a,maintain mechatronic equipment,"Diagnose and detect malfunctions in mechatronics components and systems and remove, replace, or repair these components when necessary. Execute preventative equipment maintenance tasks, such as storing mechatronics components in clean, dust-free, and non-humid spaces.",skill/competence > sector-specific,maintain snow removal equipment,Perform maintenance of snow and ice removal devices and de-icing equipment to ensure they are ready for use at any time.,skill/competence > sector-specific,"maintain mechatronic equipment. Diagnose and detect malfunctions in mechatronics components and systems and remove, replace, or repair these components when necessary. Ex",maintain snow removal equipment. Perform maintenance of snow and ice removal devices and de-icing equipment to ensure they are ready for use at any time.,0,none,
35,rieng_Thu,http://data.europa.eu/esco/skill/297259c4-7f91-455b-bf24-1ce7f9d4cc63__http://data.europa.eu/esco/skill/cde9911c-f92e-4de1-811f-336e177ac4ce,teach chemistry,"Instruct students in the theory and practice of chemistry, more specifically in biochemistry, chemical laws, analytical chemistry, inorganic chemistry, organic chemistry, nuclear chemistry, and theoretical chemistry.",skill/competence > sector-specific,chemistry,"The composition, structure, and properties of substances and the processes and transformations that they undergo; the uses of different chemicals and their interactions, production techniques, risk factors, and disposal methods.",knowledge > cross-sector,"teach chemistry. Instruct students in the theory and practice of chemistry, more specifically in biochemistry, chemical laws, analytical chemistry, inorgan","teach chemistry. Instruct students in the theory and practice of chemistry, more specifically in biochemistry, chemical laws, analytical chemistry, inorgan | hemistry. Instruct students in the theory and practice of chemistry, more specifically in biochemistry, chemical laws, analytical chemistry, inorganic chemistry, organic chemistry, nuclear chemistry, and theoretical chemistry. | chemistry. The composition, structure, and properties of substances and the processes and transformations that they undergo; the uses of different ch",1,B_to_A,Kiến thức môn → dạy môn
36,IAA_chung,http://data.europa.eu/esco/skill/7aff2d0c-790a-47e2-a1c3-206eb0fc74d9__http://data.europa.eu/esco/skill/dff7260b-0879-4d4a-98db-0866c64e08ec,health psychology,"The development, implementations and evaluation of health psychological concepts.",knowledge > sector-specific,psychological concepts,The psychological concepts of health protection and health promotion.,knowledge > cross-sector,"health psychology. The development, implementations and evaluation of health psychological concepts.","health psychology. The development, implementations and evaluation of health psychological concepts. | psychological concepts. The psychological concepts of health protection and health promotion.",3,none,"Hai mục kiến thức gần nhau, chiều nào cũng plausibly"
37,IAA_chung,http://data.europa.eu/esco/skill/47e349cb-b0a8-4877-b368-c30a2ee4668b__http://data.europa.eu/esco/skill/bc203fb5-a8ae-4dab-899c-23cc97dbdb6d,gemstones,"Types of minerals or petrified materials that are cut and polished for use in jewellery, classified according to type, characteristics, and value.",knowledge > cross-sector,grind gemstones,Shape gemstones using equipment such as diamond or silicon carbide wheels to obtain a rough though more regular form called the preform.,skill/competence > sector-specific,"grind gemstones. Shape gemstones using equipment such as diamond or silicon carbide wheels to obtain a rough though more regular form called the preform. | gemstones. Types of minerals or petrified materials that are cut and polished for use in jewellery, classified according to type, characteristics, an",grind gemstones. Shape gemstones using equipment such as diamond or silicon carbide wheels to obtain a rough though more regular form called the preform.,1,A_to_B,Kiến thức đá quý → mài đá quý
38,IAA_chung,http://data.europa.eu/esco/skill/ff82aa43-aef7-40fe-9d0e-2426e95b4417__http://data.europa.eu/esco/skill/13d96098-2ff0-46b8-b326-b7c0e18cc1f1,perform nutrition analysis,Determine and calculate the nutrients of food products from available sources including food labels.,skill/competence > sector-specific,nutrition,"The science that investigates the various substances and nutrients (proteins, carbohydrates, tannins, anthocyanins, vitamins, and minerals) and their interaction in food products.",knowledge > sector-specific,perform nutrition analysis. Determine and calculate the nutrients of food products from available sources including food labels.,"perform nutrition analysis. Determine and calculate the nutrients of food products from available sources including food labels. | nutrition. The science that investigates the various substances and nutrients (proteins, carbohydrates, tannins, anthocyanins, vitamins, and minerals",1,B_to_A,Kiến thức dinh dưỡng → phân tích dinh dưỡng
39,IAA_chung,http://data.europa.eu/esco/skill/e4bf6574-d0d0-4314-a4e0-d54a549e41d8__http://data.europa.eu/esco/skill/01e7dee7-3ff1-4807-acad-058dbed91aba,stay up-to-date with hair style trends,Keep abreast of current and future fashion trends in hair styles.,skill/competence > sector-specific,keep up to date on product knowledge,"Gather the latest information on developments related to the existing or supported products, methods or techniques.",skill/competence > sector-specific,stay up-to-date with hair style trends. Keep abreast of current and future fashion trends in hair styles.,"keep up to date on product knowledge. Gather the latest information on developments related to the existing or supported products, methods or techniques.",0,none,
40,IAA_chung,http://data.europa.eu/esco/skill/3807585e-a35a-4b84-8498-70a63295609a__http://data.europa.eu/esco/skill/d8d261bd-da63-4872-999c-42daef00c9f2,ophthalmology,Ophthalmology is a medical specialty mentioned in the EU Directive 2005/36/EC.,knowledge > sector-specific,make referrals to ophthalmology,"Transfer the care of a patient to the ophthalmology service, the branch of medicine that deals with the anatomy, physiology and diseases of the eye.",skill/competence > occupation-specific,"make referrals to ophthalmology. Transfer the care of a patient to the ophthalmology service, the branch of medicine that deals with the anatomy, physiology and diseases o | ophthalmology. Ophthalmology is a medical specialty mentioned in the EU Directive 2005/36/EC.","make referrals to ophthalmology. Transfer the care of a patient to the ophthalmology service, the branch of medicine that deals with the anatomy, physiology and diseases o",3,none,Chuyển tuyến không đòi hỏi kiến thức chuyên khoa mắt; nhãn gần nhau ≠ tiên quyết
41,IAA_chung,http://data.europa.eu/esco/skill/b5a8e3fe-63b3-4a67-a4c4-dee8f4ff5d1a__http://data.europa.eu/esco/skill/80cf2345-7fd8-4535-8e8d-0279771a03cf,safe work practices in a veterinary setting,"Safe work practices in a veterinary setting in order to identify hazards and associated risks so as to prevent accidents or incidents. This includes injury from animals, zoonotic diseases, chemicals, equipment and working environment.",knowledge > sector-specific,apply safe work practices in a veterinary setting,"Apply safe work practices in a veterinary setting in order to identify hazards and associated risks so as to prevent accidents or incidents. This includes injury from animals, zoonotic diseases, chemicals, equipment and work environments.",skill/competence > sector-specific,apply safe work practices in a veterinary setting. Apply safe work practices in a veterinary setting in order to identify hazards and associated risks so as to prevent accidents or incident | safe work practices in a veterinary setting. Safe work practices in a veterinary setting in order to identify hazards and associated risks so as to prevent accidents or incidents. Thi,apply safe work practices in a veterinary setting. Apply safe work practices in a veterinary setting in order to identify hazards and associated risks so as to prevent accidents or incident,1,A_to_B,Kiến thức → áp dụng cùng nội dung
42,rieng_Thu,http://data.europa.eu/esco/skill/ab1f5998-7ee8-4123-a420-7e96fb8de143__http://data.europa.eu/esco/skill/f672b7a0-698e-45f1-a102-51adeaf89200,develop management plans to reduce risks in aquaculture,"Develop a management plan to reduce the risks from pests, predators and diseases. Supervise implementation of plan, especially disease prevention measures, throughout the aquaculture facility.",skill/competence > sector-specific,develop efficiency plans for logistics operations,Elaborate and implement plans in order to increase efficiency and reduce waste during logistics operations.,skill/competence > sector-specific,"develop management plans to reduce risks in aquaculture. Develop a management plan to reduce the risks from pests, predators and diseases. Supervise implementation of plan, especially disease pre",develop efficiency plans for logistics operations. Elaborate and implement plans in order to increase efficiency and reduce waste during logistics operations.,0,none,
43,IAA_chung,http://data.europa.eu/esco/skill/c08dd4b7-026e-4e24-820a-6f4d812ae208__http://data.europa.eu/esco/skill/d3a2f927-54af-482e-9e98-323a8cb0d77f,blasting abrasives,"The various types and properties of fine, abrasive materials used for abrasive blasting, such as white aluminium oxide, white aluminium oxide, steel grit, silicon carbide, and others.",knowledge > occupation-specific,operate sand blasting cabinet,"Operate an abrasive cabinet using sand and fine blasting abrasives, inside a cabinet containing the abrasive force, to erode and smoothen a rough surface.",skill/competence > cross-sector,"operate sand blasting cabinet. Operate an abrasive cabinet using sand and fine blasting abrasives, inside a cabinet containing the abrasive force, to erode and smoothen a rough surface. | blasting abrasives. The various types and properties of fine, abrasive materials used for abrasive blasting, such as white aluminium oxide, white aluminium ox","operate sand blasting cabinet. Operate an abrasive cabinet using sand and fine blasting abrasives, inside a cabinet containing the abrasive force, to erode and smoothen",1,A_to_B,"Mô tả B nêu ""fine blasting abrasives"""
44,rieng_Thu,http://data.europa.eu/esco/skill/02c1a369-f1e7-4f8e-8882-d7ded57f9cf4__http://data.europa.eu/esco/skill/0de0d575-1112-4f79-9d41-037f1ad18be9,empathise with outdoor groups,Identify the outdoor activities permitted or suited in an outdoor setting based on the group's needs.,skill/competence > sector-specific,deliver sophrology exercises,"Teach sophrology exercises and attend to individual and group sessions, adapting them according to each persons' abilities and needs.",skill/competence > sector-specific,empathise with outdoor groups. Identify the outdoor activities permitted or suited in an outdoor setting based on the group's needs.,"deliver sophrology exercises. Teach sophrology exercises and attend to individual and group sessions, adapting them according to each persons' abilities and needs.",0,none,
45,rieng_Thu,http://data.europa.eu/esco/skill/01e66e1c-97d9-4829-bee1-f3ab649161e8__http://data.europa.eu/esco/skill/b729d6bc-326b-46cd-aa63-ea280024b116,biomedical science,The principles of the natural sciences applied to medicine. Medical sciences such as medical microbiology and clinical virology apply biology principles for medical knowledge and invention.,knowledge > cross-sector,evidence-based nursing care,The nursing principles that require to apply quality decision-making and nursing care based on proven clinical expertise as well as the most recent research developments in the field.,knowledge > occupation-specific,biomedical science. The principles of the natural sciences applied to medicine. Medical sciences such as medical microbiology and clinical virology apply biol,evidence-based nursing care. The nursing principles that require to apply quality decision-making and nursing care based on proven clinical expertise as well as the mo,3,none,Nền tảng khoa học rộng; span không nêu thứ tự
46,rieng_Thu,http://data.europa.eu/esco/skill/ade05884-0e4c-486c-9a0d-e033dd066ffc__http://data.europa.eu/esco/skill/8b09c290-c941-4119-870f-bdafbd78c669,maintain gas mileage records,Keep records of vehicle mileage and fuel consumption.,skill/competence > occupation-specific,operate oxy-fuel cutting torch,Operate a cutting torch fueled by oxyacetylene gas safely to perform cutting processes on a workpiece.,skill/competence > cross-sector,maintain gas mileage records. Keep records of vehicle mileage and fuel consumption.,operate oxy-fuel cutting torch. Operate a cutting torch fueled by oxyacetylene gas safely to perform cutting processes on a workpiece.,0,none,
47,IAA_chung,http://data.europa.eu/esco/skill/53456d90-8c0d-4bd2-9f1b-312619b6e2a6__http://data.europa.eu/esco/skill/52b38e90-3d05-4042-a9e2-d19dec8dd7c1,hardware testing methods,"Those processes in which hardware components or systems are tested, such as the system test (ST), the ongoing reliability test (ORT), and the in-circuit test (ICT).",knowledge > cross-sector,test hardware,"Test computer hardware systems and components using appropriate equipment and testing methods, such as the system test (ST), the ongoing reliability test (ORT), and the in-circuit test (ICT). Monitor and evaluate system performance and take action if needed.",skill/competence > cross-sector,"hardware testing methods. Those processes in which hardware components or systems are tested, such as the system test (ST), the ongoing reliability test (ORT), and","test hardware. Test computer hardware systems and components using appropriate equipment and testing methods, such as the system test (ST), the ongoing r",1,A_to_B,Mô tả B nêu đúng các phương pháp ST/ORT/ICT của A
48,rieng_Thu,http://data.europa.eu/esco/skill/64c813d6-f73a-4f55-8154-8fef4ef54ec7__http://data.europa.eu/esco/skill/e4c5a9f8-72f8-4282-aefa-0fa924cb3db6,inform customers of activity changes,"Brief customers about changes, delays or cancellations of planned activities.",skill/competence > cross-sector,inform on the risks of substance and alcohol abuse,Provide information in the community about the risks and dangers of substance and alcohol abuse.,skill/competence > sector-specific,"inform customers of activity changes. Brief customers about changes, delays or cancellations of planned activities.",inform on the risks of substance and alcohol abuse. Provide information in the community about the risks and dangers of substance and alcohol abuse.,0,none,
49,rieng_Thu,http://data.europa.eu/esco/skill/04666ae0-ad33-41b2-8977-7121583799d3__http://data.europa.eu/esco/skill/880a8964-a257-4763-b0f5-e0d09d8a0cae,place orders for orthopedic products,Order specialised orthopaedic materials and supplies for the store; maintain the company stock.,skill/competence > sector-specific,maintain inventory of pesticides,Keep track of the remaining supplies in order to ensure continuity and availability of the necessary pesticides.,skill/competence > sector-specific,place orders for orthopedic products. Order specialised orthopaedic materials and supplies for the store; maintain the company stock.,maintain inventory of pesticides. Keep track of the remaining supplies in order to ensure continuity and availability of the necessary pesticides.,0,none,
50,IAA_chung,http://data.europa.eu/esco/skill/daa52226-7795-48ff-aa3e-ad3189d9aa61__http://data.europa.eu/esco/skill/02e0b3e9-c9e0-4063-983b-b5a7697e0f78,tabulate survey results,Collate and organise the answers gathered in interviews or polls in order to be analysed and draw conclusions from them.,skill/competence > cross-sector,keep records of bridge investigation findings,Register the results of bridge investigations and send them to the appropriate authorities.,skill/competence > sector-specific,tabulate survey results. Collate and organise the answers gathered in interviews or polls in order to be analysed and draw conclusions from them.,keep records of bridge investigation findings. Register the results of bridge investigations and send them to the appropriate authorities.,0,none,
51,IAA_chung,http://data.europa.eu/esco/skill/01e5d2e2-d368-4fb9-9be9-9923146482c4__http://data.europa.eu/esco/skill/e17d2415-e79f-4907-908e-5511b515fa3c,attend to detail in casting processes,Attend in the metal processing casting work to specificities and details concerning the quality of the casting and moulds.,skill/competence > sector-specific,casting processes,"The various practices used in the casting of metal, plastics and other cast materials, including mould filling, solidification, cooling, and others, all relating to varying approaches in case of different types of material.",knowledge > sector-specific,attend to detail in casting processes. Attend in the metal processing casting work to specificities and details concerning the quality of the casting and moulds.,"attend to detail in casting processes. Attend in the metal processing casting work to specificities and details concerning the quality of the casting and moulds. | casting processes. The various practices used in the casting of metal, plastics and other cast materials, including mould filling, solidification, cooling, a",1,B_to_A,Kiến thức quy trình đúc → chú ý chi tiết khi đúc
52,rieng_Thu,http://data.europa.eu/esco/skill/3fb9481f-2be7-4912-bf65-db1368fd2197__http://data.europa.eu/esco/skill/df2ca54a-8d9a-491f-8016-67e362c3497f,attach clockwork,"Install clockwork or module in clocks or watches. The clockwork includes all mechanisms, movements, motors, and wheel work present in clocks and watches. In mechanical timepieces, in which clockwork movements are made of several moving parts, the clockwork is called caliber or clock movement. In electronic or quartz timepieces, the term module is more commonly applied.",skill/competence > sector-specific,attach clock dials,Attach dials or clock faces to clocks or watches.,skill/competence > sector-specific,"attach clockwork. Install clockwork or module in clocks or watches. The clockwork includes all mechanisms, movements, motors, and wheel work present in cloc",attach clock dials. Attach dials or clock faces to clocks or watches.,0,none,"Thứ tự lắp ráp sản phẩm, không phải thứ tự học"
53,rieng_Thu,http://data.europa.eu/esco/skill/03305638-bd08-410a-a960-f963ad89cce6__http://data.europa.eu/esco/skill/9f00e8aa-406e-42f3-bff4-f175288bf7f1,tend electron beam welding machine,"Tend a metalworking machine designed to join metal pieces by use of an electron beam exuding a concentrated heat source, monitor and operate it according to regulations.",skill/competence > sector-specific,tend hot extrusion machine,"Tend an extrusion machine designed for forming hot metal whilst right above its recrystallisation temperature, monitor and operate it, according to regulations.",skill/competence > occupation-specific,"tend electron beam welding machine. Tend a metalworking machine designed to join metal pieces by use of an electron beam exuding a concentrated heat source, monitor and opera","tend hot extrusion machine. Tend an extrusion machine designed for forming hot metal whilst right above its recrystallisation temperature, monitor and operate it, acc",0,none,
54,rieng_Thu,http://data.europa.eu/esco/skill/a3165ce4-da28-4221-951b-efe1e64e468e__http://data.europa.eu/esco/skill/5e682b6e-1957-4146-9c05-2e2590760757,specialise in a musical genre,Specialise in a specific type or style of music.,skill/competence > sector-specific,orchestrate music,Assign lines of music to different musical instruments and/or voices to be played together.,skill/competence > sector-specific,specialise in a musical genre. Specialise in a specific type or style of music.,orchestrate music. Assign lines of music to different musical instruments and/or voices to be played together.,0,none,
55,IAA_chung,http://data.europa.eu/esco/skill/a6072748-19d1-4b07-b883-06306c485408__http://data.europa.eu/esco/skill/04666ae0-ad33-41b2-8977-7121583799d3,place orders for textile materials,Select and purchase fabrics and textile products in accordance to stock availability.,skill/competence > sector-specific,place orders for orthopedic products,Order specialised orthopaedic materials and supplies for the store; maintain the company stock.,skill/competence > sector-specific,place orders for textile materials. Select and purchase fabrics and textile products in accordance to stock availability.,place orders for orthopedic products. Order specialised orthopaedic materials and supplies for the store; maintain the company stock.,0,none,
56,IAA_chung,http://data.europa.eu/esco/skill/7e2f6f05-d6ef-45f3-a33c-5d6d0b07e1cf__http://data.europa.eu/esco/skill/00e895f4-b9d3-4a1a-8c36-baf10fbfb982,alter wearing apparel,Alter wearing apparel repairing or adjusting it to the clients/manufacturing specifications. Perform altering by hand or using equipment.,skill/competence > sector-specific,manufacture wearing apparel products,"Manufacture either mass-product or bespoke wearing apparels of various types, assembling and joining together wearing apparel components using processes such as sewing, gluing, bonding. Assemble wearing apparel components using stitches, seams such as collars, sleeves, top fronts, top backs, pockets.",skill/competence > sector-specific,alter wearing apparel. Alter wearing apparel repairing or adjusting it to the clients/manufacturing specifications. Perform altering by hand or using equipment.,"manufacture wearing apparel products. Manufacture either mass-product or bespoke wearing apparels of various types, assembling and joining together wearing apparel components u",3,none,Kỹ năng may có thể hỗ trợ sửa đồ nhưng không bắt buộc; không có span thứ tự
57,IAA_chung,http://data.europa.eu/esco/skill/a448126c-69a1-45a2-bd76-a8eafd86f9c5__http://data.europa.eu/esco/skill/59fe85c4-8202-46ac-b6a5-e28ea25d1848,forecast dividend trends,"Forecast the payouts corporations make to their shareholders in the long term, taking into account prior dividends, the corporation's financial health and stability, stock market trends, and shareholders' reactions to those trends.",skill/competence > cross-sector,forecast account metrics,Make predictions on the movement of account measurements and data which give insight into an organisation's financial state in order to aid analyses and evaluate potential risks.,skill/competence > cross-sector,"forecast dividend trends. Forecast the payouts corporations make to their shareholders in the long term, taking into account prior dividends, the corporation's fina",forecast account metrics. Make predictions on the movement of account measurements and data which give insight into an organisation's financial state in order to ai,0,none,
58,rieng_Thu,http://data.europa.eu/esco/skill/cb4c6d77-0444-49f9-9264-39fc4585bc0e__http://data.europa.eu/esco/skill/d669af41-756c-48d9-a286-1443253f54b1,prepare government funding dossiers,Prepare dossiers to request government funding.,skill/competence > cross-sector,tax legislation,"Tax legislation applicable to a specific area of specialisation, such as import tax, government tax, etc.",knowledge > cross-sector,prepare government funding dossiers. Prepare dossiers to request government funding.,"tax legislation. Tax legislation applicable to a specific area of specialisation, such as import tax, government tax, etc.",0,none,
59,IAA_chung,http://data.europa.eu/esco/skill/037c8da7-6a0d-42b8-b979-c4abe7c92d48__http://data.europa.eu/esco/skill/787b82e0-382b-4f1e-b9f3-56f419fbb1cb,schedule maintenance of airport electrical systems,Schedule maintenance for each individual element of an airport electrical system. Set the frequency for maintenance of the different elements while monitoring overall airport operations.,skill/competence > occupation-specific,airport electrical systems,"The different elements that comprise airport electrical systems, such as air navigation equipment, electronic landing aids, radars, and meteorological services, and the function and operation of each of these elements.",knowledge > sector-specific,schedule maintenance of airport electrical systems. Schedule maintenance for each individual element of an airport electrical system. Set the frequency for maintenance of the different eleme,"schedule maintenance of airport electrical systems. Schedule maintenance for each individual element of an airport electrical system. Set the frequency for maintenance of the different eleme | airport electrical systems. The different elements that comprise airport electrical systems, such as air navigation equipment, electronic landing aids, radars, and me",1,B_to_A,Phải biết các thành phần hệ thống điện sân bay để lên lịch bảo trì
60,rieng_Thu,http://data.europa.eu/esco/skill/01e7dee7-3ff1-4807-acad-058dbed91aba__http://data.europa.eu/esco/skill/7a34b3d9-bd3b-4f4e-a0f6-f97439901cb7,keep up to date on product knowledge,"Gather the latest information on developments related to the existing or supported products, methods or techniques.",skill/competence > sector-specific,apply scientific methods,"Apply scientific methods and techniques to investigate phenomena, by acquiring new knowledge or correcting and integrating previous knowledge.",skill/competence > cross-sector,"keep up to date on product knowledge. Gather the latest information on developments related to the existing or supported products, methods or techniques.","apply scientific methods. Apply scientific methods and techniques to investigate phenomena, by acquiring new knowledge or correcting and integrating previous knowle",0,none,
61,IAA_chung,http://data.europa.eu/esco/skill/055ff233-6569-43db-9f95-a4b03dca97da__http://data.europa.eu/esco/skill/020918ef-4b55-47c1-8430-ab7b8f6a7377,operate warehouse record systems,"Operate systems for recording product, packaging, and order information in specific formats and types of record.",skill/competence > sector-specific,migrate existing data,"Apply migration and conversion methods for existing data, in order to transfer or convert data between formats, storage or computer systems.",skill/competence > sector-specific,"operate warehouse record systems. Operate systems for recording product, packaging, and order information in specific formats and types of record.","migrate existing data. Apply migration and conversion methods for existing data, in order to transfer or convert data between formats, storage or computer system",0,none,
62,rieng_Thu,http://data.europa.eu/esco/skill/0f2cb38a-6e97-4f49-80f7-1da9e5835ed0__http://data.europa.eu/esco/skill/01e5d2e2-d368-4fb9-9be9-9923146482c4,buffing motions,"The different processes, or motions, used in polishing, depending on the desired end result concerning the level of smoothness and shininess of the metal workpiece: cut motion or colour motion.",knowledge > cross-sector,attend to detail in casting processes,Attend in the metal processing casting work to specificities and details concerning the quality of the casting and moulds.,skill/competence > sector-specific,"buffing motions. The different processes, or motions, used in polishing, depending on the desired end result concerning the level of smoothness and shinine",attend to detail in casting processes. Attend in the metal processing casting work to specificities and details concerning the quality of the casting and moulds.,0,none,
63,rieng_Thu,http://data.europa.eu/esco/skill/b3444d1c-a325-4b5c-a997-2f467b15641a__http://data.europa.eu/esco/skill/e6262391-ffda-4b8e-9f5c-89cf1a0e7384,advise  customers on audiovisual equipment installation,Explain and demonstrate to customers installation procedures of TV sets and audio equipment.,skill/competence > sector-specific,audiovisual equipment,The characteristics and usage of different tools that stimulate the sight and audio senses.,knowledge > sector-specific,advise  customers on audiovisual equipment installation. Explain and demonstrate to customers installation procedures of TV sets and audio equipment.,advise  customers on audiovisual equipment installation. Explain and demonstrate to customers installation procedures of TV sets and audio equipment. | audiovisual equipment. The characteristics and usage of different tools that stimulate the sight and audio senses.,1,B_to_A,Kiến thức thiết bị nghe nhìn → tư vấn lắp đặt
64,IAA_chung,http://data.europa.eu/esco/skill/86c6e967-2e4f-4bfe-9fe6-abf1c40d8cbc__http://data.europa.eu/esco/skill/b387bca8-0f61-4548-b41c-2fe6887d1534,comply with air traffic control operations,Act in compliance with instruction provided by air traffic controllers.,skill/competence > sector-specific,air traffic control operations,"The procedures for organising air traffic, preventing collisions and ensuring smooth operations during flights, and the tasks performed by air traffic controllers, including Interaction and effective communication between aircraft and air traffic controllers.",knowledge > sector-specific,comply with air traffic control operations. Act in compliance with instruction provided by air traffic controllers.,"comply with air traffic control operations. Act in compliance with instruction provided by air traffic controllers. | air traffic control operations. The procedures for organising air traffic, preventing collisions and ensuring smooth operations during flights, and the tasks performed by",1,B_to_A,Kiến thức quy trình ATC → tuân thủ chỉ dẫn ATC
65,rieng_Thu,http://data.europa.eu/esco/skill/56d88178-99d4-400d-9415-d700ce6a29f3__http://data.europa.eu/esco/skill/1b61166d-0495-4f16-aff0-f564d3a8afb3,high-performance liquid chromatography,Analytic chemistry technique used to identify and quantify the components of a mixture.,knowledge > sector-specific,analytical chemistry,"Instruments and methods used to separate, identify and quantify matter-the chemical components of natural and artificial materials and solutions.",knowledge > cross-sector,high-performance liquid chromatography. Analytic chemistry technique used to identify and quantify the components of a mixture.,"analytical chemistry. Instruments and methods used to separate, identify and quantify matter-the chemical components of natural and artificial materials and sol",1,B_to_A,Tổng quát → chuyên biệt: HPLC là một kỹ thuật của hóa phân tích
66,rieng_Thu,http://data.europa.eu/esco/skill/5a676421-d33a-490f-8043-4f81224d3f47__http://data.europa.eu/esco/skill/731101d9-94bc-4805-bff4-9578d1bf03b5,provide learning support,Provide the necessary support to students with general learning difficulties in literacy and numeracy to facilitate learning by assessing the learner’s development needs and preferences. Design formal and informal outcomes of learning and deliver materials that facilitate learning and development.,skill/competence > sector-specific,learning difficulties,"The learning disorders some students face in an academic context, especially Specific Learning Difficulties such as dyslexia, dyscalculia, and concentration deficit disorders.",knowledge > cross-sector,provide learning support. Provide the necessary support to students with general learning difficulties in literacy and numeracy to facilitate learning by assessing,"provide learning support. Provide the necessary support to students with general learning difficulties in literacy and numeracy to facilitate learning by assessing the learner’s development needs and preferences. Design formal and informal ou | learning difficulties. The learning disorders some students face in an academic context, especially Specific Learning Difficulties such as dyslexia, dyscalculia, | lties. The learning disorders some students face in an academic context, especially Specific Learning Difficulties such as dyslexia, dyscalculia, and concentration deficit disorders.",1,B_to_A,Kiến thức khó khăn học tập → hỗ trợ học tập
67,IAA_chung,http://data.europa.eu/esco/skill/8ed53702-3e4e-4637-a4c3-9dc8f4281019__http://data.europa.eu/esco/skill/05fd5f15-5bde-472d-9e1c-5aaa4f59c2a8,install construction profiles,Install a variety of metal or plastic profiles used to attach materials to each other or to structural elements. Cut them to size if called for.,skill/competence > sector-specific,crimping,The joining of two pieces of metal together by deforming one or both so they fit into each other.,knowledge > cross-sector,install construction profiles. Install a variety of metal or plastic profiles used to attach materials to each other or to structural elements. Cut them to size if calle,crimping. The joining of two pieces of metal together by deforming one or both so they fit into each other.,0,none,
68,rieng_Thu,http://data.europa.eu/esco/skill/a3165ce4-da28-4221-951b-efe1e64e468e__http://data.europa.eu/esco/skill/6339a2d3-0c34-4156-b202-5929764fb720,specialise in a musical genre,Specialise in a specific type or style of music.,skill/competence > sector-specific,musical notation,"The systems used to visually represent music through the use of written symbols, including ancient or modern musical symbols.",knowledge > cross-sector,specialise in a musical genre. Specialise in a specific type or style of music.,"musical notation. The systems used to visually represent music through the use of written symbols, including ancient or modern musical symbols.",3,none,Ký âm hữu ích nhưng không bắt buộc để chuyên sâu một thể loại
69,rieng_Thu,http://data.europa.eu/esco/skill/01e66e1c-97d9-4829-bee1-f3ab649161e8__http://data.europa.eu/esco/skill/fbb8f1a7-c8b5-4722-92c4-814836b86934,biomedical science,The principles of the natural sciences applied to medicine. Medical sciences such as medical microbiology and clinical virology apply biology principles for medical knowledge and invention.,knowledge > cross-sector,emergency medicine,Emergency medicine is a medical specialty mentioned in the EU Directive 2005/36/EC.,knowledge > sector-specific,biomedical science. The principles of the natural sciences applied to medicine. Medical sciences such as medical microbiology and clinical virology apply biol,emergency medicine. Emergency medicine is a medical specialty mentioned in the EU Directive 2005/36/EC.,3,none,Cặp ngược của hàng 8; có thể 2 (A_to_B) nhưng span không nêu
70,rieng_Thu,http://data.europa.eu/esco/skill/fecf8a0d-62c4-4e71-9b03-0f4fc2ad7bf5__http://data.europa.eu/esco/skill/020918ef-4b55-47c1-8430-ab7b8f6a7377,data models,"The techniques and existing systems used for structuring data elements and showing relationships between them, as well as methods for interpreting the data structures and relationships.",knowledge > sector-specific,migrate existing data,"Apply migration and conversion methods for existing data, in order to transfer or convert data between formats, storage or computer systems.",skill/competence > sector-specific,"data models. The techniques and existing systems used for structuring data elements and showing relationships between them, as well as methods for inte","migrate existing data. Apply migration and conversion methods for existing data, in order to transfer or convert data between formats, storage or computer system",3,none,"Hiểu mô hình dữ liệu hỗ trợ di chuyển dữ liệu, nhưng span không xác nhận"
71,IAA_chung,http://data.europa.eu/esco/skill/ad6df7dc-b78a-413f-a10d-da929d7a9225__http://data.europa.eu/esco/skill/c1bbc099-92c5-493c-9f65-8d7acfce5851,manufacture prepared meals,"Apply processes and procedures and use technologies to manufacture prepared meals and dishes such as pasta based, meat based, and specialties.",skill/competence > occupation-specific,prepared meals,"The industry of prepared meals and dishes, the manufacuring processes, the technology required for manufacturing, and the market that it targets.",knowledge > sector-specific,"manufacture prepared meals. Apply processes and procedures and use technologies to manufacture prepared meals and dishes such as pasta based, meat based, and specialt","manufacture prepared meals. Apply processes and procedures and use technologies to manufacture prepared meals and dishes such as pasta based, meat based, and specialt | nufacture prepared meals. Apply processes and procedures and use technologies to manufacture prepared meals and dishes such as pasta based, meat based, and specialties. | prepared meals. The industry of prepared meals and dishes, the manufacuring processes, the technology required for manufacturing, and the market that it t",1,B_to_A,Kiến thức ngành/quy trình suất ăn chế biến sẵn → sản xuất
72,rieng_Thu,http://data.europa.eu/esco/skill/88232a01-699b-4041-85bb-8ab7bc54bc21__http://data.europa.eu/esco/skill/b4cbf8ca-4f21-4151-8f54-8032fbac70bb,apply for library funding,Compose proposals for new research or project grants.,skill/competence > sector-specific,advertise an art collection,"Write catalogues, research documents, articles, reports, policies, standards and project grant proposals.",skill/competence > sector-specific,apply for library funding. Compose proposals for new research or project grants.,"advertise an art collection. Write catalogues, research documents, articles, reports, policies, standards and project grant proposals.",0,none,
73,rieng_Thu,http://data.europa.eu/esco/skill/00cd1d60-782f-48e7-9a7b-b518f2b146b8__http://data.europa.eu/esco/skill/b1f71b18-4ccb-4334-bdd7-32b60c2aa272,produce guitar components,"Choose the appropriate tonewood, materials and tools, and build the different guitar components such as the sound board, fretboard, headstock, neck and bridge.",skill/competence > sector-specific,install machinery,"Build the pre-assembled components of a machine on site, adjust it according to specifications and put it into operation.",skill/competence > cross-sector,"produce guitar components. Choose the appropriate tonewood, materials and tools, and build the different guitar components such as the sound board, fretboard, headst","install machinery. Build the pre-assembled components of a machine on site, adjust it according to specifications and put it into operation.",0,none,
74,IAA_chung,http://data.europa.eu/esco/skill/7f67f82e-73c5-4dc0-b506-8e0b1a84f614__http://data.europa.eu/esco/skill/477034ef-132e-467a-94af-30d017fefd26,bind wire,"Bind cables or wire together using cable ties, conduit, cable lacing, sleeves, spot ties, cable clamps, or straps.",skill/competence > cross-sector,wire control panel,"Strip the wire ends to ensure proper connections and attach wires to the components on the control panel. Pay attention to the wire label, colour, and size. Organise the wire by using a wire duct or cable tie.",skill/competence > occupation-specific,"bind wire. Bind cables or wire together using cable ties, conduit, cable lacing, sleeves, spot ties, cable clamps, or straps.","wire control panel. Strip the wire ends to ensure proper connections and attach wires to the components on the control panel. Pay attention to the wire label,",0,none,
75,IAA_chung,http://data.europa.eu/esco/skill/377861af-f966-4c87-a2db-7e99904312b9__http://data.europa.eu/esco/skill/4f6b656a-54d0-48ce-9b55-ebcac5904a14,geographic information systems,"The tools involved in geographical mapping and positioning, such as GPS (global positioning systems), GIS (geographical information systems), and RS (remote sensing).",knowledge > sector-specific,handle geospatial technologies,"Can use Geospatial Technologies which involve GPS (global positioning systems), GIS (geographical information systems), and RS (remote sensing) in the daily work.",skill/competence > sector-specific,"geographic information systems. The tools involved in geographical mapping and positioning, such as GPS (global positioning systems), GIS (geographical information system","handle geospatial technologies. Can use Geospatial Technologies which involve GPS (global positioning systems), GIS (geographical information systems), and RS (remote sen",1,A_to_B,Kiến thức GPS/GIS/RS → sử dụng công nghệ không gian (cùng đối tượng)
76,IAA_chung,http://data.europa.eu/esco/skill/ca2a7a85-43cf-43c0-b703-f18fed7dfba5__http://data.europa.eu/esco/skill/e2b9bc47-7bef-4dde-a129-7becc64c6d2f,husbandry and harvesting effects on aquatic resources,"The effects on aquatic resources, fish, mollusks and crustaceans of husbandry and harvesting activities.",knowledge > sector-specific,rear food fish,Spawn and rear food fish or exotic fish for commercial use.,skill/competence > occupation-specific,"husbandry and harvesting effects on aquatic resources. The effects on aquatic resources, fish, mollusks and crustaceans of husbandry and harvesting activities.",rear food fish. Spawn and rear food fish or exotic fish for commercial use.,3,none,Kiến thức tác động có liên quan nhưng không rõ là tiên quyết để nuôi cá
77,IAA_chung,http://data.europa.eu/esco/skill/0476ca2b-f84e-4657-95b1-ad80bc48d002__http://data.europa.eu/esco/skill/8af80013-01db-404b-941b-03bed901dc37,emboss designs,"Instead of raising a design (embossing) this process recesses the design, forcing the material down from the surface. It produces a different effect or appearance on the material.",skill/competence > sector-specific,cut ornamental design,"Cut decorative designs from a work piece of various materials, such as metal or wood, using hand tools or semi-automatic equipment.",skill/competence > occupation-specific,"emboss designs. Instead of raising a design (embossing) this process recesses the design, forcing the material down from the surface. It produces a differ","cut ornamental design. Cut decorative designs from a work piece of various materials, such as metal or wood, using hand tools or semi-automatic equipment.",0,none,
78,rieng_Thu,http://data.europa.eu/esco/skill/822e7177-9868-43b7-a31c-9bea1e8a57ec__http://data.europa.eu/esco/skill/5f95f9c9-30ee-4735-ab63-8045ec8f78f8,diagnose fuel systems,Diagnose and repair fuel systems on agricultural equipment.,skill/competence > occupation-specific,agricultural equipment,"The offered agricultural machinery and equipment products, their functionalities, properties and legal and regulatory requirements.",knowledge > sector-specific,diagnose fuel systems. Diagnose and repair fuel systems on agricultural equipment.,"diagnose fuel systems. Diagnose and repair fuel systems on agricultural equipment. | agricultural equipment. The offered agricultural machinery and equipment products, their functionalities, properties and legal and regulatory requirements.",3,none,Mô tả B thiên về sản phẩm/thương mại; không rõ là tiên quyết cho chẩn đoán hệ nhiên liệu
79,IAA_chung,http://data.europa.eu/esco/skill/7575fca1-24b3-4844-a82a-90fe73029a70__http://data.europa.eu/esco/skill/df2ca54a-8d9a-491f-8016-67e362c3497f,attach clock cases,Attach clock or watch case to enclose and protect the clockwork or module.,skill/competence > sector-specific,attach clock dials,Attach dials or clock faces to clocks or watches.,skill/competence > sector-specific,attach clock cases. Attach clock or watch case to enclose and protect the clockwork or module.,attach clock dials. Attach dials or clock faces to clocks or watches.,0,none,"Thứ tự lắp ráp, không phải thứ tự học"
80,IAA_chung,http://data.europa.eu/esco/skill/c31db791-e28e-4331-81a4-ddceb51d43f6__http://data.europa.eu/esco/skill/80ffa169-a3ff-47a8-9be1-7731ba543739,design medical supportive devices,"Compose, create and evaluate orthopaedic and prosthetic devices after consulting with physicians, examining and measuring the patient in order to determine the size of the artificial limb.",skill/competence > occupation-specific,prosthetic devices,"The various artificial replacements of body parts or limbs, which were lost during a trauma, disease or an accident.",knowledge > sector-specific,"design medical supportive devices. Compose, create and evaluate orthopaedic and prosthetic devices after consulting with physicians, examining and measuring the patient in o","design medical supportive devices. Compose, create and evaluate orthopaedic and prosthetic devices after consulting with physicians, examining and measuring the patient in order to determine the size of the artificial limb. | prosthetic devices. The various artificial replacements of body parts or limbs, which were lost during a trauma, disease or an accident.",1,B_to_A,Kiến thức thiết bị giả → thiết kế thiết bị hỗ trợ
81,rieng_Thu,http://data.europa.eu/esco/skill/b4db6d7b-a957-4546-a7dc-2be59601ae60__http://data.europa.eu/esco/skill/757975be-2f9d-4b7b-ab82-cd5974491e0a,tend compression moulding machine,"Tend the compression machine used to mould plastic and other powder products such as copper, graphite or carbon.",skill/competence > occupation-specific,tend wire drawing machine,"Tend a drawing machine designed for forming cold or hot metal into wire, monitor and operate it, according to regulations.",skill/competence > sector-specific,"tend compression moulding machine. Tend the compression machine used to mould plastic and other powder products such as copper, graphite or carbon.","tend wire drawing machine. Tend a drawing machine designed for forming cold or hot metal into wire, monitor and operate it, according to regulations.",0,none,
82,IAA_chung,http://data.europa.eu/esco/skill/7026efae-abe1-4547-b0cf-5bf55f41ab85__http://data.europa.eu/esco/skill/550f0643-9756-4b27-a18a-aa04bb823e3f,collect live fish,Gather fish using techniques which minimise the stress caused to fish and avoid fish escapes occurring.,skill/competence > sector-specific,perform fish grading operations,"Gather live fish using techniques which minimise the stress caused to fish and avoid fish escapes occurring. Grade them manually or using equipment. Report on the grading operation, ensuring compliance with specifications.",skill/competence > sector-specific,collect live fish. Gather fish using techniques which minimise the stress caused to fish and avoid fish escapes occurring.,perform fish grading operations. Gather live fish using techniques which minimise the stress caused to fish and avoid fish escapes occurring. Grade them manually or using,1,A_to_B,"Mô tả B bao gồm nguyên văn bước của A (""Gather live fish..."") rồi mới phân loại"
83,rieng_Thu,http://data.europa.eu/esco/skill/01e7dee7-3ff1-4807-acad-058dbed91aba__http://data.europa.eu/esco/skill/812b8819-9b7a-4df9-9c9f-1b60888d0861,keep up to date on product knowledge,"Gather the latest information on developments related to the existing or supported products, methods or techniques.",skill/competence > sector-specific,e-tailoring,The business model using softwares and technical applications in order to gather the information of clients for the manufacturing of bespoke products.,knowledge > sector-specific,"keep up to date on product knowledge. Gather the latest information on developments related to the existing or supported products, methods or techniques.",e-tailoring. The business model using softwares and technical applications in order to gather the information of clients for the manufacturing of bespo,0,none,
84,IAA_chung,http://data.europa.eu/esco/skill/a501695e-a054-409c-9456-75678b795245__http://data.europa.eu/esco/skill/05d529f7-a76a-4d45-b681-5e03eb505845,thoracic surgery,Thoracic surgery is a medical specialty mentioned in the EU Directive 2005/36/EC.,knowledge > sector-specific,operate patients with thoracic diseases,"Perform thoracic surgery on patients with diseases such as lung cancer, severe emphysema, cancer of the oesophagus, gastroesophageal reflux disease, hiatal hernias, swallowing disorders such as achalasia, and excess sweating, usually of the upper extremity called hyperhydrosis.",skill/competence > sector-specific,"operate patients with thoracic diseases. Perform thoracic surgery on patients with diseases such as lung cancer, severe emphysema, cancer of the oesophagus, gastroesophageal reflux disease, hiatal hernias, | thoracic surgery. Thoracic surgery is a medical specialty mentioned in the EU Directive 2005/36/EC.","operate patients with thoracic diseases. Perform thoracic surgery on patients with diseases such as lung cancer, severe emphysema, cancer of the oesophagus, gastroesophageal reflu",1,A_to_B,"Mô tả B: ""Perform thoracic surgery"""
85,IAA_chung,http://data.europa.eu/esco/skill/7da0b396-34d7-4714-ada4-78d222e515a0__http://data.europa.eu/esco/skill/03d93b02-a461-4815-a4c0-b46451afc1c2,immigration law,The regulations to follow to ensure compliance during investigations or advice in immigration cases and file handling.,knowledge > cross-sector,manage claim files,"Follow up on the progress of a claim file, keep all parties informed of the status of the file, ensure the customer receives the damages owed, treat any problems or complaints from customers, close the file and give information to an authorised person or department when there is suspicion of fraud.",skill/competence > sector-specific,immigration law. The regulations to follow to ensure compliance during investigations or advice in immigration cases and file handling.,"manage claim files. Follow up on the progress of a claim file, keep all parties informed of the status of the file, ensure the customer receives the damages o",0,none,
86,rieng_Thu,http://data.europa.eu/esco/skill/19c0e68e-6e6c-4698-85dc-ef66a9de2c37__http://data.europa.eu/esco/skill/03ff0d53-573a-47a0-a0ad-1995815a4339,maintain information network hardware,"Assess the functionality and identify faults in the infrastructure of an information network, perform routine maintenance tasks which prevent failure and repair tasks in order to ensure permanent availability to system users.",skill/competence > cross-sector,information structure,"The type of infrastructure which defines the format of data: semi-structured, unstructured and structured.",knowledge > sector-specific,"maintain information network hardware. Assess the functionality and identify faults in the infrastructure of an information network, perform routine maintenance tasks which prev","information structure. The type of infrastructure which defines the format of data: semi-structured, unstructured and structured.",0,none,
87,rieng_Thu,http://data.europa.eu/esco/skill/d39f380c-a900-4bbd-8685-babd806f1abc__http://data.europa.eu/esco/skill/b020c5a0-c4c0-4587-a8c4-43aaa532ab34,maintain high quality of calls,Establish high quality standards and instructions for calls.,skill/competence > sector-specific,dispatch emergency personnel,Alert and dispatch rescue personnel to emergency calls and critical alarms.,skill/competence > occupation-specific,maintain high quality of calls. Establish high quality standards and instructions for calls.,dispatch emergency personnel. Alert and dispatch rescue personnel to emergency calls and critical alarms.,0,none,
88,rieng_Thu,http://data.europa.eu/esco/skill/03f922b0-d518-457d-8f2c-80252a714be1__http://data.europa.eu/esco/skill/de131ede-cbfe-4e34-aff4-96f16831c3c4,criminology,"The study of criminal behaviour, such as its causes and nature, its consequences, and control and prevention methods.",knowledge > cross-sector,report pollution incidents,"When an incident causes pollution, examine the extent of the damage and what the consequences could be and report it relevant institution following pollution reporting procedures.",skill/competence > sector-specific,"criminology. The study of criminal behaviour, such as its causes and nature, its consequences, and control and prevention methods.","report pollution incidents. When an incident causes pollution, examine the extent of the damage and what the consequences could be and report it relevant institution",0,none,
89,IAA_chung,http://data.europa.eu/esco/skill/012795fe-5f85-4d12-a10e-9dabda4ea05f__http://data.europa.eu/esco/skill/4efae845-a71a-4b10-a245-f996394cccf4,repair electric bicycles,"Inspect the functioning of the electrical components, wiring, and fuses. Check for damage and malfunctions and determine the cause. Dismantle and repair bicycle components, such as add-on drives, switching systems, power supply systems and lightning systems. Adjust mechanical and electronic switchgear, drives, brake systems and chassis components. Check the bicycle's operating fluids and see if it needs refills or changes.",skill/competence > occupation-specific,address aircraft mechanical issues,"Identify and resolve mechanical issues which arise during flight. Identify malfunctions in fuel gauges, pressure indicators and other electrical, mechanical or hydraulic components.",skill/competence > sector-specific,"repair electric bicycles. Inspect the functioning of the electrical components, wiring, and fuses. Check for damage and malfunctions and determine the cause. Disman","address aircraft mechanical issues. Identify and resolve mechanical issues which arise during flight. Identify malfunctions in fuel gauges, pressure indicators and other elec",0,none,
90,rieng_Thu,http://data.europa.eu/esco/skill/a3165ce4-da28-4221-951b-efe1e64e468e__http://data.europa.eu/esco/skill/8982fa08-51a2-4436-b23b-c35332577113,specialise in a musical genre,Specialise in a specific type or style of music.,skill/competence > sector-specific,advise on music pedagogy,"Provide advice and share experiences concerning musical practices,  methods and principles of music instruction such as composing, performing and teaching music.",skill/competence > sector-specific,specialise in a musical genre. Specialise in a specific type or style of music.,"advise on music pedagogy. Provide advice and share experiences concerning musical practices,  methods and principles of music instruction such as composing, perform",0,none,
91,rieng_Thu,http://data.europa.eu/esco/skill/d09e253e-6984-46ab-badd-f96dc5a2eb52__http://data.europa.eu/esco/skill/d5ce57eb-3ec8-429b-9837-1cbd3aa0ec9a,check diving equipment,"Check diving equipment for valid certification to ensure its suitability. Ensure that any diving equipment is examined by a competent person before use, at least once on each day on which it is to be used. Ensure that it is adequately tested and repaired.",skill/competence > sector-specific,diving equipment,"Equipment used for a dive, including wetsuits and drysuits, helmets, scuba equipment and any umbilical equipment which provides the connection with the surface.",knowledge > cross-sector,"check diving equipment. Check diving equipment for valid certification to ensure its suitability. Ensure that any diving equipment is examined by a competent person before use, at least","check diving equipment. Check diving equipment for valid certification to ensure its suitability. Ensure that any diving equipment is examined by a competent person before use, at least | t. Check diving equipment for valid certification to ensure its suitability. Ensure that any diving equipment is examined by a competent person before use, at least once on each day on which it is to be used. Ensure that it is adequately tested and | diving equipment. Equipment used for a dive, including wetsuits and drysuits, helmets, scuba equipment and any umbilical equipment which provides the connec",1,B_to_A,Kiến thức thiết bị lặn → kiểm tra thiết bị lặn
92,rieng_Thu,http://data.europa.eu/esco/skill/75f312e1-622b-4751-8d93-815b32feaf8d__http://data.europa.eu/esco/skill/0302f93a-0d38-4c00-bc37-eda17b6316ea,pollution prevention,"The processes used to prevent pollution: precautions to pollution of the environment, procedures to counter pollution and associated equipment, and possible measures to protect the environment.",knowledge > cross-sector,biosecurity related to animals,"Awareness of hygiene and bio-security measures when working with animals, including causes, transmission and prevention of diseases and use of policies, materials and equipment.",knowledge > sector-specific,"pollution prevention. The processes used to prevent pollution: precautions to pollution of the environment, procedures to counter pollution and associated equip","biosecurity related to animals. Awareness of hygiene and bio-security measures when working with animals, including causes, transmission and prevention of diseases and us",0,none,
93,IAA_chung,http://data.europa.eu/esco/skill/048f3205-6b1a-43e0-9f76-8c43562c6140__http://data.europa.eu/esco/skill/f9612b76-b990-4118-87fa-04741c9a7aab,check quality of enamel,"Assess enamel by using a needle. If defective, remove it and repeat the enamel process.",skill/competence > occupation-specific,apply airport lighting maintenance procedures,"Apply light maintenance procedures in airports, whereby defective parts are removed and immediately replaced with a new one. Following this, the defective part is taken to the workshop for repair.",skill/competence > occupation-specific,"check quality of enamel. Assess enamel by using a needle. If defective, remove it and repeat the enamel process.","apply airport lighting maintenance procedures. Apply light maintenance procedures in airports, whereby defective parts are removed and immediately replaced with a new one. Following thi",0,none,
94,IAA_chung,http://data.europa.eu/esco/skill/7369f779-4b71-4aab-8836-48b69c676eec__http://data.europa.eu/esco/skill/ab1e97ed-2319-4293-a8b7-072d2648822f,operate relational database management system,"Extract, store and verify information using database management systems based on the relational database model, which arranges data into tables of rows and columns, such as Oracle Database, Microsoft SQL Server and MySQL.",skill/competence > sector-specific,database management systems,"The tools for creating, updating and managing databases, such as Oracle, MySQL and Microsoft SQL Server.",knowledge > sector-specific,"operate relational database management system. Extract, store and verify information using database management systems based on the relational database model, which arranges data into t","operate relational database management system. Extract, store and verify information using database management systems based on the relational database model, which arranges data into tables of rows and columns, such as Oracle Database, Microsoft SQL Server | database management systems. The tools for creating, updating and managing databases, such as Oracle, MySQL and Microsoft SQL Server.",1,B_to_A,Kiến thức DBMS → vận hành RDBMS
95,rieng_Thu,http://data.europa.eu/esco/skill/76731933-dad3-4053-aba3-d3ed6160b580__http://data.europa.eu/esco/skill/a3b513bc-8851-4496-afcc-ad5dac33abe7,perform paediatric surgery,"Perform head and neck surgery, thoracic surgery, abdominal surgery, operations of kidneys, bladder and ureters, correction of external genitalia, treatment of anorectal anomalies, and treatment for trauma on children, adolescents and young adults.",skill/competence > occupation-specific,paediatric surgery,Paediatric surgery is a medical specialty mentioned in the EU Directive 2005/36/EC.,knowledge > sector-specific,"perform paediatric surgery. Perform head and neck surgery, thoracic surgery, abdominal surgery, operations of kidneys, bladder and ureters, correction of external gen","perform paediatric surgery. Perform head and neck surgery, thoracic surgery, abdominal surgery, operations of kidneys, bladder and ureters, correction of external gen | paediatric surgery. Paediatric surgery is a medical specialty mentioned in the EU Directive 2005/36/EC.",1,B_to_A,Kiến thức chuyên khoa → thực hiện phẫu thuật
96,rieng_Thu,http://data.europa.eu/esco/skill/01e7dee7-3ff1-4807-acad-058dbed91aba__http://data.europa.eu/esco/skill/05338a70-1ea1-4c33-a886-1c4f0c7d7241,keep up to date on product knowledge,"Gather the latest information on developments related to the existing or supported products, methods or techniques.",skill/competence > sector-specific,pass on trade techniques,"Pass on knowledge and skills, explain and demonstrate the application of equipment and materials and answer questions about trade techniques for the manufacturing of products.",skill/competence > cross-sector,"keep up to date on product knowledge. Gather the latest information on developments related to the existing or supported products, methods or techniques.","pass on trade techniques. Pass on knowledge and skills, explain and demonstrate the application of equipment and materials and answer questions about trade techniqu",0,none,
97,rieng_Thu,http://data.europa.eu/esco/skill/974bd398-d6e1-46f9-90ef-e89d16187772__http://data.europa.eu/esco/skill/df4962a4-221b-4877-ac5c-f4cb592eef1d,assess moisture levels in tobacco leaves,Test tobacco leaves with an electric moisture meter to obtain moisture content.,skill/competence > occupation-specific,compare roasted grains to a standard,"Match colour, moisture content, hardness and other characteristics of roasted grain with colour of standard sample.",skill/competence > occupation-specific,assess moisture levels in tobacco leaves. Test tobacco leaves with an electric moisture meter to obtain moisture content.,"compare roasted grains to a standard. Match colour, moisture content, hardness and other characteristics of roasted grain with colour of standard sample.",0,none,
98,IAA_chung,http://data.europa.eu/esco/skill/4e3d93fe-0d7f-45fd-aae0-a60425ba4b2b__http://data.europa.eu/esco/skill/7376894b-6c71-495c-bbe4-8b373f2ec5a6,identity aquaculture species,"Identity major European farmed fish, shellfish and crustacean species.",skill/competence > sector-specific,fish biology,"The study of fish, shellfish or crustacean organisms, categorized into many specialised fields that cover their morphology, physiology, anatomy, behaviour, origins and distribution.",knowledge > sector-specific,"identity aquaculture species. Identity major European farmed fish, shellfish and crustacean species.","fish biology. The study of fish, shellfish or crustacean organisms, categorized into many specialised fields that cover their morphology, physiology, an",1,B_to_A,Sinh học cá (hình thái) → nhận dạng loài; độ tin cậy trung bình
99,rieng_Thu,http://data.europa.eu/esco/skill/03305638-bd08-410a-a960-f963ad89cce6__http://data.europa.eu/esco/skill/df487cde-38d4-4e7f-a9e7-d60711aa522f,tend electron beam welding machine,"Tend a metalworking machine designed to join metal pieces by use of an electron beam exuding a concentrated heat source, monitor and operate it according to regulations.",skill/competence > sector-specific,tend riveting machine,"Tend a metalworking machine designed to join metal pieces by automatically shooting mechanical fasteners, rivets, into them, monitor and operate it according to regulations.",skill/competence > cross-sector,"tend electron beam welding machine. Tend a metalworking machine designed to join metal pieces by use of an electron beam exuding a concentrated heat source, monitor and opera","tend riveting machine. Tend a metalworking machine designed to join metal pieces by automatically shooting mechanical fasteners, rivets, into them, monitor and o",0,none,
100,IAA_chung,http://data.europa.eu/esco/skill/03d93b02-a461-4815-a4c0-b46451afc1c2__http://data.europa.eu/esco/skill/ed0acb70-1077-4005-a611-fdc4f6942ef5,manage claim files,"Follow up on the progress of a claim file, keep all parties informed of the status of the file, ensure the customer receives the damages owed, treat any problems or complaints from customers, close the file and give information to an authorised person or department when there is suspicion of fraud.",skill/competence > sector-specific,manage loans,"Evaluate and approve or reject commercial, real state or credit loans. Follow up their status and advice borrowers on financial status and payment methods.",skill/competence > occupation-specific,"manage claim files. Follow up on the progress of a claim file, keep all parties informed of the status of the file, ensure the customer receives the damages o","manage loans. Evaluate and approve or reject commercial, real state or credit loans. Follow up their status and advice borrowers on financial status and",0,none,
101,IAA_chung,http://data.europa.eu/esco/skill/b23d8ad9-3b81-4846-a822-3d9c66393460__http://data.europa.eu/esco/skill/ef1e63c9-f8c1-46ad-8c74-3cea311c9377,follow research on special needs education,Keep up to date with new studies and related upcoming regulations concerning education for students with special needs.,skill/competence > sector-specific,special needs education,"The teaching methods, equipment and settings used to support students with special needs in achieving succes in school or community.",knowledge > cross-sector,follow research on special needs education. Keep up to date with new studies and related upcoming regulations concerning education for students with special needs.,"follow research on special needs education. Keep up to date with new studies and related upcoming regulations concerning education for students with special needs. | special needs education. The teaching methods, equipment and settings used to support students with special needs in achieving succes in school or community.",1,B_to_A,Kiến thức giáo dục đặc biệt → theo dõi nghiên cứu về nó
102,IAA_chung,http://data.europa.eu/esco/skill/e7a58ad7-230d-4d1e-a006-e12d22e6eb78__http://data.europa.eu/esco/skill/03d988af-2e63-4151-bb5e-950f366e2c64,measure ship tonnage,Measure ships to identify cargo hold and storage capacities.,skill/competence > sector-specific,guide ships into docks,Safely guide a ship into a dock and anchor it.,skill/competence > cross-sector,measure ship tonnage. Measure ships to identify cargo hold and storage capacities.,guide ships into docks. Safely guide a ship into a dock and anchor it.,0,none,
103,rieng_Thu,http://data.europa.eu/esco/skill/74c0c0d2-aeb8-44b2-b86a-117d0455ae88__http://data.europa.eu/esco/skill/fcae5ce9-62a7-4318-bed4-339553f6a83f,composite materials,"The properties of different materials developped in a laboratory, their usage per type of products, and how to create them.",knowledge > cross-sector,animal anatomy for food production,"The anatomy of animals, their organs and their functions, as well as the usage of these organs for food production after slaughtering.",knowledge > sector-specific,"composite materials. The properties of different materials developped in a laboratory, their usage per type of products, and how to create them.","animal anatomy for food production. The anatomy of animals, their organs and their functions, as well as the usage of these organs for food production after slaughtering.",0,none,
104,rieng_Thu,http://data.europa.eu/esco/skill/165d3ca5-ca47-40d2-a450-cd2ae18deb05__http://data.europa.eu/esco/skill/94c708e0-6380-4db0-ad8d-764bac6d93f1,apply assembly techniques,Apply correct and up-to-date assembly methods in the production development process.,skill/competence > sector-specific,apply water transfer printing techniques,"Confer a printed, often decorative, coat from a basecoat sheet to a metal surface by dipping the metal workpiece in a hydro dip tank filled with water at a temperature of 30 to 33 degree celcius and the sheet with the desired print.",skill/competence > occupation-specific,apply assembly techniques. Apply correct and up-to-date assembly methods in the production development process.,"apply water transfer printing techniques. Confer a printed, often decorative, coat from a basecoat sheet to a metal surface by dipping the metal workpiece in a hydro dip tank fille",0,none,
105,IAA_chung,http://data.europa.eu/esco/skill/949fe489-274a-4ce5-8c00-334b46b144e3__http://data.europa.eu/esco/skill/118796d8-28a3-4865-bcd0-d037f4abcc0f,operate horticulture equipment,Operate horticultural equipment and assist with servicing. Ensure that vehicles are roadworthy before starting the work.,skill/competence > sector-specific,coordinate greenhouse environment,Take care of the heating and cooling of greenhouses. Work together with the Grounds and Buildings Manager in keeping the irrigation systems and the horticultural equipment in good condition.,skill/competence > sector-specific,operate horticulture equipment. Operate horticultural equipment and assist with servicing. Ensure that vehicles are roadworthy before starting the work.,coordinate greenhouse environment. Take care of the heating and cooling of greenhouses. Work together with the Grounds and Buildings Manager in keeping the irrigation system,0,none,
106,rieng_Thu,http://data.europa.eu/esco/skill/75d2ac62-700a-41d1-b920-5cd7aaa78553__http://data.europa.eu/esco/skill/4ff549c3-daa5-4def-9916-301c7bdf13b8,operate control systems,"Configure and operate electrical, electronic and control equipment. Maintain, monitor and control operations on a control system to ensure major risks are controlled and prevented.",skill/competence > sector-specific,control systems,Devices or a set of devices that command and manage the performance and behaviour of other equipment and systems. This includes Industrial control systems (ICS) which are used for industrial production and manufacturing.,knowledge > cross-sector,"operate control systems. Configure and operate electrical, electronic and control equipment. Maintain, monitor and control operations on a control system to ensure","operate control systems. Configure and operate electrical, electronic and control equipment. Maintain, monitor and control operations on a control system to ensure | control systems. Devices or a set of devices that command and manage the performance and behaviour of other equipment and systems. This includes Industrial | anage the performance and behaviour of other equipment and systems. This includes Industrial control systems (ICS) which are used for industrial production and manufacturing.",1,B_to_A,Kiến thức hệ điều khiển → vận hành hệ điều khiển
107,IAA_chung,http://data.europa.eu/esco/skill/07d1dd29-4954-48f0-b807-6df53a7bceb2__http://data.europa.eu/esco/skill/8b3aefd2-5021-418f-b069-828fb7abc598,theories of personality,"Theoretical conceptions of personality, such as psychodynamic theory, humanistic theory or behaviorism.",knowledge > cross-sector,nursing principles,"The ethics, the codes of conduct, the philosophy of nursing, the philosophy of human rights and nursing theories and concepts.",knowledge > cross-sector,"theories of personality. Theoretical conceptions of personality, such as psychodynamic theory, humanistic theory or behaviorism.","nursing principles. The ethics, the codes of conduct, the philosophy of nursing, the philosophy of human rights and nursing theories and concepts.",0,none,
108,rieng_Thu,http://data.europa.eu/esco/skill/32fcad69-381e-43cb-aebc-94f51ea15bab__http://data.europa.eu/esco/skill/f4d1fce0-6d7f-4a5e-b317-2040b64758f2,triage clients for physiotherapy,"Triage clients for physiotherapy, prioritising their assessment and indicating where additional services are required.",skill/competence > sector-specific,physiotherapy,Physiotherapy is a medical specialty mentioned in the EU Directive 2005/36/EC.,knowledge > sector-specific,"triage clients for physiotherapy. Triage clients for physiotherapy, prioritising their assessment and indicating where additional services are required.","triage clients for physiotherapy. Triage clients for physiotherapy, prioritising their assessment and indicating where additional services are required. | physiotherapy. Physiotherapy is a medical specialty mentioned in the EU Directive 2005/36/EC.",1,B_to_A,Kiến thức vật lý trị liệu → phân loại ưu tiên khách
109,rieng_Thu,http://data.europa.eu/esco/skill/d4f7cf8d-0d14-483b-9840-4b4583dcc0f2__http://data.europa.eu/esco/skill/539edd73-5c9b-4498-96f2-68a9cd2e6073,inspect construction of ships,"Inspect ship surfaces, windows, and ventilation systems, heating systems, toilets, and drainage systems; maintain and store equipment required for trip.",skill/competence > sector-specific,ventilation systems,The types of mechanical ventilation systems that permits the exchange and circulation of air.,knowledge > cross-sector,"inspect construction of ships. Inspect ship surfaces, windows, and ventilation systems, heating systems, toilets, and drainage systems; maintain and store equipment requ","inspect construction of ships. Inspect ship surfaces, windows, and ventilation systems, heating systems, toilets, and drainage systems; maintain and store equipment required for trip. | ventilation systems. The types of mechanical ventilation systems that permits the exchange and circulation of air.",3,none,Hệ thống thông gió chỉ là một trong nhiều hạng mục kiểm tra; không rõ bắt buộc
110,rieng_Thu,http://data.europa.eu/esco/skill/2fe72eec-2e9b-477c-bf36-c3426d3cc1dc__http://data.europa.eu/esco/skill/c50d185a-718f-47c0-b566-09eaa59fae64,create musical instrument parts,"Design and create parts such as keys, reeds, bows, and others for musical instruments.",skill/competence > sector-specific,produce violin components,"Choose the appropriate tonewood, materials and tools, and build the different parts of an instrument of the violin family such as the lower, upper and C bouts, the fringerboard, the bridge, the scroll, the strings and the pegbox.",skill/competence > sector-specific,"create musical instrument parts. Design and create parts such as keys, reeds, bows, and others for musical instruments.","produce violin components. Choose the appropriate tonewood, materials and tools, and build the different parts of an instrument of the violin family such as the lowe",3,none,"Quan hệ tổng quát–chuyên biệt giữa hai kỹ năng chế tác, không có thứ tự học rõ"
111,IAA_chung,http://data.europa.eu/esco/skill/03305638-bd08-410a-a960-f963ad89cce6__http://data.europa.eu/esco/skill/7823cab7-0be2-4113-a50e-6d1d5c8937c1,tend electron beam welding machine,"Tend a metalworking machine designed to join metal pieces by use of an electron beam exuding a concentrated heat source, monitor and operate it according to regulations.",skill/competence > sector-specific,tend spring making machine,"Tend a metalworking machine designed to produce metal springs, through either hot winding or cold winding processes, monitor and operate it according to regulations.",skill/competence > occupation-specific,"tend electron beam welding machine. Tend a metalworking machine designed to join metal pieces by use of an electron beam exuding a concentrated heat source, monitor and opera","tend spring making machine. Tend a metalworking machine designed to produce metal springs, through either hot winding or cold winding processes, monitor and operate i",0,none,
112,IAA_chung,http://data.europa.eu/esco/skill/1fc580ca-9adc-46af-8a88-61e871273b49__http://data.europa.eu/esco/skill/e4a3c9af-8a5d-49cc-95bb-b77e41588746,manage animal biosecurity,"Plan and use appropriate biosafety measures to prevent transmission of diseases and ensure effective overall biosecurity. Maintain and follow biosecurity procedures and infection control when working with animals, including recognising potential health issues and taking appropriate action, communicating site hygiene control measures and biosecurity procedures, as well as reporting to others.",skill/competence > sector-specific,process harvested honey,"Harvest and process honey according to health, safety and biosecurity regulations.",skill/competence > sector-specific,manage animal biosecurity. Plan and use appropriate biosafety measures to prevent transmission of diseases and ensure effective overall biosecurity. Maintain and fol,"process harvested honey. Harvest and process honey according to health, safety and biosecurity regulations.",0,none,
113,rieng_Thu,http://data.europa.eu/esco/skill/d39f380c-a900-4bbd-8685-babd806f1abc__http://data.europa.eu/esco/skill/4515f6b6-76e7-4005-9fd8-6db8b84396b3,maintain high quality of calls,Establish high quality standards and instructions for calls.,skill/competence > sector-specific,liaise with well test engineers,Establish relationships with well testing engineers in order to optimise procedures.,skill/competence > sector-specific,maintain high quality of calls. Establish high quality standards and instructions for calls.,liaise with well test engineers. Establish relationships with well testing engineers in order to optimise procedures.,0,none,
114,IAA_chung,http://data.europa.eu/esco/skill/35ce6e9f-ec73-4617-8f4d-bd6b241c7d90__http://data.europa.eu/esco/skill/9433da85-70fa-4a25-8f96-71fa59dd1989,teach biology,"Instruct students in the theory and practice of biology, more specifically in biochemistry, molecular biology, cellular biology, genetics, developmental biology, haematology, nanobiology, and zoology.",skill/competence > sector-specific,biology,"Tissues, cells, and functions of plant and animal organisms and their interdependencies and interactions with each other and the environment.",knowledge > cross-sector,"teach biology. Instruct students in the theory and practice of biology, more specifically in biochemistry, molecular biology, cellular biology, genetics,","teach biology. Instruct students in the theory and practice of biology, more specifically in biochemistry, molecular biology, cellular biology, genetics, | students in the theory and practice of biology, more specifically in biochemistry, molecular biology, cellular biology, genetics, developmental biology, haematology, nanobiology, and zoology. | biology. Tissues, cells, and functions of plant and animal organisms and their interdependencies and interactions with each other and the environme",1,B_to_A,Kiến thức môn → dạy môn
115,IAA_chung,http://data.europa.eu/esco/skill/fce983b6-f54d-4ef3-8a20-e101c76a79a8__http://data.europa.eu/esco/skill/95c9821e-9bf4-44e0-b11d-5d7d45c603f8,prepare documentation for international shipping,Prepare and process official documents for international shipping.,skill/competence > sector-specific,process printing input,Accept and pre-process input documents and orders to be used for print production.,skill/competence > sector-specific,prepare documentation for international shipping. Prepare and process official documents for international shipping.,process printing input. Accept and pre-process input documents and orders to be used for print production.,0,none,
116,IAA_chung,http://data.europa.eu/esco/skill/4422d55b-6b66-434b-a322-1e251c0183d1__http://data.europa.eu/esco/skill/d5ce57eb-3ec8-429b-9837-1cbd3aa0ec9a,diving operation requirements,"The operational plan and the contingency plan for the diving operation, the diving equipment to be used in the diving operation, the diving signals to be used in the diving operation, the in-water decompression procedures to be used in the diving operation, and any emergency procedures that might have to be used in the diving operation.",knowledge > cross-sector,diving equipment,"Equipment used for a dive, including wetsuits and drysuits, helmets, scuba equipment and any umbilical equipment which provides the connection with the surface.",knowledge > cross-sector,"diving operation requirements. The operational plan and the contingency plan for the diving operation, the diving equipment to be used in the diving operation, the divin","on requirements. The operational plan and the contingency plan for the diving operation, the diving equipment to be used in the diving operation, the diving signals to be used in the diving operation, the in-water decompression procedures to be used | diving equipment. Equipment used for a dive, including wetsuits and drysuits, helmets, scuba equipment and any umbilical equipment which provides the connec",1,B_to_A,"Span B→A: yêu cầu tác nghiệp gồm ""the diving equipment to be used"""
117,rieng_Thu,http://data.europa.eu/esco/skill/ef4a3050-2232-4562-9ecd-bd1d5f22f064__http://data.europa.eu/esco/skill/699d61dd-7e3f-40e6-87d5-2bd609055761,analyse characteristics of food products at reception,"Analyse characteristics, composition, and other properties of food products at reception.",skill/competence > sector-specific,food products composition,"Chemical and nutritional composition of food products, which enables the modification of existing products and processes and the development of new ones.",knowledge > sector-specific,"analyse characteristics of food products at reception. Analyse characteristics, composition, and other properties of food products at reception.","food products composition. Chemical and nutritional composition of food products, which enables the modification of existing products and processes and the developme",1,B_to_A,Kiến thức thành phần thực phẩm → phân tích đặc tính khi tiếp nhận
118,IAA_chung,http://data.europa.eu/esco/skill/02c71cde-f513-43da-8952-0974763c7568__http://data.europa.eu/esco/skill/68b6ef08-d823-489d-a95c-752ae6f6e6a7,interpret circuit diagrams,"Read and comprehend circuit diagrams showing the connections between the devices, such as power and signal connections.",skill/competence > sector-specific,read standard blueprints,"Read and comprehend standard blueprints, machine, and process drawings.",skill/competence > cross-sector,"interpret circuit diagrams. Read and comprehend circuit diagrams showing the connections between the devices, such as power and signal connections.","read standard blueprints. Read and comprehend standard blueprints, machine, and process drawings.",3,none,Hai kỹ năng đọc bản vẽ gần nhau; không rõ chiều
119,rieng_Thu,http://data.europa.eu/esco/skill/8dc99c09-2f10-4096-92a7-54cb7497bb71__http://data.europa.eu/esco/skill/385a01ed-800c-4fb2-97f4-56c367cf7f97,provide nursing care for animals in recovery,Provide supportive care for animals recovering from anaesthesia and/or a veterinary medical or surgical procedure.,skill/competence > occupation-specific,animal recovery procedures,Strategies for supporting animals recovering from anesthesia and/or specific veterinary medical or surgical procedures.,knowledge > occupation-specific,provide nursing care for animals in recovery. Provide supportive care for animals recovering from anaesthesia and/or a veterinary medical or surgical procedure.,animal recovery procedures. Strategies for supporting animals recovering from anesthesia and/or specific veterinary medical or surgical procedures.,1,B_to_A,Cặp ngược của hàng 30; nhất quán
120,IAA_chung,http://data.europa.eu/esco/skill/559106f8-b7bb-4b56-80a7-16c9c1cdf830__http://data.europa.eu/esco/skill/bc77d17c-298a-4145-8039-836e0b2093bc,manage shipment risks,"Handle risky or dangerous cargo. Ensure that that every shipment operation is executed in an appropriate manner. Calculate cargo weight, ensure that cranes are correctly positioned and see that containers fit into shipment.",skill/competence > sector-specific,determine crane load,Calculate weight of crane loads; compare weighing results to lifting capacities in order to prevent overload and ensure safety.,skill/competence > occupation-specific,"manage shipment risks. Handle risky or dangerous cargo. Ensure that that every shipment operation is executed in an appropriate manner. Calculate cargo weight, e",determine crane load. Calculate weight of crane loads; compare weighing results to lifting capacities in order to prevent overload and ensure safety.,1,B_to_A,"Mô tả A gồm ""Calculate cargo weight, ensure that cranes..."" = B là thành phần của A"
121,IAA_chung,http://data.europa.eu/esco/skill/c4272323-cce6-4535-ac71-4f6841f4f89a__http://data.europa.eu/esco/skill/6a7792a9-888a-46ad-afc9-2c0d94c8fde6,organisational structure,"Framework of the different departments within the organisation, as well its people, their roles and responsibilities.",knowledge > cross-sector,create business process models,"Develop formal and informal descriptions of the business processes and the organisational structure by using business process models, notations and tools.",skill/competence > cross-sector,"s process models. Develop formal and informal descriptions of the business processes and the organisational structure by using business process models, notations and tools. | organisational structure. Framework of the different departments within the organisation, as well its people, their roles and responsibilities.","create business process models. Develop formal and informal descriptions of the business processes and the organisational structure by using business process models, nota",1,A_to_B,"Span A→B: B mô tả ""the organisational structure"""
122,IAA_chung,http://data.europa.eu/esco/skill/110d7aa3-e44e-4cce-a927-8d4de615f3d9__http://data.europa.eu/esco/skill/4f4ca760-970a-4839-9ce2-ab85ed66772e,sort waste,Manually or automatically sort waste by separating it into its different elements.,skill/competence > cross-sector,dispose of cutting waste material,"Dispose of possibly hazardous waste material created in the cutting process, such as swarf, scrap and slugs, sort according to regulations, and clean up workplace.",skill/competence > cross-sector,sort waste. Manually or automatically sort waste by separating it into its different elements.,"dispose of cutting waste material. Dispose of possibly hazardous waste material created in the cutting process, such as swarf, scrap and slugs, sort according to regulations",1,A_to_B,"Mô tả B gồm ""sort according to regulations"" = A là thành phần của B"
123,IAA_chung,http://data.europa.eu/esco/skill/13e2378e-0d10-450d-843a-b3592575826e__http://data.europa.eu/esco/skill/d8c19849-f4cf-458d-90cd-abe735a729bf,implement marketing strategies,"Implement strategies which aim to promote a specific product or service, using the developed marketing strategies.",skill/competence > cross-sector,develop instrumentation systems,"Develop control equipment, such as valves, relays, and regulators, which can be used to monitor and control processes. Test the developed equipment.",skill/competence > cross-sector,"implement marketing strategies. Implement strategies which aim to promote a specific product or service, using the developed marketing strategies.","develop instrumentation systems. Develop control equipment, such as valves, relays, and regulators, which can be used to monitor and control processes. Test the developed",0,none,
124,rieng_Thu,http://data.europa.eu/esco/skill/55868080-db49-4d8a-8c48-d88009ab886a__http://data.europa.eu/esco/skill/75791d32-ec99-49c3-92dc-728fe73a9de7,maintain rail infrastructure,"Inspect rails for cracks and damage, replace worn rails, tighten up loose screws, perform welding work if necessary. Maintain railway embankment, side walkways and drainage installations.",skill/competence > sector-specific,inspect concrete structures,"Visually inspect a concrete structure to see if it is structurally sound. Check for different types of cracks, such as those due to reinforcement corrosion, impact damage or high water content.",skill/competence > sector-specific,"maintain rail infrastructure. Inspect rails for cracks and damage, replace worn rails, tighten up loose screws, perform welding work if necessary. Maintain railway emba","inspect concrete structures. Visually inspect a concrete structure to see if it is structurally sound. Check for different types of cracks, such as those due to reinfo",0,none,
125,rieng_Thu,http://data.europa.eu/esco/skill/19629e11-885b-4f57-8eb0-5a3752f07d92__http://data.europa.eu/esco/skill/53f5e93b-a7f7-4315-9130-857bd62e6ee4,music therapy schools,The existing schools teaching music therapy and their importance for advancement in the field.,knowledge > occupation-specific,applied music therapy,"The manifestations, symptoms and causes of illnesses and how they can be treated through music therapy.",knowledge > occupation-specific,music therapy schools. The existing schools teaching music therapy and their importance for advancement in the field.,"applied music therapy. The manifestations, symptoms and causes of illnesses and how they can be treated through music therapy.",0,none,
126,rieng_Thu,http://data.europa.eu/esco/skill/f3c38c0f-eef5-443f-be68-14d74eaa695b__http://data.europa.eu/esco/skill/abcfd4de-3b3d-48ed-a002-36071bad8d46,prioritise emergencies,Determine the level of risk of an emergency situation and balance the dispatch of ambulances to emergency situations accordingly.',skill/competence > sector-specific,manage chemical testing procedures,Manage the procedures to be used in chemical testing by designing them and conducting tests accordingly.,skill/competence > cross-sector,prioritise emergencies. Determine the level of risk of an emergency situation and balance the dispatch of ambulances to emergency situations accordingly.',manage chemical testing procedures. Manage the procedures to be used in chemical testing by designing them and conducting tests accordingly.,0,none,
127,IAA_chung,http://data.europa.eu/esco/skill/5d05068e-7ae7-4ff6-8fa3-e35ea03b48b1__http://data.europa.eu/esco/skill/048f3205-6b1a-43e0-9f76-8c43562c6140,check quality of products on the production line,Check products for quality on the production line and remove defective items before and after packaging.,skill/competence > sector-specific,check quality of enamel,"Assess enamel by using a needle. If defective, remove it and repeat the enamel process.",skill/competence > occupation-specific,check quality of products on the production line. Check products for quality on the production line and remove defective items before and after packaging.,"check quality of enamel. Assess enamel by using a needle. If defective, remove it and repeat the enamel process.",0,none,
128,rieng_Thu,http://data.europa.eu/esco/skill/06bf61f2-9df5-489d-8268-49fd8e3c34d3__http://data.europa.eu/esco/skill/8fc9753d-810d-414a-ba0e-139c99f0b201,operate centrifuges,Adjust working condition as speed and time of centrifuges according to the requirements of the product in process. Operate centrifuges.,skill/competence > sector-specific,keep sawing equipment in good condition,Make sure sawing equipment is always in good and safe working condition. Inspect the equipment for defects. Replace defective or worn-out elements in accordance with guidelines. Store elements safely when not in use. Notify the responsible party in case of large or dangerous defects.,skill/competence > cross-sector,operate centrifuges. Adjust working condition as speed and time of centrifuges according to the requirements of the product in process. Operate centrifuges. | on as speed and time of centrifuges according to the requirements of the product in process. Operate centrifuges.,keep sawing equipment in good condition. Make sure sawing equipment is always in good and safe working condition. Inspect the equipment for defects. Replace defective or worn-out,0,none,
129,rieng_Thu,http://data.europa.eu/esco/skill/3362724b-fe06-4c5d-89a4-76fe62b9268e__http://data.europa.eu/esco/skill/2f55c7ff-7f64-4f67-ae49-8ab7c75c3864,scaffolding components,"The different components of which scaffolding is constructed, their usage cases and limitations. Weight bearing properties of each component and how they are assembled.",knowledge > cross-sector,brief court officials,"Brief court officials such as judges, barristers, and other representatives on the day's events, the details of the cases scheduled for that day, attendance, and other matters pertaining court proceedings which are significant.",skill/competence > cross-sector,"scaffolding components. The different components of which scaffolding is constructed, their usage cases and limitations. Weight bearing properties of each compone","brief court officials. Brief court officials such as judges, barristers, and other representatives on the day's events, the details of the cases scheduled for th",0,none,
130,IAA_chung,http://data.europa.eu/esco/skill/009673d9-e2fd-46ef-a64b-6027ac7fd613__http://data.europa.eu/esco/skill/14471fa4-c026-4eab-ac89-2506fda9263e,manufacture ingredients,"Manufacture ingredients such as spices, additives and vegetables.",skill/competence > sector-specific,purchase fruits and vegetables,Purchase products from local fruit and vegetables suppliers and ensure the freshness of the products.,skill/competence > occupation-specific,"manufacture ingredients. Manufacture ingredients such as spices, additives and vegetables.",purchase fruits and vegetables. Purchase products from local fruit and vegetables suppliers and ensure the freshness of the products.,0,none,
131,IAA_chung,http://data.europa.eu/esco/skill/ba58df00-0b43-42a3-89e4-0dca7aa069fb__http://data.europa.eu/esco/skill/01e7dee7-3ff1-4807-acad-058dbed91aba,apply music therapy methods,"Apply existing music therapy methods, techniques, materials, and equipment in line with the patient`s therapeutic needs and the treatment plan already created.",skill/competence > sector-specific,keep up to date on product knowledge,"Gather the latest information on developments related to the existing or supported products, methods or techniques.",skill/competence > sector-specific,"apply music therapy methods. Apply existing music therapy methods, techniques, materials, and equipment in line with the patient`s therapeutic needs and the treatment","keep up to date on product knowledge. Gather the latest information on developments related to the existing or supported products, methods or techniques.",0,none,
132,rieng_Thu,http://data.europa.eu/esco/skill/8bbf9c69-ba9d-4e6d-a50a-ba4f666e0d25__http://data.europa.eu/esco/skill/0b071b01-4b40-4936-9d6d-d8c5609481b4,contextualise artistic work,"Identify influences and situate your work within a specific trend which may be of an artistic, aesthetic, or philosophical natures. Analyse the evolution of artistic trends, consult experts in the field, attend events, etc.",skill/competence > sector-specific,identify support mechanisms to develop your professional practice,Identify sources of support to develop your professional practice. Stay aware of current trends in funding that could support you to finance your professional development.,skill/competence > occupation-specific,"contextualise artistic work. Identify influences and situate your work within a specific trend which may be of an artistic, aesthetic, or philosophical natures. Analys",identify support mechanisms to develop your professional practice. Identify sources of support to develop your professional practice. Stay aware of current trends in funding that could support you to finan,0,none,
133,IAA_chung,http://data.europa.eu/esco/skill/3c4e22ca-2657-4cc6-993e-de559c8ac33d__http://data.europa.eu/esco/skill/29995454-fb0a-4e7e-88e7-fe915476469a,operate laminating machine,"Set up and start the lamination process, where a sheet of paper is inserted in a machine and slid through two rolls on metal bars ('mandrels'), where a plastic film is added. These processes also involve heating and gluing.",skill/competence > occupation-specific,fibreglass laminating,"Process of applying multiple layers of fiberglass, a strong lightweight plastic reinforced with glass fibre woven into mats, using various techniques such as applying pressure or adhesives, welding or heating in order to provide strength and stability to the composite material. The fibreglass can also be sprayed in liquid form onto products.",knowledge > cross-sector,"operate laminating machine. Set up and start the lamination process, where a sheet of paper is inserted in a machine and slid through two rolls on metal bars ('mandre","fibreglass laminating. Process of applying multiple layers of fiberglass, a strong lightweight plastic reinforced with glass fibre woven into mats, using various",0,none,
134,IAA_chung,http://data.europa.eu/esco/skill/397c14d5-42e0-4c85-8376-4c70b5a90bcf__http://data.europa.eu/esco/skill/800d76d7-3ff9-440b-b5e8-b8737e105f36,conservation techniques,"The procedures, instruments, techniques, materials and chemicals used in conservation and archiving.",knowledge > sector-specific,manufacture fur products,"Manufacture fur products by handling pelts. Cut raw materials, apply chemicals as necessary, follow procedures to maintain the quality of the product, and apply finishing touches to products.",skill/competence > sector-specific,"conservation techniques. The procedures, instruments, techniques, materials and chemicals used in conservation and archiving.","manufacture fur products. Manufacture fur products by handling pelts. Cut raw materials, apply chemicals as necessary, follow procedures to maintain the quality of",0,none,
135,IAA_chung,http://data.europa.eu/esco/skill/bed97655-cb0c-4f05-bfd7-9a79d058619d__http://data.europa.eu/esco/skill/04e08696-b62e-446c-9b53-3b48f9af0904,wildlife projects,"Wildlife and animal conservation projects, which aim to protect and preserve ecosystems and habitats of a wide range of animals under threat from urbanisation.",knowledge > sector-specific,slaughter animals,"Kill animals, usually domestic livestock, for food. Protect animal welfare at slaughter by minimising the pain, distress or suffering of animals at the time of killing. Follow relevant regulations and comply with religious and cultural practices.",skill/competence > sector-specific,"wildlife projects. Wildlife and animal conservation projects, which aim to protect and preserve ecosystems and habitats of a wide range of animals under thre","slaughter animals. Kill animals, usually domestic livestock, for food. Protect animal welfare at slaughter by minimising the pain, distress or suffering of a",0,none,
136,rieng_Thu,http://data.europa.eu/esco/skill/f6d294f4-db62-4fc5-a7b8-778e5071c112__http://data.europa.eu/esco/skill/130d8246-5d34-4cbf-93c6-c02990a26532,carry out forum moderation,"Supervise communication activity on a web forum and other discussion platforms by assessing if the content adheres to forum regulations, enforcing rules of conduct, and ensuring the forum remains free of illegal material and conflict.",skill/competence > cross-sector,type error-free documents,Type documents and written content in general avoiding any grammatical or spelling errors. Type documents in a fast pace without compromising the quality of the outcome.,skill/competence > cross-sector,"carry out forum moderation. Supervise communication activity on a web forum and other discussion platforms by assessing if the content adheres to forum regulations, e",type error-free documents. Type documents and written content in general avoiding any grammatical or spelling errors. Type documents in a fast pace without compromis,0,none,
137,rieng_Thu,http://data.europa.eu/esco/skill/097c6a36-f031-4d3e-b5c1-62d6ffcb430b__http://data.europa.eu/esco/skill/a4346013-a967-4a58-a533-6b32ad1364c5,respect data protection principles,Ensure that access to personal or institutional data conforms to the legal and ethical framework governing such access.,skill/competence > sector-specific,data protection,"The principles, ethical issues, regulations and protocols of data protection.",knowledge > sector-specific,respect data protection principles. Ensure that access to personal or institutional data conforms to the legal and ethical framework governing such access.,"respect data protection principles. Ensure that access to personal or institutional data conforms to the legal and ethical framework governing such access. | data protection. The principles, ethical issues, regulations and protocols of data protection.",1,B_to_A,Kiến thức bảo vệ dữ liệu → tuân thủ nguyên tắc
138,rieng_Thu,http://data.europa.eu/esco/skill/74744dfc-c201-489b-a080-08539882ada2__http://data.europa.eu/esco/skill/04666ae0-ad33-41b2-8977-7121583799d3,order supplies for vehicle maintenance and repair,Order supplies and tools for vehicle repair and maintenance.,skill/competence > sector-specific,place orders for orthopedic products,Order specialised orthopaedic materials and supplies for the store; maintain the company stock.,skill/competence > sector-specific,order supplies for vehicle maintenance and repair. Order supplies and tools for vehicle repair and maintenance.,place orders for orthopedic products. Order specialised orthopaedic materials and supplies for the store; maintain the company stock.,0,none,
139,IAA_chung,http://data.europa.eu/esco/skill/4c98771c-e5b9-4865-b2f1-d8a64afb1c45__http://data.europa.eu/esco/skill/fd926b0d-c281-4eec-bf71-ac418c7d2561,tend fibreglass machine,Tend the machine used to create fibreglass products such as lawn furniture or boat hulls by spraying molten glassfibre.,skill/competence > occupation-specific,tend chain making machine,"Tend a metalworking machine designed to form metal chains, monitor and operate it according to regulations.",skill/competence > occupation-specific,tend fibreglass machine. Tend the machine used to create fibreglass products such as lawn furniture or boat hulls by spraying molten glassfibre.,"tend chain making machine. Tend a metalworking machine designed to form metal chains, monitor and operate it according to regulations.",0,none,
140,IAA_chung,http://data.europa.eu/esco/skill/7594068e-1a9d-4d39-b6f8-aa10f9792d2d__http://data.europa.eu/esco/skill/33784b61-bd86-4451-8a89-741ada5f8475,operate steam turbine,"Operate equipment which uses thermal energy, extracted from pressurised steam, to generate rotary motion. Ensure that the turbine is balanced, and operates according to safety regulations and legislation, by monitoring the equipment during operations.",skill/competence > sector-specific,maintain photovoltaic systems,"Perform maintenance tasks and repairs on systems which generate electrical energy through the conversion of light into electric currents, the photovoltaic effect. Ensure compliance with regulations, and correct installation of the photovoltaic power system.",skill/competence > sector-specific,"operate steam turbine. Operate equipment which uses thermal energy, extracted from pressurised steam, to generate rotary motion. Ensure that the turbine is balan","maintain photovoltaic systems. Perform maintenance tasks and repairs on systems which generate electrical energy through the conversion of light into electric currents,",0,none,
141,rieng_Thu,http://data.europa.eu/esco/skill/3212fbac-540b-41ca-a4ae-132a588500bd__http://data.europa.eu/esco/skill/98d0c976-2966-4f72-831b-ffd1f531a2c6,apply footwear bottoms pre-assembling techniques,"Split, scour surfaces, reduce sole edges, rough, brush, apply primings, halogenate the soles, degrease etc. Use both manual dexterity and machinery. When using machines, adjust their working parameters.",skill/competence > sector-specific,apply precision metalworking techniques,"Comply with precision standards specific to an organisation or product in metalworking, involved in processes such as engraving, precise cutting, welding.",skill/competence > cross-sector,"apply footwear bottoms pre-assembling techniques. Split, scour surfaces, reduce sole edges, rough, brush, apply primings, halogenate the soles, degrease etc. Use both manual dexterity and","apply precision metalworking techniques. Comply with precision standards specific to an organisation or product in metalworking, involved in processes such as engraving, precise c",0,none,
142,IAA_chung,http://data.europa.eu/esco/skill/48ef980b-5b37-47e0-8fd9-c2d797b191ac__http://data.europa.eu/esco/skill/03305638-bd08-410a-a960-f963ad89cce6,spot welding machine parts,"Parts of a machine designed to perform spot welding practices on metal workpieces, such as the air or hydraulic cylinder, welding head, spot welding electrodes, upper platen, lower platen, flexible bands, knee, and others.",knowledge > occupation-specific,tend electron beam welding machine,"Tend a metalworking machine designed to join metal pieces by use of an electron beam exuding a concentrated heat source, monitor and operate it according to regulations.",skill/competence > sector-specific,"spot welding machine parts. Parts of a machine designed to perform spot welding practices on metal workpieces, such as the air or hydraulic cylinder, welding head, sp","tend electron beam welding machine. Tend a metalworking machine designed to join metal pieces by use of an electron beam exuding a concentrated heat source, monitor and opera",0,none,
143,IAA_chung,http://data.europa.eu/esco/skill/b1d3d335-2307-4133-ba98-2a5a207d7037__http://data.europa.eu/esco/skill/01c4bbed-0449-44c9-9c05-48c30ffdcc22,maintain fish harvesting equipment,Clean and store fish harvesting equipment after use.,skill/competence > sector-specific,maintain rotating equipment,"Perform routine maintenance on rotating equipment to ensure that it is clean and in safe, working order.",skill/competence > sector-specific,maintain fish harvesting equipment. Clean and store fish harvesting equipment after use.,"maintain rotating equipment. Perform routine maintenance on rotating equipment to ensure that it is clean and in safe, working order.",0,none,
144,IAA_chung,http://data.europa.eu/esco/skill/d5fedb98-5bf8-4f95-a336-25857e392c07__http://data.europa.eu/esco/skill/04e08696-b62e-446c-9b53-3b48f9af0904,cultural practices regarding animal slaughter,The cultural or religious rules and traditions regarding the slaughter of animals.,knowledge > sector-specific,slaughter animals,"Kill animals, usually domestic livestock, for food. Protect animal welfare at slaughter by minimising the pain, distress or suffering of animals at the time of killing. Follow relevant regulations and comply with religious and cultural practices.",skill/competence > sector-specific,cultural practices regarding animal slaughter. The cultural or religious rules and traditions regarding the slaughter of animals.,"slaughter animals. Kill animals, usually domestic livestock, for food. Protect animal welfare at slaughter by minimising the pain, distress or suffering of a",3,none,Quy tắc văn hóa/tôn giáo không phải tiên quyết chung cho kỹ năng giết mổ
145,IAA_chung,http://data.europa.eu/esco/skill/0227a4f4-f979-4e5a-bd11-93744f339246__http://data.europa.eu/esco/skill/90e083c3-ae4b-4726-982f-f3944eaa571a,types of digesters,"This includes the stationary and rotary steam digesters, which cook wood chips in an acid solution to make pulp for use in the manufacture of paper.",knowledge > sector-specific,operate paper winding machine,"Use machinery to fabricate toilet paper packages in roll form. Feed paper to the machine and bring it into a winding position, which results in the rolling of mandrels and forming of the product.",skill/competence > occupation-specific,"types of digesters. This includes the stationary and rotary steam digesters, which cook wood chips in an acid solution to make pulp for use in the manufacture","operate paper winding machine. Use machinery to fabricate toilet paper packages in roll form. Feed paper to the machine and bring it into a winding position, which resul",0,none,
146,rieng_Thu,http://data.europa.eu/esco/skill/55dda75d-698c-4c10-9984-8c4538fcc957__http://data.europa.eu/esco/skill/615cfc39-797f-4229-8e92-159fcf8f3030,protect health and safety when handling animals,Protect health and welfare of animals and their handlers.,skill/competence > sector-specific,building codes,The set of guidelines that determine the minimum standards for buildings and other constructions in order to protect public health and safety.,knowledge > cross-sector,protect health and safety when handling animals. Protect health and welfare of animals and their handlers.,building codes. The set of guidelines that determine the minimum standards for buildings and other constructions in order to protect public health and saf,0,none,
147,rieng_Thu,http://data.europa.eu/esco/skill/47bff4b6-0152-46e0-b20a-48cc78e4ba46__http://data.europa.eu/esco/skill/3a92bdc4-19b4-4d7e-811f-47a44e7129c7,develop food safety programmes,"Develop a food safety programme including traceability, ISO quality systems and HACCP risk management procedures.",skill/competence > cross-sector,ensure maintenance of fuel distribution facilities,"Implement regular maintenance and safety programmes relating to all aspects of fuel distribution facility operations; demonstrate expertise in spill clean-up procedures, prevention and control measures, repair of fuel terminal systems, and implementation of preventive maintenance on these systems.",skill/competence > sector-specific,"develop food safety programmes. Develop a food safety programme including traceability, ISO quality systems and HACCP risk management procedures.",ensure maintenance of fuel distribution facilities. Implement regular maintenance and safety programmes relating to all aspects of fuel distribution facility operations; demonstrate expertis,0,none,
148,IAA_chung,http://data.europa.eu/esco/skill/8d468afb-8066-4274-8bd6-2b11bd67088f__http://data.europa.eu/esco/skill/9a16345b-337f-4c0b-a344-68182cd015c6,create an airport master plan,Compose a master plan for the long term development of an airport; draw graphic representations of current and future airport features.,skill/competence > sector-specific,intermodal options,"The current and future intermodal options and alternatives such as the piggybacking system, the road-rail system, fishy back system, birdyback systems, low body systems or the push-pull cargo sprinter.",knowledge > sector-specific,create an airport master plan. Compose a master plan for the long term development of an airport; draw graphic representations of current and future airport features.,"intermodal options. The current and future intermodal options and alternatives such as the piggybacking system, the road-rail system, fishy back system, birdy",3,none,Có thể cần cho quy hoạch sân bay nhưng không bắt buộc; span không nêu
149,rieng_Thu,http://data.europa.eu/esco/skill/b3444d1c-a325-4b5c-a997-2f467b15641a__http://data.europa.eu/esco/skill/49321bf1-b20e-4aa1-a721-67b0ddfcea73,advise  customers on audiovisual equipment installation,Explain and demonstrate to customers installation procedures of TV sets and audio equipment.,skill/competence > sector-specific,advise customers on audiology products,Guide customers on how to use and maintain audiology products and accessories for optimal results.,skill/competence > sector-specific,advise  customers on audiovisual equipment installation. Explain and demonstrate to customers installation procedures of TV sets and audio equipment.,advise customers on audiology products. Guide customers on how to use and maintain audiology products and accessories for optimal results.,0,none,
150,rieng_Thu,http://data.europa.eu/esco/skill/296fb7a3-40fa-46ed-982b-9f1473fbbad4__http://data.europa.eu/esco/skill/03305638-bd08-410a-a960-f963ad89cce6,tend coating machine,"Tend manufacturing machines designed to coat workpiece surfaces by applying various coating machine processes, such as powder coating, monitor and operate it according to regulations.",skill/competence > cross-sector,tend electron beam welding machine,"Tend a metalworking machine designed to join metal pieces by use of an electron beam exuding a concentrated heat source, monitor and operate it according to regulations.",skill/competence > sector-specific,"tend coating machine. Tend manufacturing machines designed to coat workpiece surfaces by applying various coating machine processes, such as powder coating, mon","tend electron beam welding machine. Tend a metalworking machine designed to join metal pieces by use of an electron beam exuding a concentrated heat source, monitor and opera",0,none,
151,rieng_Thu,http://data.europa.eu/esco/skill/82e8931a-ba6c-4c14-9611-e56fca33a2b9__http://data.europa.eu/esco/skill/d1072655-88ce-4445-8803-e6273da273e7,identify construction materials from blueprints,Identify materials defined by the sketches and blueprints of the building to be constructed.,skill/competence > cross-sector,blueprints,"Must be able to read and understand blueprints, drawings and plans and maintain simple written records.",knowledge > cross-sector,identify construction materials from blueprints. Identify materials defined by the sketches and blueprints of the building to be constructed.,"identify construction materials from blueprints. Identify materials defined by the sketches and blueprints of the building to be constructed. | blueprints. Must be able to read and understand blueprints, drawings and plans and maintain simple written records. | ntify construction materials from blueprints. Identify materials defined by the sketches and blueprints of the building to be constructed.",1,B_to_A,Phải đọc được bản vẽ trước khi xác định vật liệu từ bản vẽ
152,rieng_Thu,http://data.europa.eu/esco/skill/4bf59dde-8a03-483f-976a-45764f1e6d6f__http://data.europa.eu/esco/skill/0240c5a8-d8ec-4cd5-948f-4649334c01b8,search engines,The methods and techniques to navigate search engines and find information quickly.,knowledge > sector-specific,search historical sources in archives,Search archives in order to find the sources needed for historical research.,skill/competence > cross-sector,search engines. The methods and techniques to navigate search engines and find information quickly.,search historical sources in archives. Search archives in order to find the sources needed for historical research.,0,none,
153,rieng_Thu,http://data.europa.eu/esco/skill/c564a8dc-e6b3-48a1-bb6c-674f6ce37215__http://data.europa.eu/esco/skill/e23f7e8a-63dc-4182-9a00-5e3c835b8051,fossil fuels,"The types of fuels which contain high doses of carbon and include gas, coal, and petroleum, and the processes by which they are formed, such as the anaerobic decomposition of organisms, as well as the ways in which they are used to generate energy.",knowledge > cross-sector,protective safety equipment,"The processes and materials used to create safety equipment such as fire-fighting equipment, gas masks or headgear.",knowledge > sector-specific,"fossil fuels. The types of fuels which contain high doses of carbon and include gas, coal, and petroleum, and the processes by which they are formed, su","protective safety equipment. The processes and materials used to create safety equipment such as fire-fighting equipment, gas masks or headgear.",0,none,
154,rieng_Thu,http://data.europa.eu/esco/skill/8bc3c77c-30c3-45e6-bd61-069ba433ecfe__http://data.europa.eu/esco/skill/03ff0d53-573a-47a0-a0ad-1995815a4339,e-learning software infrastructure,The infrastructure properties and specifications required to set up the e-learning environment which provides learning experiences to the audience.,knowledge > sector-specific,information structure,"The type of infrastructure which defines the format of data: semi-structured, unstructured and structured.",knowledge > sector-specific,e-learning software infrastructure. The infrastructure properties and specifications required to set up the e-learning environment which provides learning experiences to the,"information structure. The type of infrastructure which defines the format of data: semi-structured, unstructured and structured.",0,none,
155,IAA_chung,http://data.europa.eu/esco/skill/4db59630-40d1-403d-b2f0-0cc81d95632d__http://data.europa.eu/esco/skill/000bb1e4-89f0-4b86-be05-05ece3641724,pharmacovigilance legislation,Regulations used to control and monitor adverse drug reactions at EU level.,knowledge > cross-sector,perform toxicological studies,"Perform tests to detect poisons or drug misuse and help to monitor therapy by using chemical reagents, enzymes, radioisotopes and antibodies to detect abnormal chemical concentrations in the body.",skill/competence > cross-sector,pharmacovigilance legislation. Regulations used to control and monitor adverse drug reactions at EU level.,"perform toxicological studies. Perform tests to detect poisons or drug misuse and help to monitor therapy by using chemical reagents, enzymes, radioisotopes and antibodi",0,none,
156,rieng_Thu,http://data.europa.eu/esco/skill/4c06a716-6363-4308-b548-88f7a3e70097__http://data.europa.eu/esco/skill/0f9098d1-9bcd-453c-a9ec-e8b635705976,woodworking tools,"The various tools used to process wood, such as planers, chisels and lathes.",knowledge > cross-sector,woodworking processes,"Steps in the processing of wood for the manufacturing of wooden articles and types of machines used for these processes such as drying, shaping, assembling and surface finishing.",knowledge > cross-sector,"woodworking tools. The various tools used to process wood, such as planers, chisels and lathes.","woodworking processes. Steps in the processing of wood for the manufacturing of wooden articles and types of machines used for these processes such as drying, sh",3,none,"Dụng cụ và quy trình gia công gỗ gắn chặt, chiều nào cũng plausibly"
157,IAA_chung,http://data.europa.eu/esco/skill/dad18fbb-7053-46ed-8a7e-817a10b26ab8__http://data.europa.eu/esco/skill/3de14645-0c33-4ea0-b544-a962e8705173,program home alarm systems,"Select the right settings for the specific situation where the alarm system will operate. Set up zones with different policies if called for. Define how the system will be armed and disarmed. Choose actions to take if the system is triggered, and select various other settings.",skill/competence > occupation-specific,set up photographic equipment,"Choose the best position and orientation of the camera to capture the scene, along with other necessary equipment.",skill/competence > sector-specific,program home alarm systems. Select the right settings for the specific situation where the alarm system will operate. Set up zones with different policies if called f,"set up photographic equipment. Choose the best position and orientation of the camera to capture the scene, along with other necessary equipment.",0,none,
158,rieng_Thu,http://data.europa.eu/esco/skill/bd35c413-61a0-40c8-90d9-b56312b6d798__http://data.europa.eu/esco/skill/4422d55b-6b66-434b-a322-1e251c0183d1,ensure diving operations conform with plan,Ensure that the dive adheres to the operational plan and the contingency plan.,skill/competence > sector-specific,diving operation requirements,"The operational plan and the contingency plan for the diving operation, the diving equipment to be used in the diving operation, the diving signals to be used in the diving operation, the in-water decompression procedures to be used in the diving operation, and any emergency procedures that might have to be used in the diving operation.",knowledge > cross-sector,ensure diving operations conform with plan. Ensure that the dive adheres to the operational plan and the contingency plan.,"diving operation requirements. The operational plan and the contingency plan for the diving operation, the diving equipment to be used in the diving operation, the divin",1,B_to_A,Phải biết kế hoạch tác nghiệp/dự phòng mới đảm bảo tuân thủ
159,rieng_Thu,http://data.europa.eu/esco/skill/a3165ce4-da28-4221-951b-efe1e64e468e__http://data.europa.eu/esco/skill/282a379e-249d-4cae-81ec-ce901a571801,specialise in a musical genre,Specialise in a specific type or style of music.,skill/competence > sector-specific,analyse music score,"Analysing the score, form, themes and structure of a piece of music.",skill/competence > sector-specific,specialise in a musical genre. Specialise in a specific type or style of music.,"analyse music score. Analysing the score, form, themes and structure of a piece of music.",0,none,
160,rieng_Thu,http://data.europa.eu/esco/skill/0dcbf7c5-bedf-4485-b16b-23df54443864__http://data.europa.eu/esco/skill/5c5d38eb-4529-48d1-ab98-b6f6800f0a92,translate requirement concepts into content,Develop digital content by following given requirements and guidelines.,skill/competence > sector-specific,warehousing regulations,"The set of laws, regulations and security requirements governing the provision of warehousing activities in a given territory.",knowledge > sector-specific,translate requirement concepts into content. Develop digital content by following given requirements and guidelines.,"warehousing regulations. The set of laws, regulations and security requirements governing the provision of warehousing activities in a given territory.",0,none,
