stt,batch,pair_id,ky_nang_A,mo_ta_A,taxonomy_A,ky_nang_B,mo_ta_B,taxonomy_B,span_A_truoc_B,span_B_truoc_A,nhan,huong,ghi_chu
1,IAA_chung,http://data.europa.eu/esco/skill/841ec8d9-ff33-4e76-af59-27ace79c2932__http://data.europa.eu/esco/skill/0449bf39-a288-4ecc-823a-3d194be5e932,blood type classification,"The classification of blood types such as group A, B, AB, 0 and their characteristics.",knowledge > sector-specific,techniques of blood-sampling,"The appropriate techniques for the collection of blood samples for laboratory work purposes, depending on the group of people targeted such as children or elderly.",knowledge > sector-specific,"blood type classification. The classification of blood types such as group A, B, AB, 0 and their characteristics.","techniques of blood-sampling. The appropriate techniques for the collection of blood samples for laboratory work purposes, depending on the group of people targeted suc",0,none,Phân loại nhóm máu không phải điều kiện bắt buộc để lấy mẫu máu; hai span không xác lập thứ tự học.
2,rieng_Tuan,http://data.europa.eu/esco/skill/6cdcabee-5927-4f16-9b46-0bb384782915__http://data.europa.eu/esco/skill/d62d2b4c-a6f8-439e-8a1b-4f29ab5f2c47,make decisions regarding the animal's welfare,Make a choice from several alternative possibilities that promote the animal's well-being.,skill/competence > sector-specific,make decisions,Make a choice from several alternative possibilities.,skill/competence > transversal,make decisions regarding the animal's welfare. Make a choice from several alternative possibilities that promote the animal's well-being.,make decisions regarding the animal's welfare. Make a choice from several alternative possibilities that promote the animal's well-being. | make decisions. Make a choice from several alternative possibilities.,0,none,Năng lực ra quyết định chung và quyết định phúc lợi động vật là quan hệ khái quát/chuyên biệt; span không xác lập một kỹ năng phải được học riêng trước kỹ năng kia.
3,IAA_chung,http://data.europa.eu/esco/skill/385a01ed-800c-4fb2-97f4-56c367cf7f97__http://data.europa.eu/esco/skill/8dc99c09-2f10-4096-92a7-54cb7497bb71,animal recovery procedures,Strategies for supporting animals recovering from anesthesia and/or specific veterinary medical or surgical procedures.,knowledge > occupation-specific,provide nursing care for animals in recovery,Provide supportive care for animals recovering from anaesthesia and/or a veterinary medical or surgical procedure.,skill/competence > occupation-specific,animal recovery procedures. Strategies for supporting animals recovering from anesthesia and/or specific veterinary medical or surgical procedures.,provide nursing care for animals in recovery. Provide supportive care for animals recovering from anaesthesia and/or a veterinary medical or surgical procedure.,1,A_to_B,A mô tả chiến lược hồi phục sau gây mê/phẫu thuật; B áp dụng chăm sóc hỗ trợ đúng giai đoạn đó.
4,IAA_chung,http://data.europa.eu/esco/skill/47e349cb-b0a8-4877-b368-c30a2ee4668b__http://data.europa.eu/esco/skill/bc203fb5-a8ae-4dab-899c-23cc97dbdb6d,gemstones,"Types of minerals or petrified materials that are cut and polished for use in jewellery, classified according to type, characteristics, and value.",knowledge > cross-sector,grind gemstones,Shape gemstones using equipment such as diamond or silicon carbide wheels to obtain a rough though more regular form called the preform.,skill/competence > sector-specific,"grind gemstones. Shape gemstones using equipment such as diamond or silicon carbide wheels to obtain a rough though more regular form called the preform. | gemstones. Types of minerals or petrified materials that are cut and polished for use in jewellery, classified according to type, characteristics, an",grind gemstones. Shape gemstones using equipment such as diamond or silicon carbide wheels to obtain a rough though more regular form called the preform.,1,A_to_B,Kiến thức về loại và đặc tính đá quý là nền tảng chọn cách mài cùng đối tượng; không có trung gian bắt buộc trong mô tả.
5,rieng_Tuan,http://data.europa.eu/esco/skill/68b6ef08-d823-489d-a95c-752ae6f6e6a7__http://data.europa.eu/esco/skill/d1072655-88ce-4445-8803-e6273da273e7,read standard blueprints,"Read and comprehend standard blueprints, machine, and process drawings.",skill/competence > cross-sector,blueprints,"Must be able to read and understand blueprints, drawings and plans and maintain simple written records.",knowledge > cross-sector,"read standard blueprints. Read and comprehend standard blueprints, machine, and process drawings.","read standard blueprints. Read and comprehend standard blueprints, machine, and process drawings. | blueprints. Must be able to read and understand blueprints, drawings and plans and maintain simple written records.",3,none,"Hai mô tả đều là đọc/hiểu bản vẽ; chồng lấn gần đồng nghĩa, không chứng minh kỹ năng nào phải học trước."
6,IAA_chung,http://data.europa.eu/esco/skill/ba58df00-0b43-42a3-89e4-0dca7aa069fb__http://data.europa.eu/esco/skill/01e7dee7-3ff1-4807-acad-058dbed91aba,apply music therapy methods,"Apply existing music therapy methods, techniques, materials, and equipment in line with the patient`s therapeutic needs and the treatment plan already created.",skill/competence > sector-specific,keep up to date on product knowledge,"Gather the latest information on developments related to the existing or supported products, methods or techniques.",skill/competence > sector-specific,"apply music therapy methods. Apply existing music therapy methods, techniques, materials, and equipment in line with the patient`s therapeutic needs and the treatment","keep up to date on product knowledge. Gather the latest information on developments related to the existing or supported products, methods or techniques.",0,none,Hai span mô tả năng lực/đối tượng riêng; không thể hiện kỹ năng này là điều kiện bắt buộc để học hoặc làm kỹ năng kia.
7,IAA_chung,http://data.europa.eu/esco/skill/7aff2d0c-790a-47e2-a1c3-206eb0fc74d9__http://data.europa.eu/esco/skill/dff7260b-0879-4d4a-98db-0866c64e08ec,health psychology,"The development, implementations and evaluation of health psychological concepts.",knowledge > sector-specific,psychological concepts,The psychological concepts of health protection and health promotion.,knowledge > cross-sector,"health psychology. The development, implementations and evaluation of health psychological concepts.","health psychology. The development, implementations and evaluation of health psychological concepts. | psychological concepts. The psychological concepts of health protection and health promotion.",1,B_to_A,"A phát triển, triển khai và đánh giá các khái niệm tâm lý sức khỏe; B cung cấp chính các khái niệm bảo vệ và nâng cao sức khỏe đó."
8,IAA_chung,http://data.europa.eu/esco/skill/e7a58ad7-230d-4d1e-a006-e12d22e6eb78__http://data.europa.eu/esco/skill/03d988af-2e63-4151-bb5e-950f366e2c64,measure ship tonnage,Measure ships to identify cargo hold and storage capacities.,skill/competence > sector-specific,guide ships into docks,Safely guide a ship into a dock and anchor it.,skill/competence > cross-sector,measure ship tonnage. Measure ships to identify cargo hold and storage capacities.,guide ships into docks. Safely guide a ship into a dock and anchor it.,0,none,Hai span mô tả năng lực/đối tượng riêng; không thể hiện kỹ năng này là điều kiện bắt buộc để học hoặc làm kỹ năng kia.
9,IAA_chung,http://data.europa.eu/esco/skill/a9b26f23-26c5-4a45-b0ca-e98e07a06eee__http://data.europa.eu/esco/skill/2aeadb90-7ddc-4329-9268-8d5a6bf76b99,demonstrate specialisation in a dance tradition,"Demonstrate an embodied understanding of dance and dance-making, and an informed artistic viewpoint of your chosen dance style, that enables you to reconstruct or create a choreographic work fully immersed in your selected dance tradition.",skill/competence > sector-specific,perform dances,"Perform in artistic productions of differents disciplines such as classical ballet, modern dance, contemporary dance, early dance, ethnic dance, folk dance, acrobatic dances and street dance.",skill/competence > sector-specific,"demonstrate specialisation in a dance tradition. Demonstrate an embodied understanding of dance and dance-making, and an informed artistic viewpoint of your chosen dance style, that enabl","perform dances. Perform in artistic productions of differents disciplines such as classical ballet, modern dance, contemporary dance, early dance, ethnic",3,none,"Biểu diễn có thể là nền tảng chuyên sâu vũ đạo, nhưng B bao trùm nhiều truyền thống; span không xác định phần biểu diễn bắt buộc trước A."
10,IAA_chung,http://data.europa.eu/esco/skill/bed97655-cb0c-4f05-bfd7-9a79d058619d__http://data.europa.eu/esco/skill/04e08696-b62e-446c-9b53-3b48f9af0904,wildlife projects,"Wildlife and animal conservation projects, which aim to protect and preserve ecosystems and habitats of a wide range of animals under threat from urbanisation.",knowledge > sector-specific,slaughter animals,"Kill animals, usually domestic livestock, for food. Protect animal welfare at slaughter by minimising the pain, distress or suffering of animals at the time of killing. Follow relevant regulations and comply with religious and cultural practices.",skill/competence > sector-specific,"wildlife projects. Wildlife and animal conservation projects, which aim to protect and preserve ecosystems and habitats of a wide range of animals under thre","slaughter animals. Kill animals, usually domestic livestock, for food. Protect animal welfare at slaughter by minimising the pain, distress or suffering of a",0,none,Hai span mô tả năng lực/đối tượng riêng; không thể hiện kỹ năng này là điều kiện bắt buộc để học hoặc làm kỹ năng kia.
11,rieng_Tuan,http://data.europa.eu/esco/skill/75b3de5a-631e-4f03-be48-3808397dc165__http://data.europa.eu/esco/skill/9f817e84-da26-4e80-a3ea-0019045614ee,apply publicity code,"Apply legislation and rules to present products to a public in texts, pictures and other symbols.",skill/competence > occupation-specific,publicity code,"The legislation and rules of publicity when presenting a product in text, pictures or other symbols.",knowledge > occupation-specific,"apply publicity code. Apply legislation and rules to present products to a public in texts, pictures and other symbols.","apply publicity code. Apply legislation and rules to present products to a public in texts, pictures and other symbols. | publicity code. The legislation and rules of publicity when presenting a product in text, pictures or other symbols.",1,B_to_A,A áp dụng luật/quy tắc quảng bá; B là kiến thức về chính luật/quy tắc này.
12,rieng_Tuan,http://data.europa.eu/esco/skill/53a2c0d8-d08d-483f-b708-7d6928f63005__http://data.europa.eu/esco/skill/339ac029-066a-4985-9f9d-b3d7c8fea0bb,supervise well operations,"Supervise well-site operations and manage the staff, including training and supervision of personnel. Manage a crew that works together as a team. Make sure that deadlines are met with in order to maximise customer satisfaction.",skill/competence > sector-specific,manage staff,"Manage employees and subordinates, working in a team or individually, to maximise their performance and contribution. Schedule their work and activities, give instructions, motivate and direct the workers to meet the company objectives. Monitor and measure how an employee undertakes their responsibilities and how well these activities are executed. Identify areas for improvement and make suggestions to achieve this. Lead a group of people to help them achieve goals and maintain an effective work",skill/competence > cross-sector,"supervise well operations. Supervise well-site operations and manage the staff, including training and supervision of personnel. Manage a crew that works together as","manage staff. Manage employees and subordinates, working in a team or individually, to maximise their performance and contribution. Schedule their work",1,B_to_A,"Mô tả A yêu cầu quản lý, huấn luyện và giám sát nhân viên; B cung cấp năng lực quản lý nhân viên cần thực hiện phần đó."
13,rieng_Tuan,http://data.europa.eu/esco/skill/7838de1e-d65e-4a3f-b60b-e2213026116f__http://data.europa.eu/esco/skill/1fe682ad-b8a2-44bb-a557-7eccf79b2014,operate material handling equipment,"Perform general physical activities in warehouse such as loading, unloading and sorting goods; operate handling equipment.",skill/competence > cross-sector,operate recycling processing equipment,"Operate recycling processing equipment such as granulators, crushers and balers; process and sort materials to be recycled.",skill/competence > cross-sector,"operate material handling equipment. Perform general physical activities in warehouse such as loading, unloading and sorting goods; operate handling equipment.","operate recycling processing equipment. Operate recycling processing equipment such as granulators, crushers and balers; process and sort materials to be recycled.",0,none,Hai span mô tả năng lực/đối tượng riêng; không thể hiện kỹ năng này là điều kiện bắt buộc để học hoặc làm kỹ năng kia.
14,IAA_chung,http://data.europa.eu/esco/skill/377861af-f966-4c87-a2db-7e99904312b9__http://data.europa.eu/esco/skill/4f6b656a-54d0-48ce-9b55-ebcac5904a14,geographic information systems,"The tools involved in geographical mapping and positioning, such as GPS (global positioning systems), GIS (geographical information systems), and RS (remote sensing).",knowledge > sector-specific,handle geospatial technologies,"Can use Geospatial Technologies which involve GPS (global positioning systems), GIS (geographical information systems), and RS (remote sensing) in the daily work.",skill/competence > sector-specific,"geographic information systems. The tools involved in geographical mapping and positioning, such as GPS (global positioning systems), GIS (geographical information system","handle geospatial technologies. Can use Geospatial Technologies which involve GPS (global positioning systems), GIS (geographical information systems), and RS (remote sen",1,A_to_B,A mô tả GPS/GIS; B yêu cầu sử dụng chính GPS/GIS trong công nghệ địa không gian.
15,rieng_Tuan,http://data.europa.eu/esco/skill/6be072f1-e340-4f6d-851b-3e64f6f57446__http://data.europa.eu/esco/skill/72aed9bf-33ba-474d-a02e-5ae3de2d5e05,design musical instruments,Develop and design a musical instrument according to customer specification.,skill/competence > sector-specific,operate microscope,"Operate a microscope, an instrument used to see objects that are too small for the naked eye to see.",skill/competence > cross-sector,design musical instruments. Develop and design a musical instrument according to customer specification.,"operate microscope. Operate a microscope, an instrument used to see objects that are too small for the naked eye to see.",0,none,Hai span mô tả năng lực/đối tượng riêng; không thể hiện kỹ năng này là điều kiện bắt buộc để học hoặc làm kỹ năng kia.
16,IAA_chung,http://data.europa.eu/esco/skill/01e5d2e2-d368-4fb9-9be9-9923146482c4__http://data.europa.eu/esco/skill/e17d2415-e79f-4907-908e-5511b515fa3c,attend to detail in casting processes,Attend in the metal processing casting work to specificities and details concerning the quality of the casting and moulds.,skill/competence > sector-specific,casting processes,"The various practices used in the casting of metal, plastics and other cast materials, including mould filling, solidification, cooling, and others, all relating to varying approaches in case of different types of material.",knowledge > sector-specific,attend to detail in casting processes. Attend in the metal processing casting work to specificities and details concerning the quality of the casting and moulds.,"attend to detail in casting processes. Attend in the metal processing casting work to specificities and details concerning the quality of the casting and moulds. | casting processes. The various practices used in the casting of metal, plastics and other cast materials, including mould filling, solidification, cooling, a",1,B_to_A,A kiểm tra chi tiết/chất lượng công việc đúc; B cung cấp hiểu biết các công đoạn đúc và khuôn cùng đối tượng.
17,IAA_chung,http://data.europa.eu/esco/skill/d5fedb98-5bf8-4f95-a336-25857e392c07__http://data.europa.eu/esco/skill/04e08696-b62e-446c-9b53-3b48f9af0904,cultural practices regarding animal slaughter,The cultural or religious rules and traditions regarding the slaughter of animals.,knowledge > sector-specific,slaughter animals,"Kill animals, usually domestic livestock, for food. Protect animal welfare at slaughter by minimising the pain, distress or suffering of animals at the time of killing. Follow relevant regulations and comply with religious and cultural practices.",skill/competence > sector-specific,cultural practices regarding animal slaughter. The cultural or religious rules and traditions regarding the slaughter of animals.,"slaughter animals. Kill animals, usually domestic livestock, for food. Protect animal welfare at slaughter by minimising the pain, distress or suffering of a",1,A_to_B,"Mô tả B yêu cầu tuân thủ thực hành tôn giáo/văn hóa; A cung cấp các quy tắc đó. Đây là suy luận từ mô tả, không phải câu nguồn nói rõ thứ tự học."
18,rieng_Tuan,http://data.europa.eu/esco/skill/03ff0d53-573a-47a0-a0ad-1995815a4339__http://data.europa.eu/esco/skill/89227433-950f-4d9d-b0b0-abc33356ab42,information structure,"The type of infrastructure which defines the format of data: semi-structured, unstructured and structured.",knowledge > sector-specific,manage computer-based transport operation control systems,"Manage digital operation control systems to ensure data transfer between buses. Monitor real-time information about infrastructure, traffic conditions, traffic lights; control voice announcements in buses and provide passengers with real-time information.",skill/competence > occupation-specific,"information structure. The type of infrastructure which defines the format of data: semi-structured, unstructured and structured.","manage computer-based transport operation control systems. Manage digital operation control systems to ensure data transfer between buses. Monitor real-time information about infrastructure, traffi",0,none,Theo dõi/chuyển dữ liệu vận tải không chứng minh phải học phân loại cấu trúc dữ liệu trước.
19,IAA_chung,http://data.europa.eu/esco/skill/875a4e96-dbe6-4673-b3e9-9a06459f77e7__http://data.europa.eu/esco/skill/93b7c809-f6a2-45fa-b815-47a34120227a,maintain mechatronic equipment,"Diagnose and detect malfunctions in mechatronics components and systems and remove, replace, or repair these components when necessary. Execute preventative equipment maintenance tasks, such as storing mechatronics components in clean, dust-free, and non-humid spaces.",skill/competence > sector-specific,maintain snow removal equipment,Perform maintenance of snow and ice removal devices and de-icing equipment to ensure they are ready for use at any time.,skill/competence > sector-specific,"maintain mechatronic equipment. Diagnose and detect malfunctions in mechatronics components and systems and remove, replace, or repair these components when necessary. Ex",maintain snow removal equipment. Perform maintenance of snow and ice removal devices and de-icing equipment to ensure they are ready for use at any time.,0,none,Hai span mô tả năng lực/đối tượng riêng; không thể hiện kỹ năng này là điều kiện bắt buộc để học hoặc làm kỹ năng kia.
20,IAA_chung,http://data.europa.eu/esco/skill/c31db791-e28e-4331-81a4-ddceb51d43f6__http://data.europa.eu/esco/skill/80ffa169-a3ff-47a8-9be1-7731ba543739,design medical supportive devices,"Compose, create and evaluate orthopaedic and prosthetic devices after consulting with physicians, examining and measuring the patient in order to determine the size of the artificial limb.",skill/competence > occupation-specific,prosthetic devices,"The various artificial replacements of body parts or limbs, which were lost during a trauma, disease or an accident.",knowledge > sector-specific,"design medical supportive devices. Compose, create and evaluate orthopaedic and prosthetic devices after consulting with physicians, examining and measuring the patient in o","design medical supportive devices. Compose, create and evaluate orthopaedic and prosthetic devices after consulting with physicians, examining and measuring the patient in order to determine the size of the artificial limb. | prosthetic devices. The various artificial replacements of body parts or limbs, which were lost during a trauma, disease or an accident.",1,B_to_A,A thiết kế và đánh giá thiết bị chỉnh hình/bộ phận giả; B cung cấp hiểu biết về các bộ phận giả đó.
21,rieng_Tuan,http://data.europa.eu/esco/skill/a3aff665-ab4a-4a9a-9eba-0cd60cba6517__http://data.europa.eu/esco/skill/32fcad69-381e-43cb-aebc-94f51ea15bab,conduct physiotherapy assessment,"Undertake physiotherapy assessment, incorporating data collected from subjective, physical examinations and information derived from other relevant sources, maintaining clients` safety, comfort and dignity during assessment.",skill/competence > sector-specific,triage clients for physiotherapy,"Triage clients for physiotherapy, prioritising their assessment and indicating where additional services are required.",skill/competence > sector-specific,"conduct physiotherapy assessment. Undertake physiotherapy assessment, incorporating data collected from subjective, physical examinations and information derived from other","triage clients for physiotherapy. Triage clients for physiotherapy, prioritising their assessment and indicating where additional services are required.",3,none,"Triage ưu tiên việc đánh giá, còn đánh giá cung cấp thông tin lâm sàng; chưa rõ mức đánh giá nào cần trước triage. Không biến thứ tự quy trình thành tiên quyết học."
22,IAA_chung,http://data.europa.eu/esco/skill/dad18fbb-7053-46ed-8a7e-817a10b26ab8__http://data.europa.eu/esco/skill/3de14645-0c33-4ea0-b544-a962e8705173,program home alarm systems,"Select the right settings for the specific situation where the alarm system will operate. Set up zones with different policies if called for. Define how the system will be armed and disarmed. Choose actions to take if the system is triggered, and select various other settings.",skill/competence > occupation-specific,set up photographic equipment,"Choose the best position and orientation of the camera to capture the scene, along with other necessary equipment.",skill/competence > sector-specific,program home alarm systems. Select the right settings for the specific situation where the alarm system will operate. Set up zones with different policies if called f,"set up photographic equipment. Choose the best position and orientation of the camera to capture the scene, along with other necessary equipment.",0,none,Hai span mô tả năng lực/đối tượng riêng; không thể hiện kỹ năng này là điều kiện bắt buộc để học hoặc làm kỹ năng kia.
23,rieng_Tuan,http://data.europa.eu/esco/skill/8c30f212-806e-49f6-ba1d-77ec0f0df524__http://data.europa.eu/esco/skill/c3cad273-2cd4-4e4c-9d0a-4d7ed638fc36,design electromagnets,"Design and develop conducting electromagnets or products and machines using electromagnetism, such as loudspeakers and MRI machines. Make sure the requirements for performance, reliability, and manufacturability are met.",skill/competence > sector-specific,electromagnets,"Magnets in which magnetic fields are produced by electric current. By manipulating the electric current, the magnetic fields can be changed and manipulated as well, which allows more control than permanent non-electric magnets. Electromagnets are commonly used in electrical devices, such as loudspeakers, hard disks, MRI devices, and electric motors.",knowledge > sector-specific,"design electromagnets. Design and develop conducting electromagnets or products and machines using electromagnetism, such as loudspeakers and MRI machines. Make","design electromagnets. Design and develop conducting electromagnets or products and machines using electromagnetism, such as loudspeakers and MRI machines. Make | electromagnets. Magnets in which magnetic fields are produced by electric current. By manipulating the electric current, the magnetic fields can be change | nged and manipulated as well, which allows more control than permanent non-electric magnets. Electromagnets are commonly used in electrical devices, such as loudspeakers, hard disks, MRI devices, and electric motors.",1,B_to_A,A thiết kế nam châm điện; B cung cấp nguyên lý từ trường do dòng điện và các ứng dụng cùng đối tượng.
24,IAA_chung,http://data.europa.eu/esco/skill/f5a2523e-8b1f-4541-b9e8-cd27e2d9cd7b__http://data.europa.eu/esco/skill/a8797f21-1af0-4c5e-98ca-bf1442929363,analyse your fight discipline expertise,Describe experience in your discipline and within an artistic environment. Identify relevant elements to define an approach of your fight discipline in the artistic field. Describe your training background. Identify training that is relevant for the artistic approach of your fight discipline.,skill/competence > sector-specific,interact with users to gather requirements,Communicate with users to identify their requirements and collect them. Define all relevant user requirements and document them in an understandable and logical way for further analysis and specification.,skill/competence > sector-specific,analyse your fight discipline expertise. Describe experience in your discipline and within an artistic environment. Identify relevant elements to define an approach of your fight,interact with users to gather requirements. Communicate with users to identify their requirements and collect them. Define all relevant user requirements and document them in an unde,0,none,Hai span mô tả năng lực/đối tượng riêng; không thể hiện kỹ năng này là điều kiện bắt buộc để học hoặc làm kỹ năng kia.
25,rieng_Tuan,http://data.europa.eu/esco/skill/229b10cf-6f3a-490c-9706-01c107df0562__http://data.europa.eu/esco/skill/02c1a369-f1e7-4f8e-8882-d7ded57f9cf4,facilitate teamwork between students,"Encourage students to cooperate with others in their learning by working in teams, for example through group activities.",skill/competence > sector-specific,empathise with outdoor groups,Identify the outdoor activities permitted or suited in an outdoor setting based on the group's needs.,skill/competence > sector-specific,"facilitate teamwork between students. Encourage students to cooperate with others in their learning by working in teams, for example through group activities.",empathise with outdoor groups. Identify the outdoor activities permitted or suited in an outdoor setting based on the group's needs.,0,none,Hai span mô tả năng lực/đối tượng riêng; không thể hiện kỹ năng này là điều kiện bắt buộc để học hoặc làm kỹ năng kia.
26,IAA_chung,http://data.europa.eu/esco/skill/8ed53702-3e4e-4637-a4c3-9dc8f4281019__http://data.europa.eu/esco/skill/05fd5f15-5bde-472d-9e1c-5aaa4f59c2a8,install construction profiles,Install a variety of metal or plastic profiles used to attach materials to each other or to structural elements. Cut them to size if called for.,skill/competence > sector-specific,crimping,The joining of two pieces of metal together by deforming one or both so they fit into each other.,knowledge > cross-sector,install construction profiles. Install a variety of metal or plastic profiles used to attach materials to each other or to structural elements. Cut them to size if calle,crimping. The joining of two pieces of metal together by deforming one or both so they fit into each other.,0,none,Lắp profile không được mô tả là bắt buộc dùng kỹ thuật crimping.
27,rieng_Tuan,http://data.europa.eu/esco/skill/0449bf39-a288-4ecc-823a-3d194be5e932__http://data.europa.eu/esco/skill/841ec8d9-ff33-4e76-af59-27ace79c2932,techniques of blood-sampling,"The appropriate techniques for the collection of blood samples for laboratory work purposes, depending on the group of people targeted such as children or elderly.",knowledge > sector-specific,blood type classification,"The classification of blood types such as group A, B, AB, 0 and their characteristics.",knowledge > sector-specific,"techniques of blood-sampling. The appropriate techniques for the collection of blood samples for laboratory work purposes, depending on the group of people targeted suc","blood type classification. The classification of blood types such as group A, B, AB, 0 and their characteristics.",0,none,Lấy mẫu máu và phân loại nhóm máu là các năng lực khác; không có thứ tự học bắt buộc. Nhất quán với hàng 1.
28,rieng_Tuan,http://data.europa.eu/esco/skill/fe358ce4-bbe7-45d8-94e6-11a86a75dfab__http://data.europa.eu/esco/skill/28cd3cc4-5b92-47e6-9534-a0e1a4981103,perform vascular surgery therapeutic procedures,"Perform vascular surgical interventions, such as arterial exposure and control, repair of vascular trauma, aortic reconstruction, repair of aortic aneurysms, carotid surgery, endarterectomy, endovascular interventions, and thrombosis treatments, reconstruction and vessel occlusion.",skill/competence > sector-specific,emergency surgery,The characteristics and methods of a surgical intervention performed in emergency cases.,knowledge > sector-specific,"perform vascular surgery therapeutic procedures. Perform vascular surgical interventions, such as arterial exposure and control, repair of vascular trauma, aortic reconstruction, repair o",emergency surgery. The characteristics and methods of a surgical intervention performed in emergency cases.,3,none,Một số thủ thuật mạch máu có thể thực hiện cấp cứu; span không cho biết kiến thức phẫu thuật cấp cứu có bắt buộc cho toàn bộ A.
29,rieng_Tuan,http://data.europa.eu/esco/skill/50b92084-93fd-4fa4-b2e8-d4be690603b9__http://data.europa.eu/esco/skill/00a4e92d-e410-42b8-ba2d-d7b3febf49e0,track shipping sites,Track the different shipping sites where packages arrive in order to maintain an efficient distribution system and on-time tracking systems for customers.,skill/competence > sector-specific,handle customer requests related to cargo,"Handle requests of port users and customers in the field of containers, shipping arrangements or cargo.",skill/competence > occupation-specific,track shipping sites. Track the different shipping sites where packages arrive in order to maintain an efficient distribution system and on-time tracking system,"handle customer requests related to cargo. Handle requests of port users and customers in the field of containers, shipping arrangements or cargo.",0,none,"Theo dõi địa điểm giao hàng có thể hỗ trợ trả lời một số yêu cầu, nhưng xử lý yêu cầu vận tải rộng hơn không bắt buộc kỹ năng này."
30,rieng_Tuan,http://data.europa.eu/esco/skill/aea2e3d5-428d-474f-b696-4eb8c95f39a7__http://data.europa.eu/esco/skill/00eada7f-0b83-4f0c-af81-d7f92d838000,grade tobacco leaves,Grade tobacco leaves to reflect their quality and suitability for different tobacco products.,skill/competence > sector-specific,cure tobacco leaves,"Remove the moisture out of the tobacco leaves directly after harvesting them through various processes such as air curing, flue curing or sun curing.",skill/competence > sector-specific,grade tobacco leaves. Grade tobacco leaves to reflect their quality and suitability for different tobacco products.,"cure tobacco leaves. Remove the moisture out of the tobacco leaves directly after harvesting them through various processes such as air curing, flue curing or",0,none,Các công đoạn xử lý và phân hạng lá thuốc cùng quy trình sản phẩm; span không yêu cầu học kỹ năng này trước kỹ năng kia.
31,IAA_chung,http://data.europa.eu/esco/skill/03d93b02-a461-4815-a4c0-b46451afc1c2__http://data.europa.eu/esco/skill/ed0acb70-1077-4005-a611-fdc4f6942ef5,manage claim files,"Follow up on the progress of a claim file, keep all parties informed of the status of the file, ensure the customer receives the damages owed, treat any problems or complaints from customers, close the file and give information to an authorised person or department when there is suspicion of fraud.",skill/competence > sector-specific,manage loans,"Evaluate and approve or reject commercial, real state or credit loans. Follow up their status and advice borrowers on financial status and payment methods.",skill/competence > occupation-specific,"manage claim files. Follow up on the progress of a claim file, keep all parties informed of the status of the file, ensure the customer receives the damages o","manage loans. Evaluate and approve or reject commercial, real state or credit loans. Follow up their status and advice borrowers on financial status and",0,none,Hai span mô tả năng lực/đối tượng riêng; không thể hiện kỹ năng này là điều kiện bắt buộc để học hoặc làm kỹ năng kia.
32,rieng_Tuan,http://data.europa.eu/esco/skill/ec8a9c7f-1d84-4c8a-82c4-d4afe2874483__http://data.europa.eu/esco/skill/266ea734-31b2-4e44-9d00-0a3fd03fa454,advise on foreign affairs policies,Advise governments or other public organisations on the development and implementation of foreign affairs policies.,skill/competence > cross-sector,foreign affairs,The operations of a foreign affairs department in a government or public organisation and its regulations.,knowledge > cross-sector,advise on foreign affairs policies. Advise governments or other public organisations on the development and implementation of foreign affairs policies.,advise on foreign affairs policies. Advise governments or other public organisations on the development and implementation of foreign affairs policies. | foreign affairs. The operations of a foreign affairs department in a government or public organisation and its regulations. | s. Advise governments or other public organisations on the development and implementation of foreign affairs policies.,1,B_to_A,A tư vấn xây dựng/triển khai chính sách đối ngoại; B cung cấp hoạt động và quy định của lĩnh vực đối ngoại.
33,IAA_chung,http://data.europa.eu/esco/skill/949fe489-274a-4ce5-8c00-334b46b144e3__http://data.europa.eu/esco/skill/118796d8-28a3-4865-bcd0-d037f4abcc0f,operate horticulture equipment,Operate horticultural equipment and assist with servicing. Ensure that vehicles are roadworthy before starting the work.,skill/competence > sector-specific,coordinate greenhouse environment,Take care of the heating and cooling of greenhouses. Work together with the Grounds and Buildings Manager in keeping the irrigation systems and the horticultural equipment in good condition.,skill/competence > sector-specific,operate horticulture equipment. Operate horticultural equipment and assist with servicing. Ensure that vehicles are roadworthy before starting the work.,coordinate greenhouse environment. Take care of the heating and cooling of greenhouses. Work together with the Grounds and Buildings Manager in keeping the irrigation system,0,none,Hai span mô tả năng lực/đối tượng riêng; không thể hiện kỹ năng này là điều kiện bắt buộc để học hoặc làm kỹ năng kia.
34,IAA_chung,http://data.europa.eu/esco/skill/3c4e22ca-2657-4cc6-993e-de559c8ac33d__http://data.europa.eu/esco/skill/29995454-fb0a-4e7e-88e7-fe915476469a,operate laminating machine,"Set up and start the lamination process, where a sheet of paper is inserted in a machine and slid through two rolls on metal bars ('mandrels'), where a plastic film is added. These processes also involve heating and gluing.",skill/competence > occupation-specific,fibreglass laminating,"Process of applying multiple layers of fiberglass, a strong lightweight plastic reinforced with glass fibre woven into mats, using various techniques such as applying pressure or adhesives, welding or heating in order to provide strength and stability to the composite material. The fibreglass can also be sprayed in liquid form onto products.",knowledge > cross-sector,"operate laminating machine. Set up and start the lamination process, where a sheet of paper is inserted in a machine and slid through two rolls on metal bars ('mandre","fibreglass laminating. Process of applying multiple layers of fiberglass, a strong lightweight plastic reinforced with glass fibre woven into mats, using various",0,none,Máy cán màng giấy và quy trình đắp lớp sợi thủy tinh khác đối tượng/công nghệ; tên laminating không chứng minh tiên quyết.
35,rieng_Tuan,http://data.europa.eu/esco/skill/fd978625-48d6-459b-8614-375bcd442fb8__http://data.europa.eu/esco/skill/0359f76c-3ef3-4e52-abcf-1b2b32ed20a5,grade coffee beans,"Grade coffee beans based on their characteristics, defects, size, colour, moisture content, taste, acidity, body, or aroma.",skill/competence > sector-specific,taste wines,"Taste wines to have a sensory examination and evaluation of wine, and to check wine appearance and evaluate characteristics such as the in glass aroma, the in mouth sensations and the aftertaste.",skill/competence > occupation-specific,"grade coffee beans. Grade coffee beans based on their characteristics, defects, size, colour, moisture content, taste, acidity, body, or aroma.","taste wines. Taste wines to have a sensory examination and evaluation of wine, and to check wine appearance and evaluate characteristics such as the in",0,none,Hai span mô tả năng lực/đối tượng riêng; không thể hiện kỹ năng này là điều kiện bắt buộc để học hoặc làm kỹ năng kia.
36,rieng_Tuan,http://data.europa.eu/esco/skill/4da171e5-779c-4983-a76f-91c16751e99f__http://data.europa.eu/esco/skill/ab1e97ed-2319-4293-a8b7-072d2648822f,MySQL,"The computer program MySQL is a tool for creating, updating and managing databases, currently developed by the software company Oracle.",knowledge > sector-specific,database management systems,"The tools for creating, updating and managing databases, such as Oracle, MySQL and Microsoft SQL Server.",knowledge > sector-specific,"management systems. The tools for creating, updating and managing databases, such as Oracle, MySQL and Microsoft SQL Server. | MySQL. The computer program MySQL is a tool for creating, updating and managing databases, currently developed by the software company Oracle.","database management systems. The tools for creating, updating and managing databases, such as Oracle, MySQL and Microsoft SQL Server.",0,none,MySQL là một ví dụ DBMS; quan hệ loại–ví dụ không chứng minh phải học MySQL trước DBMS hoặc ngược lại.
37,IAA_chung,http://data.europa.eu/esco/skill/53456d90-8c0d-4bd2-9f1b-312619b6e2a6__http://data.europa.eu/esco/skill/52b38e90-3d05-4042-a9e2-d19dec8dd7c1,hardware testing methods,"Those processes in which hardware components or systems are tested, such as the system test (ST), the ongoing reliability test (ORT), and the in-circuit test (ICT).",knowledge > cross-sector,test hardware,"Test computer hardware systems and components using appropriate equipment and testing methods, such as the system test (ST), the ongoing reliability test (ORT), and the in-circuit test (ICT). Monitor and evaluate system performance and take action if needed.",skill/competence > cross-sector,"hardware testing methods. Those processes in which hardware components or systems are tested, such as the system test (ST), the ongoing reliability test (ORT), and","test hardware. Test computer hardware systems and components using appropriate equipment and testing methods, such as the system test (ST), the ongoing r",1,A_to_B,A nêu các phương pháp kiểm thử phần cứng; B yêu cầu dùng đúng các phương pháp kiểm thử đó.
38,rieng_Tuan,http://data.europa.eu/esco/skill/9ba355be-f119-42b6-a7d6-52f6ce2e4a3f__http://data.europa.eu/esco/skill/a2b5dcf3-5b6a-453d-876c-cff540c0faf1,design circuits using CAD,Draught sketches and design electronic circuitry; utilise Computer Aided Design (CAD) software and equipment.,skill/competence > cross-sector,CAD software,"The computer-aided design (CAD) software for creating, modifying, analysing or optimising a design.",knowledge > cross-sector,design circuits using CAD. Draught sketches and design electronic circuitry; utilise Computer Aided Design (CAD) software and equipment.,"CAD software. The computer-aided design (CAD) software for creating, modifying, analysing or optimising a design.",1,B_to_A,A yêu cầu sử dụng phần mềm CAD để thiết kế mạch; B là kiến thức về công cụ CAD đó.
39,IAA_chung,http://data.europa.eu/esco/skill/b23d8ad9-3b81-4846-a822-3d9c66393460__http://data.europa.eu/esco/skill/ef1e63c9-f8c1-46ad-8c74-3cea311c9377,follow research on special needs education,Keep up to date with new studies and related upcoming regulations concerning education for students with special needs.,skill/competence > sector-specific,special needs education,"The teaching methods, equipment and settings used to support students with special needs in achieving succes in school or community.",knowledge > cross-sector,follow research on special needs education. Keep up to date with new studies and related upcoming regulations concerning education for students with special needs.,"follow research on special needs education. Keep up to date with new studies and related upcoming regulations concerning education for students with special needs. | special needs education. The teaching methods, equipment and settings used to support students with special needs in achieving succes in school or community.",3,none,"Kiến thức giáo dục đặc biệt có thể cần để hiểu nghiên cứu, nhưng A chỉ yêu cầu theo dõi/cập nhật; chưa chứng minh mức kiến thức B bắt buộc."
40,rieng_Tuan,http://data.europa.eu/esco/skill/4f3b03f2-1108-4b1b-954e-992f84cd38ba__http://data.europa.eu/esco/skill/1a4490c8-e98b-49f0-bdc8-78484a978dc0,prepare warranty documents for audiology equipment,Compose warranty forms for audio and video devices sold to customers.,skill/competence > cross-sector,audiology,"The science related to the hearing, balance and other related disorders and conditions specific to adults or children.",knowledge > sector-specific,prepare warranty documents for audiology equipment. Compose warranty forms for audio and video devices sold to customers.,"prepare warranty documents for audiology equipment. Compose warranty forms for audio and video devices sold to customers. | audiology. The science related to the hearing, balance and other related disorders and conditions specific to adults or children.",0,none,"B là khoa học thính giác, trong khi mô tả A nói biểu mẫu bảo hành thiết bị audio/video; tên nhãn không đủ chứng minh tiên quyết."
41,rieng_Tuan,http://data.europa.eu/esco/skill/a6624cfc-a134-4d47-b425-b40f4747016a__http://data.europa.eu/esco/skill/51f86650-a633-4d4b-baec-88d16d6f202f,use painting techniques,"Apply painting techniques such as 'trompe l'oeil', 'faux finishing' and aging techniques.",skill/competence > sector-specific,apply smithing techniques,"Apply techniques and use technologies in relation to the various smithing processes, including sculpting, forging, upsetting, heat treating, and finishing.",skill/competence > cross-sector,"use painting techniques. Apply painting techniques such as 'trompe l'oeil', 'faux finishing' and aging techniques.","apply smithing techniques. Apply techniques and use technologies in relation to the various smithing processes, including sculpting, forging, upsetting, heat treatin",0,none,Hai span mô tả năng lực/đối tượng riêng; không thể hiện kỹ năng này là điều kiện bắt buộc để học hoặc làm kỹ năng kia.
42,rieng_Tuan,http://data.europa.eu/esco/skill/488d5779-aaed-4a94-b56c-bacc4becd6cb__http://data.europa.eu/esco/skill/c5c51528-ccfc-4c53-b409-c200aaa44222,liaise with crop growers,Give advice to agronomical and horticultural crop growers regarding aspects such as the maintenance of crops and more technical information concerning business and product development issues.,skill/competence > sector-specific,liaise with engineers,"Collaborate with engineers to ensure common understanding and discuss product design, development and improvement.",skill/competence > cross-sector,liaise with crop growers. Give advice to agronomical and horticultural crop growers regarding aspects such as the maintenance of crops and more technical informatio,"liaise with engineers. Collaborate with engineers to ensure common understanding and discuss product design, development and improvement.",0,none,Hai span mô tả năng lực/đối tượng riêng; không thể hiện kỹ năng này là điều kiện bắt buộc để học hoặc làm kỹ năng kia.
43,rieng_Tuan,http://data.europa.eu/esco/skill/01e5d2e2-d368-4fb9-9be9-9923146482c4__http://data.europa.eu/esco/skill/0f2cb38a-6e97-4f49-80f7-1da9e5835ed0,attend to detail in casting processes,Attend in the metal processing casting work to specificities and details concerning the quality of the casting and moulds.,skill/competence > sector-specific,buffing motions,"The different processes, or motions, used in polishing, depending on the desired end result concerning the level of smoothness and shininess of the metal workpiece: cut motion or colour motion.",knowledge > cross-sector,attend to detail in casting processes. Attend in the metal processing casting work to specificities and details concerning the quality of the casting and moulds.,"buffing motions. The different processes, or motions, used in polishing, depending on the desired end result concerning the level of smoothness and shinine",0,none,Hai span mô tả năng lực/đối tượng riêng; không thể hiện kỹ năng này là điều kiện bắt buộc để học hoặc làm kỹ năng kia.
44,rieng_Tuan,http://data.europa.eu/esco/skill/c7e686a1-d03e-4641-a229-68247fdc5887__http://data.europa.eu/esco/skill/04455dce-a796-4a1f-bd07-ad42bdbda180,legal terminology,The special terms and phrases used in the field of law.,knowledge > cross-sector,forensic pathology,"The legal procedures and techniques used to determine the cause of death of an individual, as part of an investigation of criminal law cases.",knowledge > occupation-specific,legal terminology. The special terms and phrases used in the field of law.,"forensic pathology. The legal procedures and techniques used to determine the cause of death of an individual, as part of an investigation of criminal law cas",3,none,"B có nội dung thủ tục pháp lý, nhưng span chưa xác định năng lực thuật ngữ pháp lý A là tiên quyết riêng hay kiến thức được học trong B."
45,IAA_chung,http://data.europa.eu/esco/skill/7f67f82e-73c5-4dc0-b506-8e0b1a84f614__http://data.europa.eu/esco/skill/477034ef-132e-467a-94af-30d017fefd26,bind wire,"Bind cables or wire together using cable ties, conduit, cable lacing, sleeves, spot ties, cable clamps, or straps.",skill/competence > cross-sector,wire control panel,"Strip the wire ends to ensure proper connections and attach wires to the components on the control panel. Pay attention to the wire label, colour, and size. Organise the wire by using a wire duct or cable tie.",skill/competence > occupation-specific,"bind wire. Bind cables or wire together using cable ties, conduit, cable lacing, sleeves, spot ties, cable clamps, or straps.","wire control panel. Strip the wire ends to ensure proper connections and attach wires to the components on the control panel. Pay attention to the wire label,",0,none,Bó dây và đấu dây bảng điều khiển là thao tác khác; span không yêu cầu bó dây trước đấu dây.
46,IAA_chung,http://data.europa.eu/esco/skill/4df04290-0084-499a-b52c-a43ff074e198__http://data.europa.eu/esco/skill/01e5d2e2-d368-4fb9-9be9-9923146482c4,operations department processes,"The different processes, duties, jargon, role in an organisation, and other specificities of the operations and manufacturing department within an organisation such as purchasing, supply chain processes, and goods handling.",knowledge > sector-specific,attend to detail in casting processes,Attend in the metal processing casting work to specificities and details concerning the quality of the casting and moulds.,skill/competence > sector-specific,"operations department processes. The different processes, duties, jargon, role in an organisation, and other specificities of the operations and manufacturing department w",attend to detail in casting processes. Attend in the metal processing casting work to specificities and details concerning the quality of the casting and moulds.,0,none,Kiến thức bộ phận vận hành rộng không được chỉ ra là tiên quyết cho chú ý chất lượng đúc.
47,rieng_Tuan,http://data.europa.eu/esco/skill/2ff405ec-f59c-4a7b-84b6-9776a49582c4__http://data.europa.eu/esco/skill/2c02fb07-de47-46d3-8a99-b916137951ef,bookkeeping regulations,The methods and regulations involved in the process of accurate bookkeeping.,knowledge > cross-sector,visit suppliers,Visit local or international suppliers to get an accurate understanding of their services and report back to clients on that basis.,skill/competence > sector-specific,bookkeeping regulations. The methods and regulations involved in the process of accurate bookkeeping.,visit suppliers. Visit local or international suppliers to get an accurate understanding of their services and report back to clients on that basis.,0,none,Hai span mô tả năng lực/đối tượng riêng; không thể hiện kỹ năng này là điều kiện bắt buộc để học hoặc làm kỹ năng kia.
48,IAA_chung,http://data.europa.eu/esco/skill/559106f8-b7bb-4b56-80a7-16c9c1cdf830__http://data.europa.eu/esco/skill/bc77d17c-298a-4145-8039-836e0b2093bc,manage shipment risks,"Handle risky or dangerous cargo. Ensure that that every shipment operation is executed in an appropriate manner. Calculate cargo weight, ensure that cranes are correctly positioned and see that containers fit into shipment.",skill/competence > sector-specific,determine crane load,Calculate weight of crane loads; compare weighing results to lifting capacities in order to prevent overload and ensure safety.,skill/competence > occupation-specific,"manage shipment risks. Handle risky or dangerous cargo. Ensure that that every shipment operation is executed in an appropriate manner. Calculate cargo weight, e",determine crane load. Calculate weight of crane loads; compare weighing results to lifting capacities in order to prevent overload and ensure safety.,3,none,A có tính khối lượng hàng và bố trí cần cẩu; B có tính tải và so với sức nâng. Có phần hỗ trợ an toàn nhưng chưa chứng minh phải có toàn bộ B trước A.
49,rieng_Tuan,http://data.europa.eu/esco/skill/eee58e6d-4587-42f0-b9a0-fe055cfe2044__http://data.europa.eu/esco/skill/50be6d0d-2eee-403f-ac4a-a550681684ae,develop animations,"Design and develop visual animations using creativity and computer skills. Make objects or characters appear lifelike by manipulating light, colour, texture, shadow, and transparency, or manipulating static images to give the illusion of motion.",skill/competence > sector-specific,develop store design,"Develop visual concepts and strategies to promote retail brands, products and services, for in-store design, catalogue design and web shop design.",skill/competence > occupation-specific,develop animations. Design and develop visual animations using creativity and computer skills. Make objects or characters appear lifelike by manipulating ligh,"develop store design. Develop visual concepts and strategies to promote retail brands, products and services, for in-store design, catalogue design and web shop",0,none,Hai span mô tả năng lực/đối tượng riêng; không thể hiện kỹ năng này là điều kiện bắt buộc để học hoặc làm kỹ năng kia.
50,IAA_chung,http://data.europa.eu/esco/skill/a501695e-a054-409c-9456-75678b795245__http://data.europa.eu/esco/skill/05d529f7-a76a-4d45-b681-5e03eb505845,thoracic surgery,Thoracic surgery is a medical specialty mentioned in the EU Directive 2005/36/EC.,knowledge > sector-specific,operate patients with thoracic diseases,"Perform thoracic surgery on patients with diseases such as lung cancer, severe emphysema, cancer of the oesophagus, gastroesophageal reflux disease, hiatal hernias, swallowing disorders such as achalasia, and excess sweating, usually of the upper extremity called hyperhydrosis.",skill/competence > sector-specific,"operate patients with thoracic diseases. Perform thoracic surgery on patients with diseases such as lung cancer, severe emphysema, cancer of the oesophagus, gastroesophageal reflux disease, hiatal hernias, | thoracic surgery. Thoracic surgery is a medical specialty mentioned in the EU Directive 2005/36/EC.","operate patients with thoracic diseases. Perform thoracic surgery on patients with diseases such as lung cancer, severe emphysema, cancer of the oesophagus, gastroesophageal reflu",1,A_to_B,B yêu cầu thực hiện phẫu thuật lồng ngực; kiến thức chuyên ngành A là nền tảng trực tiếp. Span không nêu chương trình đào tạo.
51,rieng_Tuan,http://data.europa.eu/esco/skill/c606cb12-9c63-4d2d-a58a-934b1dd3a0a8__http://data.europa.eu/esco/skill/5330b70e-16f5-43a7-a6de-18fd6a4bd063,develop public relations strategies,"Plan, coordinate and implement all the efforts required in a public relations strategy such as defining the targets, preparing communications, contacting partners, and spreading information among stakeholders.",skill/competence > cross-sector,public relations,The practice of managing all aspects of the image and perception of a company or individual among stakeholders and the society at large.,knowledge > cross-sector,"develop public relations strategies. Plan, coordinate and implement all the efforts required in a public relations strategy such as defining the targets, preparing communicati","develop public relations strategies. Plan, coordinate and implement all the efforts required in a public relations strategy such as defining the targets, preparing | public relations. The practice of managing all aspects of the image and perception of a company or individual among stakeholders and the society at large. | op public relations strategies. Plan, coordinate and implement all the efforts required in a public relations strategy such as defining the targets, preparing communications, contacting partners, and spreading information among stakeholders.",1,B_to_A,A xây dựng và triển khai chiến lược quan hệ công chúng; B cung cấp kiến thức về hoạt động quan hệ công chúng.
52,IAA_chung,http://data.europa.eu/esco/skill/4c98771c-e5b9-4865-b2f1-d8a64afb1c45__http://data.europa.eu/esco/skill/fd926b0d-c281-4eec-bf71-ac418c7d2561,tend fibreglass machine,Tend the machine used to create fibreglass products such as lawn furniture or boat hulls by spraying molten glassfibre.,skill/competence > occupation-specific,tend chain making machine,"Tend a metalworking machine designed to form metal chains, monitor and operate it according to regulations.",skill/competence > occupation-specific,tend fibreglass machine. Tend the machine used to create fibreglass products such as lawn furniture or boat hulls by spraying molten glassfibre.,"tend chain making machine. Tend a metalworking machine designed to form metal chains, monitor and operate it according to regulations.",0,none,Hai span mô tả năng lực/đối tượng riêng; không thể hiện kỹ năng này là điều kiện bắt buộc để học hoặc làm kỹ năng kia.
53,IAA_chung,http://data.europa.eu/esco/skill/7369f779-4b71-4aab-8836-48b69c676eec__http://data.europa.eu/esco/skill/ab1e97ed-2319-4293-a8b7-072d2648822f,operate relational database management system,"Extract, store and verify information using database management systems based on the relational database model, which arranges data into tables of rows and columns, such as Oracle Database, Microsoft SQL Server and MySQL.",skill/competence > sector-specific,database management systems,"The tools for creating, updating and managing databases, such as Oracle, MySQL and Microsoft SQL Server.",knowledge > sector-specific,"operate relational database management system. Extract, store and verify information using database management systems based on the relational database model, which arranges data into t","operate relational database management system. Extract, store and verify information using database management systems based on the relational database model, which arranges data into tables of rows and columns, such as Oracle Database, Microsoft SQL Server | database management systems. The tools for creating, updating and managing databases, such as Oracle, MySQL and Microsoft SQL Server.",1,B_to_A,"A trích xuất, lưu trữ và xác minh dữ liệu bằng DBMS quan hệ; B cung cấp kiến thức công cụ quản trị cơ sở dữ liệu."
54,rieng_Tuan,http://data.europa.eu/esco/skill/8af80013-01db-404b-941b-03bed901dc37__http://data.europa.eu/esco/skill/0476ca2b-f84e-4657-95b1-ad80bc48d002,cut ornamental design,"Cut decorative designs from a work piece of various materials, such as metal or wood, using hand tools or semi-automatic equipment.",skill/competence > occupation-specific,emboss designs,"Instead of raising a design (embossing) this process recesses the design, forcing the material down from the surface. It produces a different effect or appearance on the material.",skill/competence > sector-specific,"cut ornamental design. Cut decorative designs from a work piece of various materials, such as metal or wood, using hand tools or semi-automatic equipment.","emboss designs. Instead of raising a design (embossing) this process recesses the design, forcing the material down from the surface. It produces a differ",0,none,Hai span mô tả năng lực/đối tượng riêng; không thể hiện kỹ năng này là điều kiện bắt buộc để học hoặc làm kỹ năng kia.
55,IAA_chung,http://data.europa.eu/esco/skill/7594068e-1a9d-4d39-b6f8-aa10f9792d2d__http://data.europa.eu/esco/skill/33784b61-bd86-4451-8a89-741ada5f8475,operate steam turbine,"Operate equipment which uses thermal energy, extracted from pressurised steam, to generate rotary motion. Ensure that the turbine is balanced, and operates according to safety regulations and legislation, by monitoring the equipment during operations.",skill/competence > sector-specific,maintain photovoltaic systems,"Perform maintenance tasks and repairs on systems which generate electrical energy through the conversion of light into electric currents, the photovoltaic effect. Ensure compliance with regulations, and correct installation of the photovoltaic power system.",skill/competence > sector-specific,"operate steam turbine. Operate equipment which uses thermal energy, extracted from pressurised steam, to generate rotary motion. Ensure that the turbine is balan","maintain photovoltaic systems. Perform maintenance tasks and repairs on systems which generate electrical energy through the conversion of light into electric currents,",0,none,Hai span mô tả năng lực/đối tượng riêng; không thể hiện kỹ năng này là điều kiện bắt buộc để học hoặc làm kỹ năng kia.
56,IAA_chung,http://data.europa.eu/esco/skill/86c6e967-2e4f-4bfe-9fe6-abf1c40d8cbc__http://data.europa.eu/esco/skill/b387bca8-0f61-4548-b41c-2fe6887d1534,comply with air traffic control operations,Act in compliance with instruction provided by air traffic controllers.,skill/competence > sector-specific,air traffic control operations,"The procedures for organising air traffic, preventing collisions and ensuring smooth operations during flights, and the tasks performed by air traffic controllers, including Interaction and effective communication between aircraft and air traffic controllers.",knowledge > sector-specific,comply with air traffic control operations. Act in compliance with instruction provided by air traffic controllers.,"comply with air traffic control operations. Act in compliance with instruction provided by air traffic controllers. | air traffic control operations. The procedures for organising air traffic, preventing collisions and ensuring smooth operations during flights, and the tasks performed by",3,none,"Làm theo chỉ dẫn kiểm soát không lưu có thể cần hiểu quy trình, nhưng không nhất thiết phải nắm toàn bộ nhiệm vụ của kiểm soát viên; span chưa xác định phạm vi bắt buộc."
57,rieng_Tuan,http://data.europa.eu/esco/skill/0dcbf7c5-bedf-4485-b16b-23df54443864__http://data.europa.eu/esco/skill/14525f24-afb4-4a4e-80a7-facf27080cdd,translate requirement concepts into content,Develop digital content by following given requirements and guidelines.,skill/competence > sector-specific,manage digital libraries,"Collect, manage and preserve for permanent access digital content and offer to targeted user communities specialised search and retrieval functionality.",skill/competence > sector-specific,translate requirement concepts into content. Develop digital content by following given requirements and guidelines.,"manage digital libraries. Collect, manage and preserve for permanent access digital content and offer to targeted user communities specialised search and retrieval",0,none,Hai span mô tả năng lực/đối tượng riêng; không thể hiện kỹ năng này là điều kiện bắt buộc để học hoặc làm kỹ năng kia.
58,rieng_Tuan,http://data.europa.eu/esco/skill/57cc49a3-e8b6-4fe1-96d7-1807ad11ff4a__http://data.europa.eu/esco/skill/0460013b-e73a-4200-8c11-88b3b60a222a,operate machines for the rubber extrusion process,Operate the extruder machine and the curing press aiming to cure and extrude rubber products.,skill/competence > cross-sector,perform manual spiral binding,Operate preformed spiral binding in perforated holes of items and hold the spiral against rubber-covered spindles or wringer-like rollers. These further twist the spiral into any remaining perforations.,skill/competence > occupation-specific,operate machines for the rubber extrusion process. Operate the extruder machine and the curing press aiming to cure and extrude rubber products.,perform manual spiral binding. Operate preformed spiral binding in perforated holes of items and hold the spiral against rubber-covered spindles or wringer-like rollers.,0,none,Hai span mô tả năng lực/đối tượng riêng; không thể hiện kỹ năng này là điều kiện bắt buộc để học hoặc làm kỹ năng kia.
59,IAA_chung,http://data.europa.eu/esco/skill/048f3205-6b1a-43e0-9f76-8c43562c6140__http://data.europa.eu/esco/skill/f9612b76-b990-4118-87fa-04741c9a7aab,check quality of enamel,"Assess enamel by using a needle. If defective, remove it and repeat the enamel process.",skill/competence > occupation-specific,apply airport lighting maintenance procedures,"Apply light maintenance procedures in airports, whereby defective parts are removed and immediately replaced with a new one. Following this, the defective part is taken to the workshop for repair.",skill/competence > occupation-specific,"check quality of enamel. Assess enamel by using a needle. If defective, remove it and repeat the enamel process.","apply airport lighting maintenance procedures. Apply light maintenance procedures in airports, whereby defective parts are removed and immediately replaced with a new one. Following thi",0,none,Hai span mô tả năng lực/đối tượng riêng; không thể hiện kỹ năng này là điều kiện bắt buộc để học hoặc làm kỹ năng kia.
60,IAA_chung,http://data.europa.eu/esco/skill/99207709-d076-4cce-ba38-e90d3bb28806__http://data.europa.eu/esco/skill/03ff0d53-573a-47a0-a0ad-1995815a4339,resource description framework query language,The query languages such as SPARQL which are used to retrieve and manipulate data stored in Resource Description Framework format (RDF).,knowledge > sector-specific,information structure,"The type of infrastructure which defines the format of data: semi-structured, unstructured and structured.",knowledge > sector-specific,resource description framework query language. The query languages such as SPARQL which are used to retrieve and manipulate data stored in Resource Description Framework format (RDF).,"information structure. The type of infrastructure which defines the format of data: semi-structured, unstructured and structured.",3,none,Kiến thức cấu trúc thông tin có thể hỗ trợ ngôn ngữ truy vấn RDF; thiếu liên kết cụ thể và thứ tự học bắt buộc trong span.
61,IAA_chung,http://data.europa.eu/esco/skill/7575fca1-24b3-4844-a82a-90fe73029a70__http://data.europa.eu/esco/skill/df2ca54a-8d9a-491f-8016-67e362c3497f,attach clock cases,Attach clock or watch case to enclose and protect the clockwork or module.,skill/competence > sector-specific,attach clock dials,Attach dials or clock faces to clocks or watches.,skill/competence > sector-specific,attach clock cases. Attach clock or watch case to enclose and protect the clockwork or module.,attach clock dials. Attach dials or clock faces to clocks or watches.,0,none,"Lắp vỏ và lắp mặt đồng hồ có thể có thứ tự lắp ráp, nhưng span không xác lập tiên quyết giữa hai kỹ năng."
62,rieng_Tuan,http://data.europa.eu/esco/skill/541cdc23-1eec-4520-81fc-3392eaf538ed__http://data.europa.eu/esco/skill/03d93b02-a461-4815-a4c0-b46451afc1c2,fraud detection,The techniques used to identify fraudulous activities.,knowledge > cross-sector,manage claim files,"Follow up on the progress of a claim file, keep all parties informed of the status of the file, ensure the customer receives the damages owed, treat any problems or complaints from customers, close the file and give information to an authorised person or department when there is suspicion of fraud.",skill/competence > sector-specific,fraud detection. The techniques used to identify fraudulous activities.,"manage claim files. Follow up on the progress of a claim file, keep all parties informed of the status of the file, ensure the customer receives the damages o",3,none,"A có thể giúp nhận biết nghi ngờ gian lận trong B; B chỉ yêu cầu chuyển thông tin cho người có thẩm quyền, chưa chứng minh cần năng lực phát hiện gian lận đầy đủ."
63,rieng_Tuan,http://data.europa.eu/esco/skill/d94ae3a1-dbfc-459c-a71d-79594f4f1317__http://data.europa.eu/esco/skill/0227a4f4-f979-4e5a-bd11-93744f339246,operate stationary steam engine,"Operate engines which are fixed in place and use power generated by steam to drive equipment, ensuring that the equipment is safe, and monitoring the equipment to identify faults and risks.",skill/competence > sector-specific,types of digesters,"This includes the stationary and rotary steam digesters, which cook wood chips in an acid solution to make pulp for use in the manufacture of paper.",knowledge > sector-specific,"operate stationary steam engine. Operate engines which are fixed in place and use power generated by steam to drive equipment, ensuring that the equipment is safe, and mon","types of digesters. This includes the stationary and rotary steam digesters, which cook wood chips in an acid solution to make pulp for use in the manufacture",0,none,Động cơ hơi nước cố định khác thiết bị nấu bột giấy; cùng từ steam/stationary không xác lập tiên quyết.
64,rieng_Tuan,http://data.europa.eu/esco/skill/310da5da-517c-4496-a673-92001098a2b7__http://data.europa.eu/esco/skill/1d0de98f-c5a6-4607-aea9-d432794f144b,modern languages,All human languages still actively used today.,knowledge > cross-sector,classical languages,"All dead languages, no longer actively used, originating from various periods in history, such as Latin from Antiquity, Middle English from the Middle Ages, Classical Maya from the Pre-colonial Americas, and Renaissance Italian from the Early Modern Period.",knowledge > cross-sector,modern languages. All human languages still actively used today.,"classical languages. All dead languages, no longer actively used, originating from various periods in history, such as Latin from Antiquity, Middle English fro",0,none,Hai span mô tả năng lực/đối tượng riêng; không thể hiện kỹ năng này là điều kiện bắt buộc để học hoặc làm kỹ năng kia.
65,rieng_Tuan,http://data.europa.eu/esco/skill/01c4bbed-0449-44c9-9c05-48c30ffdcc22__http://data.europa.eu/esco/skill/b1d3d335-2307-4133-ba98-2a5a207d7037,maintain rotating equipment,"Perform routine maintenance on rotating equipment to ensure that it is clean and in safe, working order.",skill/competence > sector-specific,maintain fish harvesting equipment,Clean and store fish harvesting equipment after use.,skill/competence > sector-specific,"maintain rotating equipment. Perform routine maintenance on rotating equipment to ensure that it is clean and in safe, working order.",maintain fish harvesting equipment. Clean and store fish harvesting equipment after use.,0,none,Hai span mô tả năng lực/đối tượng riêng; không thể hiện kỹ năng này là điều kiện bắt buộc để học hoặc làm kỹ năng kia.
66,rieng_Tuan,http://data.europa.eu/esco/skill/d2adf974-7868-4ede-bc48-9f88824ab250__http://data.europa.eu/esco/skill/ad05c2bf-3905-4e4c-bd56-6fcfdebc994c,test semiconductors,"Use semiconductor automated test equipment (ATE) to check and diagnose malfunctions in semiconductors and their components, such as resistors, capacitors, and inductors. Apply different testing techniques for different components, such as wafer testing.",skill/competence > occupation-specific,clinical science,"The research and development of the techniques and equipment used by medical staff to prevent, diagnose and treat illness.",knowledge > sector-specific,"test semiconductors. Use semiconductor automated test equipment (ATE) to check and diagnose malfunctions in semiconductors and their components, such as resist","clinical science. The research and development of the techniques and equipment used by medical staff to prevent, diagnose and treat illness.",0,none,Hai span mô tả năng lực/đối tượng riêng; không thể hiện kỹ năng này là điều kiện bắt buộc để học hoặc làm kỹ năng kia.
67,rieng_Tuan,http://data.europa.eu/esco/skill/9c6f038b-7b3e-480b-bc21-aa54288086fa__http://data.europa.eu/esco/skill/d9b6af48-e906-4a2a-94d9-557023740180,dry wood,"Adjust machine settings to adapt drying processes, drying times, and special treatments to the requirements of the requested wood to be dried.",skill/competence > sector-specific,biomedical engineering,"The biomedical engineering processes used to create medical devices, prostheses and in treatments.",knowledge > cross-sector,"dry wood. Adjust machine settings to adapt drying processes, drying times, and special treatments to the requirements of the requested wood to be dr","biomedical engineering. The biomedical engineering processes used to create medical devices, prostheses and in treatments.",0,none,Hai span mô tả năng lực/đối tượng riêng; không thể hiện kỹ năng này là điều kiện bắt buộc để học hoặc làm kỹ năng kia.
68,rieng_Tuan,http://data.europa.eu/esco/skill/03305638-bd08-410a-a960-f963ad89cce6__http://data.europa.eu/esco/skill/d227fb89-e19e-4a14-8ced-c1fb83d089e3,tend electron beam welding machine,"Tend a metalworking machine designed to join metal pieces by use of an electron beam exuding a concentrated heat source, monitor and operate it according to regulations.",skill/competence > sector-specific,tend anodising machine,"Tend the different stations of a metalworking machine designed to form anode electrodes as part of the anodising process. This includes tending the coil feed operation station, the pre-treatment and cleaning tanks, the anodise tanks, the post treatment facility and the coil rewind equipment; monitor and operate all according to regulations.",skill/competence > cross-sector,"tend electron beam welding machine. Tend a metalworking machine designed to join metal pieces by use of an electron beam exuding a concentrated heat source, monitor and opera",tend anodising machine. Tend the different stations of a metalworking machine designed to form anode electrodes as part of the anodising process. This includes te,0,none,Hai span mô tả năng lực/đối tượng riêng; không thể hiện kỹ năng này là điều kiện bắt buộc để học hoặc làm kỹ năng kia.
69,IAA_chung,http://data.europa.eu/esco/skill/13e2378e-0d10-450d-843a-b3592575826e__http://data.europa.eu/esco/skill/d8c19849-f4cf-458d-90cd-abe735a729bf,implement marketing strategies,"Implement strategies which aim to promote a specific product or service, using the developed marketing strategies.",skill/competence > cross-sector,develop instrumentation systems,"Develop control equipment, such as valves, relays, and regulators, which can be used to monitor and control processes. Test the developed equipment.",skill/competence > cross-sector,"implement marketing strategies. Implement strategies which aim to promote a specific product or service, using the developed marketing strategies.","develop instrumentation systems. Develop control equipment, such as valves, relays, and regulators, which can be used to monitor and control processes. Test the developed",0,none,Hai span mô tả năng lực/đối tượng riêng; không thể hiện kỹ năng này là điều kiện bắt buộc để học hoặc làm kỹ năng kia.
70,rieng_Tuan,http://data.europa.eu/esco/skill/8996260f-738e-46a7-8bc9-5e1c4d4adb7b__http://data.europa.eu/esco/skill/09cac140-367e-45f5-b19f-6430e75e5a2a,explain bingo rules,Make the bingo rules clear before the game to the audience.,skill/competence > occupation-specific,prepare speeches,Write speeches on multiple topics in a way to hold the attention and interest of an audience.,skill/competence > cross-sector,explain bingo rules. Make the bingo rules clear before the game to the audience.,prepare speeches. Write speeches on multiple topics in a way to hold the attention and interest of an audience.,0,none,Hai span mô tả năng lực/đối tượng riêng; không thể hiện kỹ năng này là điều kiện bắt buộc để học hoặc làm kỹ năng kia.
71,rieng_Tuan,http://data.europa.eu/esco/skill/06d63a6c-3786-48ae-98f6-71acbe49958c__http://data.europa.eu/esco/skill/f777173e-567c-4d4a-80b3-0ff5353bb9ce,wet tumbling,"Process of tumbling, employing water and other agents inside a wet tumbling barrel to clean and remove burrs from metal parts and stones in order to smoothen them.",knowledge > cross-sector,abrasive machining processes,"The various machining principles and processes employing abrasives, (mineral) materials that can shape a workpiece by eroding excessive parts of it, such as grinding, honing, sanding, buffing, diamond wire cutting, polishing, abrasive blasting, tumbling, water-jet cutting, and others.",knowledge > cross-sector,"wet tumbling. Process of tumbling, employing water and other agents inside a wet tumbling barrel to clean and remove burrs from metal parts and stones in order to smoothen them.","abrasive machining processes. The various machining principles and processes employing abrasives, (mineral) materials that can shape a workpiece by eroding excessive pa",0,none,Tumbling là một loại trong nhóm gia công mài; quan hệ bao hàm giữa hai kiến thức không xác lập thứ tự học bắt buộc.
72,rieng_Tuan,http://data.europa.eu/esco/skill/82da5835-1759-4eeb-9d58-a834ee80384e__http://data.europa.eu/esco/skill/bf419e00-8548-491a-a06f-d72ab439df2f,install pneumatic systems,"Install systems and components that use pneumatics to create mechanical movements such as air brakes, pneumatic cylinders, air compressors and other systems.",skill/competence > cross-sector,pneumatics,The application of pressurised gas to produce mechanical motion.,knowledge > cross-sector,"install pneumatic systems. Install systems and components that use pneumatics to create mechanical movements such as air brakes, pneumatic cylinders, air compressors","install pneumatic systems. Install systems and components that use pneumatics to create mechanical movements such as air brakes, pneumatic cylinders, air compressors and other systems. | pneumatics. The application of pressurised gas to produce mechanical motion.",1,B_to_A,A lắp hệ thống sử dụng khí nén tạo chuyển động; B là nguyên lý khí nén tạo chuyển động đó.
73,rieng_Tuan,http://data.europa.eu/esco/skill/01e5d2e2-d368-4fb9-9be9-9923146482c4__http://data.europa.eu/esco/skill/4df04290-0084-499a-b52c-a43ff074e198,attend to detail in casting processes,Attend in the metal processing casting work to specificities and details concerning the quality of the casting and moulds.,skill/competence > sector-specific,operations department processes,"The different processes, duties, jargon, role in an organisation, and other specificities of the operations and manufacturing department within an organisation such as purchasing, supply chain processes, and goods handling.",knowledge > sector-specific,attend to detail in casting processes. Attend in the metal processing casting work to specificities and details concerning the quality of the casting and moulds.,"operations department processes. The different processes, duties, jargon, role in an organisation, and other specificities of the operations and manufacturing department w",0,none,Chú ý chất lượng đúc không phải điều kiện học kiến thức về bộ phận vận hành; nhất quán với hàng 46.
74,IAA_chung,http://data.europa.eu/esco/skill/a6072748-19d1-4b07-b883-06306c485408__http://data.europa.eu/esco/skill/04666ae0-ad33-41b2-8977-7121583799d3,place orders for textile materials,Select and purchase fabrics and textile products in accordance to stock availability.,skill/competence > sector-specific,place orders for orthopedic products,Order specialised orthopaedic materials and supplies for the store; maintain the company stock.,skill/competence > sector-specific,place orders for textile materials. Select and purchase fabrics and textile products in accordance to stock availability.,place orders for orthopedic products. Order specialised orthopaedic materials and supplies for the store; maintain the company stock.,0,none,Hai span mô tả năng lực/đối tượng riêng; không thể hiện kỹ năng này là điều kiện bắt buộc để học hoặc làm kỹ năng kia.
75,rieng_Tuan,http://data.europa.eu/esco/skill/fce983b6-f54d-4ef3-8a20-e101c76a79a8__http://data.europa.eu/esco/skill/6c315001-d329-4930-9294-9cf2c7afb672,prepare documentation for international shipping,Prepare and process official documents for international shipping.,skill/competence > sector-specific,revise quality control systems documentation,"Revise quality control documents. Read through the documents, editing it, and revise items in the documentation like the numbering scheme, process to create new documents, revision and follow up process, closure of non-conformities, methods for tracking documents, etc.",skill/competence > cross-sector,prepare documentation for international shipping. Prepare and process official documents for international shipping.,"revise quality control systems documentation. Revise quality control documents. Read through the documents, editing it, and revise items in the documentation like the numbering scheme,",0,none,Hai span mô tả năng lực/đối tượng riêng; không thể hiện kỹ năng này là điều kiện bắt buộc để học hoặc làm kỹ năng kia.
76,IAA_chung,http://data.europa.eu/esco/skill/4422d55b-6b66-434b-a322-1e251c0183d1__http://data.europa.eu/esco/skill/d5ce57eb-3ec8-429b-9837-1cbd3aa0ec9a,diving operation requirements,"The operational plan and the contingency plan for the diving operation, the diving equipment to be used in the diving operation, the diving signals to be used in the diving operation, the in-water decompression procedures to be used in the diving operation, and any emergency procedures that might have to be used in the diving operation.",knowledge > cross-sector,diving equipment,"Equipment used for a dive, including wetsuits and drysuits, helmets, scuba equipment and any umbilical equipment which provides the connection with the surface.",knowledge > cross-sector,"diving operation requirements. The operational plan and the contingency plan for the diving operation, the diving equipment to be used in the diving operation, the divin","on requirements. The operational plan and the contingency plan for the diving operation, the diving equipment to be used in the diving operation, the diving signals to be used in the diving operation, the in-water decompression procedures to be used | diving equipment. Equipment used for a dive, including wetsuits and drysuits, helmets, scuba equipment and any umbilical equipment which provides the connec",3,none,Kế hoạch lặn có nhắc thiết bị; chưa rõ cần học kiến thức thiết bị trước kế hoạch hay cả hai được học cùng nhau.
77,IAA_chung,http://data.europa.eu/esco/skill/5d05068e-7ae7-4ff6-8fa3-e35ea03b48b1__http://data.europa.eu/esco/skill/048f3205-6b1a-43e0-9f76-8c43562c6140,check quality of products on the production line,Check products for quality on the production line and remove defective items before and after packaging.,skill/competence > sector-specific,check quality of enamel,"Assess enamel by using a needle. If defective, remove it and repeat the enamel process.",skill/competence > occupation-specific,check quality of products on the production line. Check products for quality on the production line and remove defective items before and after packaging.,"check quality of enamel. Assess enamel by using a needle. If defective, remove it and repeat the enamel process.",0,none,Kiểm tra chất lượng chung và kiểm tra men là năng lực tổng quát/chuyên biệt; span không xác lập tiên quyết riêng.
78,rieng_Tuan,http://data.europa.eu/esco/skill/ea412de3-9d7a-4943-8d8c-c6d3c7495d0e__http://data.europa.eu/esco/skill/7e1f9657-ab4e-407c-842f-b846197060e3,execute integration testing,"Perform testing of system or software components grouped in multiple ways to evaluate their ability to interconnect, their interface and their ability to provide global functionality.",skill/competence > sector-specific,execute ICT audits,"Organise and execute audits in order to evaluate ICT systems, compliance of components of systems, information processing systems and information security. Identify and collect potential critical issues and recommend solutions based on required standards and solutions.",skill/competence > sector-specific,"execute integration testing. Perform testing of system or software components grouped in multiple ways to evaluate their ability to interconnect, their interface and t","execute ICT audits. Organise and execute audits in order to evaluate ICT systems, compliance of components of systems, information processing systems and info",0,none,Kiểm thử tích hợp và kiểm toán CNTT khác mục tiêu; không chứng minh phải có kỹ năng này trước kỹ năng kia.
79,IAA_chung,http://data.europa.eu/esco/skill/7da0b396-34d7-4714-ada4-78d222e515a0__http://data.europa.eu/esco/skill/03d93b02-a461-4815-a4c0-b46451afc1c2,immigration law,The regulations to follow to ensure compliance during investigations or advice in immigration cases and file handling.,knowledge > cross-sector,manage claim files,"Follow up on the progress of a claim file, keep all parties informed of the status of the file, ensure the customer receives the damages owed, treat any problems or complaints from customers, close the file and give information to an authorised person or department when there is suspicion of fraud.",skill/competence > sector-specific,immigration law. The regulations to follow to ensure compliance during investigations or advice in immigration cases and file handling.,"manage claim files. Follow up on the progress of a claim file, keep all parties informed of the status of the file, ensure the customer receives the damages o",0,none,Hồ sơ yêu cầu bồi thường trong B không phải hồ sơ nhập cư; từ file không đủ liên kết tiên quyết.
80,IAA_chung,http://data.europa.eu/esco/skill/48ef980b-5b37-47e0-8fd9-c2d797b191ac__http://data.europa.eu/esco/skill/03305638-bd08-410a-a960-f963ad89cce6,spot welding machine parts,"Parts of a machine designed to perform spot welding practices on metal workpieces, such as the air or hydraulic cylinder, welding head, spot welding electrodes, upper platen, lower platen, flexible bands, knee, and others.",knowledge > occupation-specific,tend electron beam welding machine,"Tend a metalworking machine designed to join metal pieces by use of an electron beam exuding a concentrated heat source, monitor and operate it according to regulations.",skill/competence > sector-specific,"spot welding machine parts. Parts of a machine designed to perform spot welding practices on metal workpieces, such as the air or hydraulic cylinder, welding head, sp","tend electron beam welding machine. Tend a metalworking machine designed to join metal pieces by use of an electron beam exuding a concentrated heat source, monitor and opera",0,none,"A là bộ phận máy hàn điểm; B vận hành máy hàn chùm electron, khác công nghệ/thiết bị."
81,IAA_chung,http://data.europa.eu/esco/skill/a448126c-69a1-45a2-bd76-a8eafd86f9c5__http://data.europa.eu/esco/skill/59fe85c4-8202-46ac-b6a5-e28ea25d1848,forecast dividend trends,"Forecast the payouts corporations make to their shareholders in the long term, taking into account prior dividends, the corporation's financial health and stability, stock market trends, and shareholders' reactions to those trends.",skill/competence > cross-sector,forecast account metrics,Make predictions on the movement of account measurements and data which give insight into an organisation's financial state in order to aid analyses and evaluate potential risks.,skill/competence > cross-sector,"forecast dividend trends. Forecast the payouts corporations make to their shareholders in the long term, taking into account prior dividends, the corporation's fina",forecast account metrics. Make predictions on the movement of account measurements and data which give insight into an organisation's financial state in order to ai,0,none,Hai span mô tả năng lực/đối tượng riêng; không thể hiện kỹ năng này là điều kiện bắt buộc để học hoặc làm kỹ năng kia.
82,rieng_Tuan,http://data.europa.eu/esco/skill/01e66e1c-97d9-4829-bee1-f3ab649161e8__http://data.europa.eu/esco/skill/b6ccadfa-695d-43f6-94c6-bfc9d1adb88f,biomedical science,The principles of the natural sciences applied to medicine. Medical sciences such as medical microbiology and clinical virology apply biology principles for medical knowledge and invention.,knowledge > cross-sector,apply food technology principles,"Apply food science methods and technology for the processing, preservation and packaging of food, taking into account safety standards and quality control procedures.",skill/competence > sector-specific,biomedical science. The principles of the natural sciences applied to medicine. Medical sciences such as medical microbiology and clinical virology apply biol,"apply food technology principles. Apply food science methods and technology for the processing, preservation and packaging of food, taking into account safety standards and",0,none,Hai span mô tả năng lực/đối tượng riêng; không thể hiện kỹ năng này là điều kiện bắt buộc để học hoặc làm kỹ năng kia.
83,rieng_Tuan,http://data.europa.eu/esco/skill/f7b5d916-52f0-4865-b6a6-e1a3b711cb5e__http://data.europa.eu/esco/skill/949ced5f-7536-4614-ac60-563ffc91a2f2,implement strategic planning,Take action on the goals and procedures defined at a strategic level in order to mobilise resources and pursue the established strategies.,skill/competence > cross-sector,strategic planning,"The elements defining the foundation and core of an organisation such as its mission, vision, values, and objectives.",knowledge > cross-sector,implement strategic planning. Take action on the goals and procedures defined at a strategic level in order to mobilise resources and pursue the established strategies.,"implement strategic planning. Take action on the goals and procedures defined at a strategic level in order to mobilise resources and pursue the established strategies. | strategic planning. The elements defining the foundation and core of an organisation such as its mission, vision, values, and objectives.",1,B_to_A,A thực hiện mục tiêu và quy trình chiến lược đã xác định; B cung cấp nền tảng mục tiêu/sứ mệnh/tầm nhìn của hoạch định chiến lược.
84,IAA_chung,http://data.europa.eu/esco/skill/110d7aa3-e44e-4cce-a927-8d4de615f3d9__http://data.europa.eu/esco/skill/4f4ca760-970a-4839-9ce2-ab85ed66772e,sort waste,Manually or automatically sort waste by separating it into its different elements.,skill/competence > cross-sector,dispose of cutting waste material,"Dispose of possibly hazardous waste material created in the cutting process, such as swarf, scrap and slugs, sort according to regulations, and clean up workplace.",skill/competence > cross-sector,sort waste. Manually or automatically sort waste by separating it into its different elements.,"dispose of cutting waste material. Dispose of possibly hazardous waste material created in the cutting process, such as swarf, scrap and slugs, sort according to regulations",1,A_to_B,Mô tả B yêu cầu phân loại phế liệu theo quy định; A là thao tác phân loại cần để thực hiện phần đó.
85,rieng_Tuan,http://data.europa.eu/esco/skill/e39e5950-6f9a-489c-9dae-3e42694801fe__http://data.europa.eu/esco/skill/0b071b01-4b40-4936-9d6d-d8c5609481b4,conditions for the professional practice of psychotherapy,"The institutional, legal and psychosocial practices and regulations related to the practice of psychotherapy.",knowledge > occupation-specific,identify support mechanisms to develop your professional practice,Identify sources of support to develop your professional practice. Stay aware of current trends in funding that could support you to finance your professional development.,skill/competence > occupation-specific,"conditions for the professional practice of psychotherapy. The institutional, legal and psychosocial practices and regulations related to the practice of psychotherapy.",identify support mechanisms to develop your professional practice. Identify sources of support to develop your professional practice. Stay aware of current trends in funding that could support you to finan,0,none,Điều kiện hành nghề trị liệu tâm lý không được chứng minh bắt buộc cho kỹ năng tìm nguồn hỗ trợ phát triển nghề nghiệp nói chung.
86,rieng_Tuan,http://data.europa.eu/esco/skill/00eada7f-0b83-4f0c-af81-d7f92d838000__http://data.europa.eu/esco/skill/bef634f2-e85f-4d80-8531-cb2ab4812b38,cure tobacco leaves,"Remove the moisture out of the tobacco leaves directly after harvesting them through various processes such as air curing, flue curing or sun curing.",skill/competence > sector-specific,perform kiln fermentation of tobacco leaves,Place tobacco leaves in the kiln with the lid shut. Control heat and humidity. Kiln fermenting lasts about 4 to 6 weeks.,skill/competence > sector-specific,"cure tobacco leaves. Remove the moisture out of the tobacco leaves directly after harvesting them through various processes such as air curing, flue curing or",perform kiln fermentation of tobacco leaves. Place tobacco leaves in the kiln with the lid shut. Control heat and humidity. Kiln fermenting lasts about 4 to 6 weeks.,3,none,"Có khả năng sấy trước lên men trong quy trình sản xuất, nhưng span không nói lá phải được sấy trước hoặc kỹ năng sấy là tiên quyết học lên men."
87,IAA_chung,http://data.europa.eu/esco/skill/07d1dd29-4954-48f0-b807-6df53a7bceb2__http://data.europa.eu/esco/skill/8b3aefd2-5021-418f-b069-828fb7abc598,theories of personality,"Theoretical conceptions of personality, such as psychodynamic theory, humanistic theory or behaviorism.",knowledge > cross-sector,nursing principles,"The ethics, the codes of conduct, the philosophy of nursing, the philosophy of human rights and nursing theories and concepts.",knowledge > cross-sector,"theories of personality. Theoretical conceptions of personality, such as psychodynamic theory, humanistic theory or behaviorism.","nursing principles. The ethics, the codes of conduct, the philosophy of nursing, the philosophy of human rights and nursing theories and concepts.",0,none,Hai span mô tả năng lực/đối tượng riêng; không thể hiện kỹ năng này là điều kiện bắt buộc để học hoặc làm kỹ năng kia.
88,rieng_Tuan,http://data.europa.eu/esco/skill/9b5297a6-baa9-481d-b508-82287b0a6e5f__http://data.europa.eu/esco/skill/e5e17773-3a63-40c5-99e4-10e036cf7b99,remove coating,"Remove the thin layer made of paint, lacquer, metal or other elements covering an object through chemical, mechanical or other processes.",skill/competence > cross-sector,semiconductors,"Semiconductors are essential components of electronic circuits and contain properties of both insulators, such as glass, and conductors, such as copper. Most semiconductors are crystals made of silicon or germanium. By introducing other elements in the crystal through doping, the crystals turn into semiconductors. Depending on the amount of electrons created by the doping process, the crystals turn into N-type semiconductors, or P-type semiconductors.",knowledge > cross-sector,"remove coating. Remove the thin layer made of paint, lacquer, metal or other elements covering an object through chemical, mechanical or other processes.","semiconductors. Semiconductors are essential components of electronic circuits and contain properties of both insulators, such as glass, and conductors, s | d contain properties of both insulators, such as glass, and conductors, such as copper. Most semiconductors are crystals made of silicon or germanium. By introducing other elements in the crystal through doping, the crystals turn into semiconducto",0,none,Loại bỏ lớp phủ không được mô tả là thao tác riêng trên bán dẫn; không suy ra từ khả năng ứng dụng.
89,IAA_chung,http://data.europa.eu/esco/skill/4e3d93fe-0d7f-45fd-aae0-a60425ba4b2b__http://data.europa.eu/esco/skill/7376894b-6c71-495c-bbe4-8b373f2ec5a6,identity aquaculture species,"Identity major European farmed fish, shellfish and crustacean species.",skill/competence > sector-specific,fish biology,"The study of fish, shellfish or crustacean organisms, categorized into many specialised fields that cover their morphology, physiology, anatomy, behaviour, origins and distribution.",knowledge > sector-specific,"identity aquaculture species. Identity major European farmed fish, shellfish and crustacean species.","fish biology. The study of fish, shellfish or crustacean organisms, categorized into many specialised fields that cover their morphology, physiology, an",1,B_to_A,"A nhận diện cá, nhuyễn thể và giáp xác nuôi; B bao gồm hình thái và phân loại các nhóm đó. Chỉ phần kiến thức nhận diện liên quan là nền tảng."
90,rieng_Tuan,http://data.europa.eu/esco/skill/00a4e92d-e410-42b8-ba2d-d7b3febf49e0__http://data.europa.eu/esco/skill/50b92084-93fd-4fa4-b2e8-d4be690603b9,handle customer requests related to cargo,"Handle requests of port users and customers in the field of containers, shipping arrangements or cargo.",skill/competence > occupation-specific,track shipping sites,Track the different shipping sites where packages arrive in order to maintain an efficient distribution system and on-time tracking systems for customers.,skill/competence > sector-specific,"handle customer requests related to cargo. Handle requests of port users and customers in the field of containers, shipping arrangements or cargo.",track shipping sites. Track the different shipping sites where packages arrive in order to maintain an efficient distribution system and on-time tracking system,0,none,Xử lý yêu cầu vận tải và theo dõi địa điểm giao hàng không có tiên quyết bắt buộc; nhất quán với hàng 29.
91,rieng_Tuan,http://data.europa.eu/esco/skill/4b5f0aeb-875b-4afb-befc-2465b45602d8__http://data.europa.eu/esco/skill/40f65a56-ccbe-4601-9f32-1cc6cdd24f28,inspect recycling procedures,"Inspect the implementation of waste management and recycling procedures in an organisation, and the applicable legislation, in order to ensure compliance.",skill/competence > sector-specific,waste management,"The methods, materials and regulations used to collect, transport, treat and dispose of waste. This includes recycling and monitoring of waste disposal. It excludes procedures related to waste incineration.",knowledge > cross-sector,"inspect recycling procedures. Inspect the implementation of waste management and recycling procedures in an organisation, and the applicable legislation, in order to en","inspect recycling procedures. Inspect the implementation of waste management and recycling procedures in an organisation, and the applicable legislation, in order to ensure compliance. | waste management. The methods, materials and regulations used to collect, transport, treat and dispose of waste. This includes recycling and monitoring of w",1,B_to_A,A kiểm tra thực hiện quy trình quản lý chất thải/tái chế và tuân thủ luật; B cung cấp phương pháp và quy định tương ứng.
92,IAA_chung,http://data.europa.eu/esco/skill/03305638-bd08-410a-a960-f963ad89cce6__http://data.europa.eu/esco/skill/7823cab7-0be2-4113-a50e-6d1d5c8937c1,tend electron beam welding machine,"Tend a metalworking machine designed to join metal pieces by use of an electron beam exuding a concentrated heat source, monitor and operate it according to regulations.",skill/competence > sector-specific,tend spring making machine,"Tend a metalworking machine designed to produce metal springs, through either hot winding or cold winding processes, monitor and operate it according to regulations.",skill/competence > occupation-specific,"tend electron beam welding machine. Tend a metalworking machine designed to join metal pieces by use of an electron beam exuding a concentrated heat source, monitor and opera","tend spring making machine. Tend a metalworking machine designed to produce metal springs, through either hot winding or cold winding processes, monitor and operate i",0,none,Hai span mô tả năng lực/đối tượng riêng; không thể hiện kỹ năng này là điều kiện bắt buộc để học hoặc làm kỹ năng kia.
93,rieng_Tuan,http://data.europa.eu/esco/skill/d39f380c-a900-4bbd-8685-babd806f1abc__http://data.europa.eu/esco/skill/db0e560b-15a7-4758-acca-088674461dff,maintain high quality of calls,Establish high quality standards and instructions for calls.,skill/competence > sector-specific,plan scaffolding,"Plan the construction of the scaffolding, based on the nature of the project, the environment, and the available resources. Apply knowledge of scaffolding standards and load bearing properties of the components and joints to make a decision on the structure of the build. Develop adequate and comprehensive instructions to put up the scaffolding construction.",skill/competence > cross-sector,maintain high quality of calls. Establish high quality standards and instructions for calls.,"plan scaffolding. Plan the construction of the scaffolding, based on the nature of the project, the environment, and the available resources. Apply knowledg",0,none,Hai span mô tả năng lực/đối tượng riêng; không thể hiện kỹ năng này là điều kiện bắt buộc để học hoặc làm kỹ năng kia.
94,rieng_Tuan,http://data.europa.eu/esco/skill/f60f9710-7ed8-4deb-ac33-aeccb295bfe3__http://data.europa.eu/esco/skill/ba7a3c82-2339-434e-ba66-fa74e5a84202,provide non-surgical treatment in cosmetic procedures,Administer treatment such as subcutaneous injections and perform skin peeling and dermabrasion to enhance the aspect of the skin.,skill/competence > occupation-specific,prescribe treatment for musculoskeletal injuries,"Prescribe non-invasive procedures for injuries, immobilising fractured bones with the use of braces, splints, and casts and recommending therapeutic exercises, medication and nutritional supplements.",skill/competence > sector-specific,provide non-surgical treatment in cosmetic procedures. Administer treatment such as subcutaneous injections and perform skin peeling and dermabrasion to enhance the aspect of the skin.,"prescribe treatment for musculoskeletal injuries. Prescribe non-invasive procedures for injuries, immobilising fractured bones with the use of braces, splints, and casts and recommending t",0,none,Hai span mô tả năng lực/đối tượng riêng; không thể hiện kỹ năng này là điều kiện bắt buộc để học hoặc làm kỹ năng kia.
95,rieng_Tuan,http://data.europa.eu/esco/skill/037c8da7-6a0d-42b8-b979-c4abe7c92d48__http://data.europa.eu/esco/skill/5088c536-13fb-4b6b-85e7-4053578e1451,schedule maintenance of airport electrical systems,Schedule maintenance for each individual element of an airport electrical system. Set the frequency for maintenance of the different elements while monitoring overall airport operations.,skill/competence > occupation-specific,electrical systems used in transportation,"The functioning of electrical systems, their specifications, and application in operations and systems for the transportation of freight and people.",knowledge > sector-specific,schedule maintenance of airport electrical systems. Schedule maintenance for each individual element of an airport electrical system. Set the frequency for maintenance of the different eleme,"electrical systems used in transportation. The functioning of electrical systems, their specifications, and application in operations and systems for the transportation of freight a",3,none,"B mô tả điện vận tải rộng; A là điện sân bay. Chưa đủ bằng chứng phần kiến thức B nào bắt buộc, đối chiếu hàng 131 có đối tượng khớp rõ hơn."
96,rieng_Tuan,http://data.europa.eu/esco/skill/185b57ee-48e0-4753-a6e1-20a4e257c773__http://data.europa.eu/esco/skill/4c98771c-e5b9-4865-b2f1-d8a64afb1c45,tend honey extraction machine,Operate a machine such as radial or tangential extractors that extracts honey from combs.,skill/competence > occupation-specific,tend fibreglass machine,Tend the machine used to create fibreglass products such as lawn furniture or boat hulls by spraying molten glassfibre.,skill/competence > occupation-specific,tend honey extraction machine. Operate a machine such as radial or tangential extractors that extracts honey from combs.,tend fibreglass machine. Tend the machine used to create fibreglass products such as lawn furniture or boat hulls by spraying molten glassfibre.,0,none,Hai span mô tả năng lực/đối tượng riêng; không thể hiện kỹ năng này là điều kiện bắt buộc để học hoặc làm kỹ năng kia.
97,rieng_Tuan,http://data.europa.eu/esco/skill/0450f6a4-495e-4484-b11f-84e8c12ac5f9__http://data.europa.eu/esco/skill/6e198337-7baf-4b91-befa-15417820449a,design beer recipes,"Be creative in composing, testing and producing new beer recipes according to specifications and existing recipes.",skill/competence > occupation-specific,consult on beer presentation,"Consult on the presentation of beers, labelling, and the image of the beer according to the taste and the perception of the client.",skill/competence > occupation-specific,"design beer recipes. Be creative in composing, testing and producing new beer recipes according to specifications and existing recipes.","consult on beer presentation. Consult on the presentation of beers, labelling, and the image of the beer according to the taste and the perception of the client.",0,none,Thiết kế công thức bia và tư vấn trình bày bia là hai năng lực khác; không cần làm chủ công thức trước tư vấn trình bày.
98,IAA_chung,http://data.europa.eu/esco/skill/c4272323-cce6-4535-ac71-4f6841f4f89a__http://data.europa.eu/esco/skill/6a7792a9-888a-46ad-afc9-2c0d94c8fde6,organisational structure,"Framework of the different departments within the organisation, as well its people, their roles and responsibilities.",knowledge > cross-sector,create business process models,"Develop formal and informal descriptions of the business processes and the organisational structure by using business process models, notations and tools.",skill/competence > cross-sector,"s process models. Develop formal and informal descriptions of the business processes and the organisational structure by using business process models, notations and tools. | organisational structure. Framework of the different departments within the organisation, as well its people, their roles and responsibilities.","create business process models. Develop formal and informal descriptions of the business processes and the organisational structure by using business process models, nota",1,A_to_B,"B yêu cầu mô hình hóa cả cấu trúc tổ chức; A cung cấp bộ phận, vai trò và trách nhiệm cần được mô tả."
99,IAA_chung,http://data.europa.eu/esco/skill/27e8f919-3ae1-42fc-b1e0-7d8f9ed972a7__http://data.europa.eu/esco/skill/f120ad8f-dab4-4fa5-bbd8-b031d60cbfbf,zoo regulations,"National, regional and international regulations related to zoos.",knowledge > cross-sector,manage zoo staff,"Manage zoo staff, including zoo keeping staff at all levels and/or veterinarians and/or educators and/or horticulturalists.",skill/competence > sector-specific,"zoo regulations. National, regional and international regulations related to zoos.","manage zoo staff. Manage zoo staff, including zoo keeping staff at all levels and/or veterinarians and/or educators and/or horticulturalists.",3,none,Luật vườn thú có thể ràng buộc quản lý nhân sự; span B không nêu quy định cần áp dụng hoặc thứ tự học.
100,rieng_Tuan,http://data.europa.eu/esco/skill/70c37c00-c9e8-4850-a88c-2f90da7757ce__http://data.europa.eu/esco/skill/0460013b-e73a-4200-8c11-88b3b60a222a,operate paper folding machine,"Perform folder operations, such as setting up and adjusting the feeder for delivery. Prepare the folder machine for special processes like perforating, scoring, trimming, softening, and binding of paper products.",skill/competence > sector-specific,perform manual spiral binding,Operate preformed spiral binding in perforated holes of items and hold the spiral against rubber-covered spindles or wringer-like rollers. These further twist the spiral into any remaining perforations.,skill/competence > occupation-specific,"operate paper folding machine. Perform folder operations, such as setting up and adjusting the feeder for delivery. Prepare the folder machine for special processes like",perform manual spiral binding. Operate preformed spiral binding in perforated holes of items and hold the spiral against rubber-covered spindles or wringer-like rollers.,0,none,Hai span mô tả năng lực/đối tượng riêng; không thể hiện kỹ năng này là điều kiện bắt buộc để học hoặc làm kỹ năng kia.
101,IAA_chung,http://data.europa.eu/esco/skill/fce983b6-f54d-4ef3-8a20-e101c76a79a8__http://data.europa.eu/esco/skill/95c9821e-9bf4-44e0-b11d-5d7d45c603f8,prepare documentation for international shipping,Prepare and process official documents for international shipping.,skill/competence > sector-specific,process printing input,Accept and pre-process input documents and orders to be used for print production.,skill/competence > sector-specific,prepare documentation for international shipping. Prepare and process official documents for international shipping.,process printing input. Accept and pre-process input documents and orders to be used for print production.,0,none,Hai span mô tả năng lực/đối tượng riêng; không thể hiện kỹ năng này là điều kiện bắt buộc để học hoặc làm kỹ năng kia.
102,IAA_chung,http://data.europa.eu/esco/skill/08881cb7-5331-4b11-9442-4d7c9fce749e__http://data.europa.eu/esco/skill/81fc558f-aa9c-4f57-89fe-0a4c502c59d9,perform pest control,Carry out crop spraying pest and disease operations in line with National industry and customer requirements. Carry out slurry and fertiliser spreading in accordance with local environmental regulations,skill/competence > sector-specific,conduct gambling games,"Carry out all gaming operations in a casino for example, including table administration, opening and closing procedures.Perform these operations according to the required standard and in line with requisite regulations.",skill/competence > sector-specific,perform pest control. Carry out crop spraying pest and disease operations in line with National industry and customer requirements. Carry out slurry and fertili,"conduct gambling games. Carry out all gaming operations in a casino for example, including table administration, opening and closing procedures.Perform these oper",0,none,Hai span mô tả năng lực/đối tượng riêng; không thể hiện kỹ năng này là điều kiện bắt buộc để học hoặc làm kỹ năng kia.
103,rieng_Tuan,http://data.europa.eu/esco/skill/05d529f7-a76a-4d45-b681-5e03eb505845__http://data.europa.eu/esco/skill/a501695e-a054-409c-9456-75678b795245,operate patients with thoracic diseases,"Perform thoracic surgery on patients with diseases such as lung cancer, severe emphysema, cancer of the oesophagus, gastroesophageal reflux disease, hiatal hernias, swallowing disorders such as achalasia, and excess sweating, usually of the upper extremity called hyperhydrosis.",skill/competence > sector-specific,thoracic surgery,Thoracic surgery is a medical specialty mentioned in the EU Directive 2005/36/EC.,knowledge > sector-specific,"operate patients with thoracic diseases. Perform thoracic surgery on patients with diseases such as lung cancer, severe emphysema, cancer of the oesophagus, gastroesophageal reflu","operate patients with thoracic diseases. Perform thoracic surgery on patients with diseases such as lung cancer, severe emphysema, cancer of the oesophagus, gastroesophageal reflux disease, hiatal hernias, | thoracic surgery. Thoracic surgery is a medical specialty mentioned in the EU Directive 2005/36/EC.",1,B_to_A,A thực hiện phẫu thuật lồng ngực; kiến thức chuyên ngành B là nền tảng trực tiếp. Nhất quán với hàng 50 đảo chiều.
104,rieng_Tuan,http://data.europa.eu/esco/skill/4548416b-2310-4afc-bd6a-c022d3e41014__http://data.europa.eu/esco/skill/8eb292fb-55f2-4952-b05d-1cbc205f515c,ensure cost efficiency in food manufacturing,"Ensure that the whole process of food manufacturing from receipt of raw materials, production, to food manufacturing and packaging processes is cost-effective and efficient.",skill/competence > sector-specific,process fruits and vegetables,Process fruits and vegetables refer to all kinds of methods and techniques used to prepare food products using fruits and vegetables as raw materials.,skill/competence > sector-specific,"ensure cost efficiency in food manufacturing. Ensure that the whole process of food manufacturing from receipt of raw materials, production, to food manufacturing and packaging process",process fruits and vegetables. Process fruits and vegetables refer to all kinds of methods and techniques used to prepare food products using fruits and vegetables as ra,0,none,Quản lý hiệu quả chi phí toàn ngành không đòi hỏi trước đó phải thành thạo riêng chế biến rau quả.
105,IAA_chung,http://data.europa.eu/esco/skill/7026efae-abe1-4547-b0cf-5bf55f41ab85__http://data.europa.eu/esco/skill/550f0643-9756-4b27-a18a-aa04bb823e3f,collect live fish,Gather fish using techniques which minimise the stress caused to fish and avoid fish escapes occurring.,skill/competence > sector-specific,perform fish grading operations,"Gather live fish using techniques which minimise the stress caused to fish and avoid fish escapes occurring. Grade them manually or using equipment. Report on the grading operation, ensuring compliance with specifications.",skill/competence > sector-specific,collect live fish. Gather fish using techniques which minimise the stress caused to fish and avoid fish escapes occurring.,perform fish grading operations. Gather live fish using techniques which minimise the stress caused to fish and avoid fish escapes occurring. Grade them manually or using,1,A_to_B,Mô tả B nêu rõ thu gom cá sống rồi phân loại; A là thao tác thu gom được yêu cầu trực tiếp trong B.
106,rieng_Tuan,http://data.europa.eu/esco/skill/48f9797c-a39e-4a27-a9d1-f4c32cf9c9bf__http://data.europa.eu/esco/skill/3efd2b02-f6f8-4911-a154-8bfcaeadeb5d,assess animal nutrition,"Assess the nutrition status of animals, diagnose dietary imbalances and prescribe correction.",skill/competence > sector-specific,origin of dietary fats and oils,The distinction between dietary fats that come from animals and oils derived from vegetables.,knowledge > sector-specific,"assess animal nutrition. Assess the nutrition status of animals, diagnose dietary imbalances and prescribe correction.",origin of dietary fats and oils. The distinction between dietary fats that come from animals and oils derived from vegetables.,3,none,"Kiến thức nguồn gốc chất béo có thể đóng góp đánh giá dinh dưỡng, nhưng không chứng minh là tiên quyết bắt buộc cho A."
107,IAA_chung,http://data.europa.eu/esco/skill/ad6df7dc-b78a-413f-a10d-da929d7a9225__http://data.europa.eu/esco/skill/c1bbc099-92c5-493c-9f65-8d7acfce5851,manufacture prepared meals,"Apply processes and procedures and use technologies to manufacture prepared meals and dishes such as pasta based, meat based, and specialties.",skill/competence > occupation-specific,prepared meals,"The industry of prepared meals and dishes, the manufacuring processes, the technology required for manufacturing, and the market that it targets.",knowledge > sector-specific,"manufacture prepared meals. Apply processes and procedures and use technologies to manufacture prepared meals and dishes such as pasta based, meat based, and specialt","manufacture prepared meals. Apply processes and procedures and use technologies to manufacture prepared meals and dishes such as pasta based, meat based, and specialt | nufacture prepared meals. Apply processes and procedures and use technologies to manufacture prepared meals and dishes such as pasta based, meat based, and specialties. | prepared meals. The industry of prepared meals and dishes, the manufacuring processes, the technology required for manufacturing, and the market that it t",1,B_to_A,A áp dụng quy trình/công nghệ sản xuất suất ăn sẵn; B cung cấp chính quy trình và công nghệ đó.
108,IAA_chung,http://data.europa.eu/esco/skill/8d468afb-8066-4274-8bd6-2b11bd67088f__http://data.europa.eu/esco/skill/9a16345b-337f-4c0b-a344-68182cd015c6,create an airport master plan,Compose a master plan for the long term development of an airport; draw graphic representations of current and future airport features.,skill/competence > sector-specific,intermodal options,"The current and future intermodal options and alternatives such as the piggybacking system, the road-rail system, fishy back system, birdyback systems, low body systems or the push-pull cargo sprinter.",knowledge > sector-specific,create an airport master plan. Compose a master plan for the long term development of an airport; draw graphic representations of current and future airport features.,"intermodal options. The current and future intermodal options and alternatives such as the piggybacking system, the road-rail system, fishy back system, birdy",3,none,Phương án liên vận có thể góp vào quy hoạch sân bay; span A không yêu cầu thành phần này nên chưa xác định tiên quyết.
109,IAA_chung,http://data.europa.eu/esco/skill/8a6394d1-f44f-4b0d-81d5-7201fc025ba8__http://data.europa.eu/esco/skill/949ced5f-7536-4614-ac60-563ffc91a2f2,develop e-learning plan,Create a strategic plan to maximise the outputs of educational technology both within the organisation and externally.,skill/competence > cross-sector,strategic planning,"The elements defining the foundation and core of an organisation such as its mission, vision, values, and objectives.",knowledge > cross-sector,develop e-learning plan. Create a strategic plan to maximise the outputs of educational technology both within the organisation and externally.,"strategic planning. The elements defining the foundation and core of an organisation such as its mission, vision, values, and objectives.",1,B_to_A,A tạo kế hoạch chiến lược cho e-learning; B cung cấp mục tiêu và nền tảng hoạch định chiến lược cần xác định kế hoạch.
110,IAA_chung,http://data.europa.eu/esco/skill/e4bf6574-d0d0-4314-a4e0-d54a549e41d8__http://data.europa.eu/esco/skill/01e7dee7-3ff1-4807-acad-058dbed91aba,stay up-to-date with hair style trends,Keep abreast of current and future fashion trends in hair styles.,skill/competence > sector-specific,keep up to date on product knowledge,"Gather the latest information on developments related to the existing or supported products, methods or techniques.",skill/competence > sector-specific,stay up-to-date with hair style trends. Keep abreast of current and future fashion trends in hair styles.,"keep up to date on product knowledge. Gather the latest information on developments related to the existing or supported products, methods or techniques.",0,none,Cập nhật xu hướng tóc và cập nhật kiến thức sản phẩm khác đối tượng; không có thứ tự học bắt buộc.
111,IAA_chung,http://data.europa.eu/esco/skill/4f3b03f2-1108-4b1b-954e-992f84cd38ba__http://data.europa.eu/esco/skill/e6262391-ffda-4b8e-9f5c-89cf1a0e7384,prepare warranty documents for audiology equipment,Compose warranty forms for audio and video devices sold to customers.,skill/competence > cross-sector,audiovisual equipment,The characteristics and usage of different tools that stimulate the sight and audio senses.,knowledge > sector-specific,prepare warranty documents for audiology equipment. Compose warranty forms for audio and video devices sold to customers.,audiovisual equipment. The characteristics and usage of different tools that stimulate the sight and audio senses.,3,none,"Hiểu thiết bị có thể hỗ trợ lập giấy bảo hành, nhưng lập biểu mẫu không nhất thiết cần toàn bộ kiến thức đặc tính/cách dùng; span chưa chứng minh bắt buộc."
112,IAA_chung,http://data.europa.eu/esco/skill/26532713-d18f-4e5c-8365-1f57e00f8422__http://data.europa.eu/esco/skill/04dd3f36-7056-4824-9eee-b0312d4a25b7,manage storage operations,Select and manage suitable storage area for the traded goods,skill/competence > occupation-specific,sell processed timber in a commercial environment,Check that the sales area is in a suitable condition for customers and that the stock and materials are in a suitable condition to be sold.,skill/competence > cross-sector,manage storage operations. Select and manage suitable storage area for the traded goods,sell processed timber in a commercial environment. Check that the sales area is in a suitable condition for customers and that the stock and materials are in a suitable condition to be sold,0,none,Quản lý kho và bán gỗ có thể phối hợp nhưng span không xác lập tiên quyết giữa hai năng lực.
113,rieng_Tuan,http://data.europa.eu/esco/skill/02c1a369-f1e7-4f8e-8882-d7ded57f9cf4__http://data.europa.eu/esco/skill/73c22209-d78f-4847-b213-e48409d704a9,empathise with outdoor groups,Identify the outdoor activities permitted or suited in an outdoor setting based on the group's needs.,skill/competence > sector-specific,outdoor activities,"Sportive activities performed outdoors, often in nature, such as hiking, climbing, skiing, snowboarding, canoeing, rafting, and rope course climbing.",knowledge > sector-specific,empathise with outdoor groups. Identify the outdoor activities permitted or suited in an outdoor setting based on the group's needs.,"empathise with outdoor groups. Identify the outdoor activities permitted or suited in an outdoor setting based on the group's needs. | outdoor activities. Sportive activities performed outdoors, often in nature, such as hiking, climbing, skiing, snowboarding, canoeing, rafting, and rope cours",1,B_to_A,A chọn hoạt động ngoài trời phù hợp nhu cầu nhóm; B cung cấp hiểu biết về các hoạt động cần lựa chọn.
114,IAA_chung,http://data.europa.eu/esco/skill/ff82aa43-aef7-40fe-9d0e-2426e95b4417__http://data.europa.eu/esco/skill/13d96098-2ff0-46b8-b326-b7c0e18cc1f1,perform nutrition analysis,Determine and calculate the nutrients of food products from available sources including food labels.,skill/competence > sector-specific,nutrition,"The science that investigates the various substances and nutrients (proteins, carbohydrates, tannins, anthocyanins, vitamins, and minerals) and their interaction in food products.",knowledge > sector-specific,perform nutrition analysis. Determine and calculate the nutrients of food products from available sources including food labels.,"perform nutrition analysis. Determine and calculate the nutrients of food products from available sources including food labels. | nutrition. The science that investigates the various substances and nutrients (proteins, carbohydrates, tannins, anthocyanins, vitamins, and minerals",1,B_to_A,A xác định/tính chất dinh dưỡng; B cung cấp kiến thức về các chất dinh dưỡng đó.
115,rieng_Tuan,http://data.europa.eu/esco/skill/472b8271-2e08-447b-9d00-5db8f236e4a1__http://data.europa.eu/esco/skill/018164df-2814-4926-bdf7-398d86b9dfe6,grade veneer,"Assess the quality of veneer looking for flaws, tears, and irregularities and evaluating its aesthetic value based on criteria such as colours and patterns.",skill/competence > occupation-specific,evaluate garment quality,"Evaluating stitching, construction, attachments, fasteners, embellishments, shading within the garment; evaluating pattern continuity-, matching; evaluating tapes and linings.",skill/competence > cross-sector,"grade veneer. Assess the quality of veneer looking for flaws, tears, and irregularities and evaluating its aesthetic value based on criteria such as col","evaluate garment quality. Evaluating stitching, construction, attachments, fasteners, embellishments, shading within the garment; evaluating pattern continuity-, ma",0,none,Hai span mô tả năng lực/đối tượng riêng; không thể hiện kỹ năng này là điều kiện bắt buộc để học hoặc làm kỹ năng kia.
116,IAA_chung,http://data.europa.eu/esco/skill/424d7132-9dbb-46dc-b318-078ecf8dde15__http://data.europa.eu/esco/skill/3fb9481f-2be7-4912-bf65-db1368fd2197,timing devices,"All mechanical and electric instruments that indicate time, such as clocks, watches, pendulums, hairsprings, and chronometers.",knowledge > occupation-specific,attach clockwork,"Install clockwork or module in clocks or watches. The clockwork includes all mechanisms, movements, motors, and wheel work present in clocks and watches. In mechanical timepieces, in which clockwork movements are made of several moving parts, the clockwork is called caliber or clock movement. In electronic or quartz timepieces, the term module is more commonly applied.",skill/competence > sector-specific,"timing devices. All mechanical and electric instruments that indicate time, such as clocks, watches, pendulums, hairsprings, and chronometers.","attach clockwork. Install clockwork or module in clocks or watches. The clockwork includes all mechanisms, movements, motors, and wheel work present in cloc",1,A_to_B,A xác định thiết bị và cơ cấu chỉ thời gian; B lắp cơ cấu/module vào đúng đồng hồ đó. Suy luận kiến thức đối tượng → thao tác cùng đối tượng.
117,rieng_Tuan,http://data.europa.eu/esco/skill/c6c52052-303f-44b8-a708-759084084efb__http://data.europa.eu/esco/skill/a8604296-8796-40e9-aa42-3f4f1b0b252d,ensure adherence to aerodrome procedures,Ensure that aerodrome procedures are conducted in accordance with all requirements.,skill/competence > sector-specific,address potential aerodrome hazards,"Address potential aerodrome hazards such as foreign objects, debris, and wildlife interference.",skill/competence > sector-specific,ensure adherence to aerodrome procedures. Ensure that aerodrome procedures are conducted in accordance with all requirements.,"address potential aerodrome hazards. Address potential aerodrome hazards such as foreign objects, debris, and wildlife interference.",3,none,"Xử lý nguy cơ sân bay có thể nằm trong bảo đảm tuân thủ, nhưng thiếu quy trình cụ thể để xác định thứ tự học giữa hai năng lực."
118,rieng_Tuan,http://data.europa.eu/esco/skill/0337c577-f837-4518-9263-b753c24f3a21__http://data.europa.eu/esco/skill/4c831013-9027-4ec6-83de-c5c19e68d083,drive automatic car,"Drive a vehicle operated under an automatic, or self-shifting, transmission system safely and according to regulations.",skill/competence > cross-sector,work safely with machines,Check and safely operate machines and equipment required for your work according to manuals and instructions.,skill/competence > cross-sector,"drive automatic car. Drive a vehicle operated under an automatic, or self-shifting, transmission system safely and according to regulations.",work safely with machines. Check and safely operate machines and equipment required for your work according to manuals and instructions.,0,none,Lái xe số tự động và vận hành máy tại nơi làm việc có yêu cầu an toàn riêng; không xác lập kỹ năng này bắt buộc trước kỹ năng kia.
119,rieng_Tuan,http://data.europa.eu/esco/skill/a3165ce4-da28-4221-951b-efe1e64e468e__http://data.europa.eu/esco/skill/79a6d8e1-606f-4763-8fe2-a2cd935f7e9b,specialise in a musical genre,Specialise in a specific type or style of music.,skill/competence > sector-specific,connect music fragments,Connect fragments of or whole songs together in a smooth manner.,skill/competence > sector-specific,specialise in a musical genre. Specialise in a specific type or style of music.,connect music fragments. Connect fragments of or whole songs together in a smooth manner.,0,none,Ghép các đoạn nhạc không đòi hỏi phải chuyên sâu một thể loại nhạc cụ thể trước.
120,rieng_Tuan,http://data.europa.eu/esco/skill/b4393e7c-3fe3-4766-8b57-6eb0c8082f36__http://data.europa.eu/esco/skill/04dd3f36-7056-4824-9eee-b0312d4a25b7,sell building materials,"Sell building materials and construction equipment like glass, bricks, floor tiles and roofing.",skill/competence > sector-specific,sell processed timber in a commercial environment,Check that the sales area is in a suitable condition for customers and that the stock and materials are in a suitable condition to be sold.,skill/competence > cross-sector,"sell building materials. Sell building materials and construction equipment like glass, bricks, floor tiles and roofing.",sell processed timber in a commercial environment. Check that the sales area is in a suitable condition for customers and that the stock and materials are in a suitable condition to be sold,0,none,Hai kỹ năng bán sản phẩm khác nhau; không xác lập tiên quyết từ cùng hoạt động bán hàng.
121,IAA_chung,http://data.europa.eu/esco/skill/4db59630-40d1-403d-b2f0-0cc81d95632d__http://data.europa.eu/esco/skill/000bb1e4-89f0-4b86-be05-05ece3641724,pharmacovigilance legislation,Regulations used to control and monitor adverse drug reactions at EU level.,knowledge > cross-sector,perform toxicological studies,"Perform tests to detect poisons or drug misuse and help to monitor therapy by using chemical reagents, enzymes, radioisotopes and antibodies to detect abnormal chemical concentrations in the body.",skill/competence > cross-sector,pharmacovigilance legislation. Regulations used to control and monitor adverse drug reactions at EU level.,"perform toxicological studies. Perform tests to detect poisons or drug misuse and help to monitor therapy by using chemical reagents, enzymes, radioisotopes and antibodi",0,none,Pháp luật cảnh giác dược không được chứng minh bắt buộc cho mọi xét nghiệm độc chất/thuốc trong B.
122,rieng_Tuan,http://data.europa.eu/esco/skill/d14570e5-da58-4d27-8866-a54d92889ef2__http://data.europa.eu/esco/skill/8aaa2a49-9007-4472-8a2b-d23e56ed91cc,handle harvested fish,Handle harvested fish in a manner which maintains flesh quality. Effectively store fish in chilled storage.,skill/competence > sector-specific,fish welfare regulations,The set of rules that apply in fish harvesting methods which ensure fish well-being.,knowledge > cross-sector,handle harvested fish. Handle harvested fish in a manner which maintains flesh quality. Effectively store fish in chilled storage.,fish welfare regulations. The set of rules that apply in fish harvesting methods which ensure fish well-being.,0,none,"B điều chỉnh phúc lợi trong thu hoạch cá; A xử lý/bảo quản cá đã thu hoạch để giữ chất lượng thịt, không khớp mục tiêu."
123,rieng_Tuan,http://data.europa.eu/esco/skill/32fcad69-381e-43cb-aebc-94f51ea15bab__http://data.europa.eu/esco/skill/98b32477-cccd-47ea-8c85-d4a16b18af08,triage clients for physiotherapy,"Triage clients for physiotherapy, prioritising their assessment and indicating where additional services are required.",skill/competence > sector-specific,assist clients with personal development,"Help clients determine what they want to do with their lives and assist in setting personal and professional goals, by prioritising and planning the steps necessary to reach these goals.",skill/competence > sector-specific,"triage clients for physiotherapy. Triage clients for physiotherapy, prioritising their assessment and indicating where additional services are required.","assist clients with personal development. Help clients determine what they want to do with their lives and assist in setting personal and professional goals, by prioritising and pl",0,none,Hai span mô tả năng lực/đối tượng riêng; không thể hiện kỹ năng này là điều kiện bắt buộc để học hoặc làm kỹ năng kia.
124,rieng_Tuan,http://data.europa.eu/esco/skill/03305638-bd08-410a-a960-f963ad89cce6__http://data.europa.eu/esco/skill/c14f7ca4-fb62-420b-925b-8ac8d98c9dd1,tend electron beam welding machine,"Tend a metalworking machine designed to join metal pieces by use of an electron beam exuding a concentrated heat source, monitor and operate it according to regulations.",skill/competence > sector-specific,tend laser beam welding machine,"Tend a metalworking machine designed to join metal pieces by use of a laser beam exuding a concentrated heat source, monitor and operate it according to regulations.",skill/competence > sector-specific,"tend electron beam welding machine. Tend a metalworking machine designed to join metal pieces by use of an electron beam exuding a concentrated heat source, monitor and opera","tend laser beam welding machine. Tend a metalworking machine designed to join metal pieces by use of a laser beam exuding a concentrated heat source, monitor and operate i",0,none,Hai span mô tả năng lực/đối tượng riêng; không thể hiện kỹ năng này là điều kiện bắt buộc để học hoặc làm kỹ năng kia.
125,IAA_chung,http://data.europa.eu/esco/skill/8cd9e2f0-25bb-43af-b910-0866ebc58e1a__http://data.europa.eu/esco/skill/310da5da-517c-4496-a673-92001098a2b7,provide interpreting services in tours,Interpret in other languages information imparted by guides during tours .,skill/competence > occupation-specific,modern languages,All human languages still actively used today.,knowledge > cross-sector,provide interpreting services in tours. Interpret in other languages information imparted by guides during tours .,modern languages. All human languages still actively used today.,3,none,"Phiên dịch cần thành thạo ngôn ngữ liên quan; B chỉ định nghĩa nhóm ngôn ngữ hiện đại, không mô tả năng lực thành thạo nên chưa xác định tiên quyết."
126,IAA_chung,http://data.europa.eu/esco/skill/1fc580ca-9adc-46af-8a88-61e871273b49__http://data.europa.eu/esco/skill/e4a3c9af-8a5d-49cc-95bb-b77e41588746,manage animal biosecurity,"Plan and use appropriate biosafety measures to prevent transmission of diseases and ensure effective overall biosecurity. Maintain and follow biosecurity procedures and infection control when working with animals, including recognising potential health issues and taking appropriate action, communicating site hygiene control measures and biosecurity procedures, as well as reporting to others.",skill/competence > sector-specific,process harvested honey,"Harvest and process honey according to health, safety and biosecurity regulations.",skill/competence > sector-specific,manage animal biosecurity. Plan and use appropriate biosafety measures to prevent transmission of diseases and ensure effective overall biosecurity. Maintain and fol,"process harvested honey. Harvest and process honey according to health, safety and biosecurity regulations.",3,none,B yêu cầu tuân thủ an toàn sinh học khi thu hoạch mật; chưa chứng minh phải có toàn bộ năng lực lập/quản lý an toàn sinh học động vật A trước B.
127,IAA_chung,http://data.europa.eu/esco/skill/be1b93a1-dda7-436e-b291-7fe28ae9a450__http://data.europa.eu/esco/skill/5b671d86-f1fa-4468-947c-374dc6cdf6b8,take emergency measures in pregnancy,"Perform the manual removal of placenta, and the manual examination of the uterus in emergency cases, when the doctor is not present.",skill/competence > occupation-specific,pregnancy,"The process related to conception and development of the fetus in the mother`s womb, the symptoms of pregnancy, risks and complications, diseases and timing of childbirth.",knowledge > sector-specific,"take emergency measures in pregnancy. Perform the manual removal of placenta, and the manual examination of the uterus in emergency cases, when the doctor is not present.","take emergency measures in pregnancy. Perform the manual removal of placenta, and the manual examination of the uterus in emergency cases, when the doctor is not present. | pregnancy. The process related to conception and development of the fetus in the mother`s womb, the symptoms of pregnancy, risks and complications, d | ess related to conception and development of the fetus in the mother`s womb, the symptoms of pregnancy, risks and complications, diseases and timing of childbirth.",1,B_to_A,"A thực hiện thủ thuật cấp cứu sản khoa; B cung cấp kiến thức thai kỳ, nguy cơ, biến chứng và sinh nở cùng đối tượng."
128,IAA_chung,http://data.europa.eu/esco/skill/ca2a7a85-43cf-43c0-b703-f18fed7dfba5__http://data.europa.eu/esco/skill/e2b9bc47-7bef-4dde-a129-7becc64c6d2f,husbandry and harvesting effects on aquatic resources,"The effects on aquatic resources, fish, mollusks and crustaceans of husbandry and harvesting activities.",knowledge > sector-specific,rear food fish,Spawn and rear food fish or exotic fish for commercial use.,skill/competence > occupation-specific,"husbandry and harvesting effects on aquatic resources. The effects on aquatic resources, fish, mollusks and crustaceans of husbandry and harvesting activities.",rear food fish. Spawn and rear food fish or exotic fish for commercial use.,3,none,Hiểu tác động nuôi/thu hoạch có thể hỗ trợ nuôi cá có trách nhiệm; span không xác nhận đây là kiến thức bắt buộc để thực hiện B.
129,IAA_chung,http://data.europa.eu/esco/skill/e574c14e-eeb2-4db7-b7ce-a1b46d98f42b__http://data.europa.eu/esco/skill/592188c6-7212-47bb-ba58-f9361026addc,install lift controller,"Install the lift controller, which processes and transmits lift control signals to the motor, in the machine room at the top of the shaft. Connect it to the hoist motor, a source of electricity, and the control input signal wires.",skill/competence > cross-sector,install heating boiler,"Place heating, ventilation, air conditioning and refrigeration boilers, which heats up water and circulates it through a closed radiator system to distribute heat around a structure. Connect the boiler to a source of fuel or electricity and to the circulation system. Connect it to the water supply if it features an automatic filling system. Configure the boiler.",skill/competence > cross-sector,"install lift controller. Install the lift controller, which processes and transmits lift control signals to the motor, in the machine room at the top of the shaft.","install heating boiler. Place heating, ventilation, air conditioning and refrigeration boilers, which heats up water and circulates it through a closed radiator s",0,none,Hai span mô tả năng lực/đối tượng riêng; không thể hiện kỹ năng này là điều kiện bắt buộc để học hoặc làm kỹ năng kia.
130,rieng_Tuan,http://data.europa.eu/esco/skill/e2c884e4-4952-4a5c-ba69-ad406b66bd7d__http://data.europa.eu/esco/skill/f632251a-4078-4546-b19f-7ef528d08325,set up projection equipment,Install and connect equipment for projection in an artistic context.,skill/competence > sector-specific,use IT tools,"Application of computers, computer networks and other information technologies and equipment to storing, retrieving, transmitting and manipulating data, in the context of a business or enterprise.",skill/competence > cross-sector,set up projection equipment. Install and connect equipment for projection in an artistic context.,"use IT tools. Application of computers, computer networks and other information technologies and equipment to storing, retrieving, transmitting and mani",3,none,"Thiết bị chiếu có thể dùng CNTT, nhưng span không xác định cấu hình cần máy tính/CNTT hay thao tác kết nối độc lập."
131,IAA_chung,http://data.europa.eu/esco/skill/037c8da7-6a0d-42b8-b979-c4abe7c92d48__http://data.europa.eu/esco/skill/787b82e0-382b-4f1e-b9f3-56f419fbb1cb,schedule maintenance of airport electrical systems,Schedule maintenance for each individual element of an airport electrical system. Set the frequency for maintenance of the different elements while monitoring overall airport operations.,skill/competence > occupation-specific,airport electrical systems,"The different elements that comprise airport electrical systems, such as air navigation equipment, electronic landing aids, radars, and meteorological services, and the function and operation of each of these elements.",knowledge > sector-specific,schedule maintenance of airport electrical systems. Schedule maintenance for each individual element of an airport electrical system. Set the frequency for maintenance of the different eleme,"schedule maintenance of airport electrical systems. Schedule maintenance for each individual element of an airport electrical system. Set the frequency for maintenance of the different eleme | airport electrical systems. The different elements that comprise airport electrical systems, such as air navigation equipment, electronic landing aids, radars, and me",1,B_to_A,A đặt lịch/tần suất bảo trì từng phần tử điện sân bay; B cung cấp hiểu biết chính các phần tử của hệ thống đó.
132,IAA_chung,http://data.europa.eu/esco/skill/d40fb05b-5a5a-4a38-9e47-9560349860fb__http://data.europa.eu/esco/skill/1abc1d86-e529-42ab-828f-8d4fc225b076,vacuum distillation processes,The process of distilling a liquid mixture at very low pressure.,knowledge > occupation-specific,filter liquids,Separated solids that will not readily sediment from their suspending liquid by passing the mixture through filters.,skill/competence > sector-specific,vacuum distillation processes. The process of distilling a liquid mixture at very low pressure.,filter liquids. Separated solids that will not readily sediment from their suspending liquid by passing the mixture through filters.,0,none,Chưng cất chân không và lọc tách chất rắn là hai phương pháp phân tách khác; không có tiên quyết học bắt buộc.
133,IAA_chung,http://data.europa.eu/esco/skill/012795fe-5f85-4d12-a10e-9dabda4ea05f__http://data.europa.eu/esco/skill/4efae845-a71a-4b10-a245-f996394cccf4,repair electric bicycles,"Inspect the functioning of the electrical components, wiring, and fuses. Check for damage and malfunctions and determine the cause. Dismantle and repair bicycle components, such as add-on drives, switching systems, power supply systems and lightning systems. Adjust mechanical and electronic switchgear, drives, brake systems and chassis components. Check the bicycle's operating fluids and see if it needs refills or changes.",skill/competence > occupation-specific,address aircraft mechanical issues,"Identify and resolve mechanical issues which arise during flight. Identify malfunctions in fuel gauges, pressure indicators and other electrical, mechanical or hydraulic components.",skill/competence > sector-specific,"repair electric bicycles. Inspect the functioning of the electrical components, wiring, and fuses. Check for damage and malfunctions and determine the cause. Disman","address aircraft mechanical issues. Identify and resolve mechanical issues which arise during flight. Identify malfunctions in fuel gauges, pressure indicators and other elec",0,none,Hai span mô tả năng lực/đối tượng riêng; không thể hiện kỹ năng này là điều kiện bắt buộc để học hoặc làm kỹ năng kia.
134,IAA_chung,http://data.europa.eu/esco/skill/b5a8e3fe-63b3-4a67-a4c4-dee8f4ff5d1a__http://data.europa.eu/esco/skill/80cf2345-7fd8-4535-8e8d-0279771a03cf,safe work practices in a veterinary setting,"Safe work practices in a veterinary setting in order to identify hazards and associated risks so as to prevent accidents or incidents. This includes injury from animals, zoonotic diseases, chemicals, equipment and working environment.",knowledge > sector-specific,apply safe work practices in a veterinary setting,"Apply safe work practices in a veterinary setting in order to identify hazards and associated risks so as to prevent accidents or incidents. This includes injury from animals, zoonotic diseases, chemicals, equipment and work environments.",skill/competence > sector-specific,apply safe work practices in a veterinary setting. Apply safe work practices in a veterinary setting in order to identify hazards and associated risks so as to prevent accidents or incident | safe work practices in a veterinary setting. Safe work practices in a veterinary setting in order to identify hazards and associated risks so as to prevent accidents or incidents. Thi,apply safe work practices in a veterinary setting. Apply safe work practices in a veterinary setting in order to identify hazards and associated risks so as to prevent accidents or incident,1,A_to_B,B áp dụng đúng các thực hành an toàn trong môi trường thú y được mô tả ở A.
135,rieng_Tuan,http://data.europa.eu/esco/skill/3807585e-a35a-4b84-8498-70a63295609a__http://data.europa.eu/esco/skill/12a105f9-8288-48b5-91e3-ac886c5f77fe,ophthalmology,Ophthalmology is a medical specialty mentioned in the EU Directive 2005/36/EC.,knowledge > sector-specific,use ophthalmic instruments,"Use specialised instruments in ophthalmology such as phoropter, tonometers, wire speculum, iris forceps, lid plate or Beer`s knife.",skill/competence > occupation-specific,"use ophthalmic instruments. Use specialised instruments in ophthalmology such as phoropter, tonometers, wire speculum, iris forceps, lid plate or Beer`s knife. | ophthalmology. Ophthalmology is a medical specialty mentioned in the EU Directive 2005/36/EC.","use ophthalmic instruments. Use specialised instruments in ophthalmology such as phoropter, tonometers, wire speculum, iris forceps, lid plate or Beer`s knife.",1,A_to_B,B sử dụng dụng cụ chuyên dụng nhãn khoa; kiến thức nhãn khoa A là nền tảng cùng đối tượng. Không suy ra phải hoàn tất toàn bộ chuyên ngành.
136,rieng_Tuan,http://data.europa.eu/esco/skill/68b6ef08-d823-489d-a95c-752ae6f6e6a7__http://data.europa.eu/esco/skill/02c71cde-f513-43da-8952-0974763c7568,read standard blueprints,"Read and comprehend standard blueprints, machine, and process drawings.",skill/competence > cross-sector,interpret circuit diagrams,"Read and comprehend circuit diagrams showing the connections between the devices, such as power and signal connections.",skill/competence > sector-specific,"read standard blueprints. Read and comprehend standard blueprints, machine, and process drawings.","interpret circuit diagrams. Read and comprehend circuit diagrams showing the connections between the devices, such as power and signal connections.",0,none,Đọc bản vẽ chung và đọc sơ đồ mạch có phạm vi/ký hiệu khác; span không nêu nền tảng chung bắt buộc trước sơ đồ mạch.
137,rieng_Tuan,http://data.europa.eu/esco/skill/8aaa2a49-9007-4472-8a2b-d23e56ed91cc__http://data.europa.eu/esco/skill/1b1cf435-46ba-4471-afda-5029b36b3862,fish welfare regulations,The set of rules that apply in fish harvesting methods which ensure fish well-being.,knowledge > cross-sector,government representation,"The legal and public representation methods and procedures of the government during trial cases or for communication purposes, and the specific aspects of the governmental bodies being represented in order to ensure accurate representation.",knowledge > cross-sector,fish welfare regulations. The set of rules that apply in fish harvesting methods which ensure fish well-being.,"government representation. The legal and public representation methods and procedures of the government during trial cases or for communication purposes, and the spe",0,none,Hai span mô tả năng lực/đối tượng riêng; không thể hiện kỹ năng này là điều kiện bắt buộc để học hoặc làm kỹ năng kia.
138,IAA_chung,http://data.europa.eu/esco/skill/c08dd4b7-026e-4e24-820a-6f4d812ae208__http://data.europa.eu/esco/skill/d3a2f927-54af-482e-9e98-323a8cb0d77f,blasting abrasives,"The various types and properties of fine, abrasive materials used for abrasive blasting, such as white aluminium oxide, white aluminium oxide, steel grit, silicon carbide, and others.",knowledge > occupation-specific,operate sand blasting cabinet,"Operate an abrasive cabinet using sand and fine blasting abrasives, inside a cabinet containing the abrasive force, to erode and smoothen a rough surface.",skill/competence > cross-sector,"operate sand blasting cabinet. Operate an abrasive cabinet using sand and fine blasting abrasives, inside a cabinet containing the abrasive force, to erode and smoothen a rough surface. | blasting abrasives. The various types and properties of fine, abrasive materials used for abrasive blasting, such as white aluminium oxide, white aluminium ox","operate sand blasting cabinet. Operate an abrasive cabinet using sand and fine blasting abrasives, inside a cabinet containing the abrasive force, to erode and smoothen",1,A_to_B,B dùng cát và hạt mài để phun; A cung cấp loại và tính chất vật liệu mài cần chọn/sử dụng.
139,IAA_chung,http://data.europa.eu/esco/skill/4d7410df-51a9-42bc-83ec-363c201ee631__http://data.europa.eu/esco/skill/07469451-ae47-49af-98ea-99f8ef9d283c,control food safety regulations,"Implement strict control of food safety standards ensuring production, transportation, storage or livestock breeding is according to law and regulations.",skill/competence > occupation-specific,general principles of food law,The national and international legal rules and requirements applied in the food industry.,knowledge > sector-specific,"control food safety regulations. Implement strict control of food safety standards ensuring production, transportation, storage or livestock breeding is according to law a",general principles of food law. The national and international legal rules and requirements applied in the food industry.,1,B_to_A,A kiểm soát an toàn thực phẩm bảo đảm hoạt động theo luật; B cung cấp quy tắc pháp lý của ngành thực phẩm.
140,IAA_chung,http://data.europa.eu/esco/skill/0227a4f4-f979-4e5a-bd11-93744f339246__http://data.europa.eu/esco/skill/90e083c3-ae4b-4726-982f-f3944eaa571a,types of digesters,"This includes the stationary and rotary steam digesters, which cook wood chips in an acid solution to make pulp for use in the manufacture of paper.",knowledge > sector-specific,operate paper winding machine,"Use machinery to fabricate toilet paper packages in roll form. Feed paper to the machine and bring it into a winding position, which results in the rolling of mandrels and forming of the product.",skill/competence > occupation-specific,"types of digesters. This includes the stationary and rotary steam digesters, which cook wood chips in an acid solution to make pulp for use in the manufacture","operate paper winding machine. Use machinery to fabricate toilet paper packages in roll form. Feed paper to the machine and bring it into a winding position, which resul",0,none,Kiến thức thiết bị nấu bột giấy không cần để vận hành máy cuộn giấy đầu vào đã có sẵn.
141,rieng_Tuan,http://data.europa.eu/esco/skill/abec880d-99ac-4af4-a8d2-900b4aa0de12__http://data.europa.eu/esco/skill/b78a32fd-e99b-4b65-a01e-4b43b3b90167,promote good habits to avoid communication disorders,"Promote good habits to avoid communication disorders or malformations affecting communication, swallowing or hearing.",skill/competence > occupation-specific,communication disorders,"The malfunction in a person's ability to comprehend, process and share concepts in various forms, such as verbal, non verbal or graphical during language, hearing, and speech communication processes.",knowledge > cross-sector,"promote good habits to avoid communication disorders. Promote good habits to avoid communication disorders or malformations affecting communication, swallowing or hearing.","promote good habits to avoid communication disorders. Promote good habits to avoid communication disorders or malformations affecting communication, swallowing or hearing. | communication disorders. The malfunction in a person's ability to comprehend, process and share concepts in various forms, such as verbal, non verbal or graphical",1,B_to_A,A hướng dẫn phòng tránh rối loạn giao tiếp; B cung cấp hiểu biết về rối loạn cần phòng tránh.
142,IAA_chung,http://data.europa.eu/esco/skill/7e2f6f05-d6ef-45f3-a33c-5d6d0b07e1cf__http://data.europa.eu/esco/skill/00e895f4-b9d3-4a1a-8c36-baf10fbfb982,alter wearing apparel,Alter wearing apparel repairing or adjusting it to the clients/manufacturing specifications. Perform altering by hand or using equipment.,skill/competence > sector-specific,manufacture wearing apparel products,"Manufacture either mass-product or bespoke wearing apparels of various types, assembling and joining together wearing apparel components using processes such as sewing, gluing, bonding. Assemble wearing apparel components using stitches, seams such as collars, sleeves, top fronts, top backs, pockets.",skill/competence > sector-specific,alter wearing apparel. Alter wearing apparel repairing or adjusting it to the clients/manufacturing specifications. Perform altering by hand or using equipment.,"manufacture wearing apparel products. Manufacture either mass-product or bespoke wearing apparels of various types, assembling and joining together wearing apparel components u",3,none,Sửa và sản xuất quần áo chia sẻ kỹ thuật may; chưa chứng minh cần làm chủ sản xuất trước sửa hoặc ngược lại.
143,IAA_chung,http://data.europa.eu/esco/skill/35ce6e9f-ec73-4617-8f4d-bd6b241c7d90__http://data.europa.eu/esco/skill/9433da85-70fa-4a25-8f96-71fa59dd1989,teach biology,"Instruct students in the theory and practice of biology, more specifically in biochemistry, molecular biology, cellular biology, genetics, developmental biology, haematology, nanobiology, and zoology.",skill/competence > sector-specific,biology,"Tissues, cells, and functions of plant and animal organisms and their interdependencies and interactions with each other and the environment.",knowledge > cross-sector,"teach biology. Instruct students in the theory and practice of biology, more specifically in biochemistry, molecular biology, cellular biology, genetics,","teach biology. Instruct students in the theory and practice of biology, more specifically in biochemistry, molecular biology, cellular biology, genetics, | students in the theory and practice of biology, more specifically in biochemistry, molecular biology, cellular biology, genetics, developmental biology, haematology, nanobiology, and zoology. | biology. Tissues, cells, and functions of plant and animal organisms and their interdependencies and interactions with each other and the environme",1,B_to_A,A giảng dạy lý thuyết và thực hành sinh học; B cung cấp kiến thức môn sinh học cần để dạy.
144,IAA_chung,http://data.europa.eu/esco/skill/b1d3d335-2307-4133-ba98-2a5a207d7037__http://data.europa.eu/esco/skill/01c4bbed-0449-44c9-9c05-48c30ffdcc22,maintain fish harvesting equipment,Clean and store fish harvesting equipment after use.,skill/competence > sector-specific,maintain rotating equipment,"Perform routine maintenance on rotating equipment to ensure that it is clean and in safe, working order.",skill/competence > sector-specific,maintain fish harvesting equipment. Clean and store fish harvesting equipment after use.,"maintain rotating equipment. Perform routine maintenance on rotating equipment to ensure that it is clean and in safe, working order.",0,none,Hai span mô tả năng lực/đối tượng riêng; không thể hiện kỹ năng này là điều kiện bắt buộc để học hoặc làm kỹ năng kia.
145,rieng_Tuan,http://data.europa.eu/esco/skill/9f76644e-45ce-424e-91dc-064cb166b323__http://data.europa.eu/esco/skill/d2c5d356-43d9-4118-827c-6801e32a452a,curl hair,Curl a person's hair using the appropriate techniques and products.,skill/competence > occupation-specific,hairdressing,"The processes of washing, cutting, curling, and arranging hair.",knowledge > cross-sector,curl hair. Curl a person's hair using the appropriate techniques and products.,"hairdressing. The processes of washing, cutting, curling, and arranging hair.",1,B_to_A,A uốn tóc bằng kỹ thuật/sản phẩm phù hợp; B bao gồm kiến thức quy trình uốn tóc. Chỉ phần kiến thức tương ứng là nền tảng.
146,rieng_Tuan,http://data.europa.eu/esco/skill/541fca97-cedf-4ab7-9ea6-4ed363cfd4a3__http://data.europa.eu/esco/skill/9d5e2143-08db-44d6-83d3-12c87dc23586,plastic surgery,Plastic surgery is a medical specialty mentioned in the EU Directive 2005/36/EC.,knowledge > sector-specific,urology,Urology is a medical specialty mentioned in the EU Directive 2005/36/EC.,knowledge > sector-specific,plastic surgery. Plastic surgery is a medical specialty mentioned in the EU Directive 2005/36/EC.,urology. Urology is a medical specialty mentioned in the EU Directive 2005/36/EC.,0,none,Hai span mô tả năng lực/đối tượng riêng; không thể hiện kỹ năng này là điều kiện bắt buộc để học hoặc làm kỹ năng kia.
147,IAA_chung,http://data.europa.eu/esco/skill/055ff233-6569-43db-9f95-a4b03dca97da__http://data.europa.eu/esco/skill/020918ef-4b55-47c1-8430-ab7b8f6a7377,operate warehouse record systems,"Operate systems for recording product, packaging, and order information in specific formats and types of record.",skill/competence > sector-specific,migrate existing data,"Apply migration and conversion methods for existing data, in order to transfer or convert data between formats, storage or computer systems.",skill/competence > sector-specific,"operate warehouse record systems. Operate systems for recording product, packaging, and order information in specific formats and types of record.","migrate existing data. Apply migration and conversion methods for existing data, in order to transfer or convert data between formats, storage or computer system",0,none,"Vận hành hệ thống ghi chép kho và chuyển đổi dữ liệu có thể gặp trong một dự án, nhưng không xác lập tiên quyết bắt buộc."
148,IAA_chung,http://data.europa.eu/esco/skill/03305638-bd08-410a-a960-f963ad89cce6__http://data.europa.eu/esco/skill/e22b1918-1f03-4d6c-89bd-d0d55074ef3d,tend electron beam welding machine,"Tend a metalworking machine designed to join metal pieces by use of an electron beam exuding a concentrated heat source, monitor and operate it according to regulations.",skill/competence > sector-specific,tend metal polishing machine,"Tend a metalworking machine designed to buff and polish metal surfaces, monitor and operate it according to regulations.",skill/competence > cross-sector,"tend electron beam welding machine. Tend a metalworking machine designed to join metal pieces by use of an electron beam exuding a concentrated heat source, monitor and opera","tend metal polishing machine. Tend a metalworking machine designed to buff and polish metal surfaces, monitor and operate it according to regulations.",0,none,Hai span mô tả năng lực/đối tượng riêng; không thể hiện kỹ năng này là điều kiện bắt buộc để học hoặc làm kỹ năng kia.
149,IAA_chung,http://data.europa.eu/esco/skill/3807585e-a35a-4b84-8498-70a63295609a__http://data.europa.eu/esco/skill/d8d261bd-da63-4872-999c-42daef00c9f2,ophthalmology,Ophthalmology is a medical specialty mentioned in the EU Directive 2005/36/EC.,knowledge > sector-specific,make referrals to ophthalmology,"Transfer the care of a patient to the ophthalmology service, the branch of medicine that deals with the anatomy, physiology and diseases of the eye.",skill/competence > occupation-specific,"make referrals to ophthalmology. Transfer the care of a patient to the ophthalmology service, the branch of medicine that deals with the anatomy, physiology and diseases o | ophthalmology. Ophthalmology is a medical specialty mentioned in the EU Directive 2005/36/EC.","make referrals to ophthalmology. Transfer the care of a patient to the ophthalmology service, the branch of medicine that deals with the anatomy, physiology and diseases o",3,none,"Chuyển bệnh nhân cần nhận biết chuyên khoa phù hợp, nhưng A chỉ định danh cả chuyên ngành nhãn khoa; chưa chứng minh mức kiến thức chuyên ngành bắt buộc."
150,rieng_Tuan,http://data.europa.eu/esco/skill/532bcdca-a889-4dea-8f7f-4e03d8cfd0d2__http://data.europa.eu/esco/skill/2f043e92-84c4-49a0-8768-4d694c4a97a8,aircraft mechanics,Technicalities over mechanics in aircrafts and related topics in order to perform a wide range of repais in aircrafts.,knowledge > cross-sector,use dairy test materials,Use the appropriate equipment for a range of tests on dairy in order to obtain reliable results.,skill/competence > sector-specific,aircraft mechanics. Technicalities over mechanics in aircrafts and related topics in order to perform a wide range of repais in aircrafts.,use dairy test materials. Use the appropriate equipment for a range of tests on dairy in order to obtain reliable results.,0,none,Hai span mô tả năng lực/đối tượng riêng; không thể hiện kỹ năng này là điều kiện bắt buộc để học hoặc làm kỹ năng kia.
151,IAA_chung,http://data.europa.eu/esco/skill/02c71cde-f513-43da-8952-0974763c7568__http://data.europa.eu/esco/skill/68b6ef08-d823-489d-a95c-752ae6f6e6a7,interpret circuit diagrams,"Read and comprehend circuit diagrams showing the connections between the devices, such as power and signal connections.",skill/competence > sector-specific,read standard blueprints,"Read and comprehend standard blueprints, machine, and process drawings.",skill/competence > cross-sector,"interpret circuit diagrams. Read and comprehend circuit diagrams showing the connections between the devices, such as power and signal connections.","read standard blueprints. Read and comprehend standard blueprints, machine, and process drawings.",0,none,Nhất quán với hàng 136: hai loại đọc bản vẽ không có thứ tự học bắt buộc được chứng minh.
152,rieng_Tuan,http://data.europa.eu/esco/skill/60f51172-37c0-4933-a27a-cbf55dcd7580__http://data.europa.eu/esco/skill/eaa9727c-df1e-407a-85d3-48cc71508bc2,prepare financial statements,"Collect, entry, and prepare the set of financial records disclosing the financial position of a company at the end of a certain period or accounting year. The financial statements consisting of five parts which are the statement of financial position, the statement of comprehensive income, the statement of changes in equity (SOCE), the statement of cash flows and notes.",skill/competence > cross-sector,prepare trial accounting balances,Ensure that all transactions are recorded in the books of the company and totalise all the debits and the credits of the accounts to find out balance in the accounts.,skill/competence > cross-sector,"prepare financial statements. Collect, entry, and prepare the set of financial records disclosing the financial position of a company at the end of a certain period or",prepare trial accounting balances. Ensure that all transactions are recorded in the books of the company and totalise all the debits and the credits of the accounts to find,3,none,"Bảng cân đối thử thường hỗ trợ báo cáo tài chính, nhưng span không xác định liên kết bắt buộc hoặc các bước trung gian; chưa đủ để gán direct/transitive."
153,rieng_Tuan,http://data.europa.eu/esco/skill/0d6714c6-720e-4985-9791-5ab85d28da79__http://data.europa.eu/esco/skill/118a9b27-1c5a-4214-b685-1a4d9e6365ea,gather data,Extract exportable data from multiple sources.,skill/competence > cross-sector,computer forensics,The process of examining and recovering digital data from sources for legal evidence and crime investigation.,knowledge > sector-specific,gather data. Extract exportable data from multiple sources.,computer forensics. The process of examining and recovering digital data from sources for legal evidence and crime investigation.,3,none,"Thu thập dữ liệu có thể là bước trong pháp chứng số, nhưng B là kiến thức về quy trình; chưa chứng minh cần thành thạo A trước khi học B."
154,IAA_chung,http://data.europa.eu/esco/skill/0476ca2b-f84e-4657-95b1-ad80bc48d002__http://data.europa.eu/esco/skill/8af80013-01db-404b-941b-03bed901dc37,emboss designs,"Instead of raising a design (embossing) this process recesses the design, forcing the material down from the surface. It produces a different effect or appearance on the material.",skill/competence > sector-specific,cut ornamental design,"Cut decorative designs from a work piece of various materials, such as metal or wood, using hand tools or semi-automatic equipment.",skill/competence > occupation-specific,"emboss designs. Instead of raising a design (embossing) this process recesses the design, forcing the material down from the surface. It produces a differ","cut ornamental design. Cut decorative designs from a work piece of various materials, such as metal or wood, using hand tools or semi-automatic equipment.",0,none,Cắt trang trí và tạo thiết kế chìm/nổi là hai kỹ thuật khác; nhất quán với hàng 54.
155,rieng_Tuan,http://data.europa.eu/esco/skill/0234bf2c-0483-4953-be59-edc2fcdd9e4b__http://data.europa.eu/esco/skill/ad5ea463-5dc7-497e-b5fa-e1a1db0aaa08,assemble circus rigging equipment,Assemble and fit-up circus rigging equipment based on instruction or technical rider or description.,skill/competence > occupation-specific,install mining machinery,"Assemble, install and disassemble mining equipment. Outstanding eye-hand coordination and spatial awareness are required.",skill/competence > sector-specific,assemble circus rigging equipment. Assemble and fit-up circus rigging equipment based on instruction or technical rider or description.,"install mining machinery. Assemble, install and disassemble mining equipment. Outstanding eye-hand coordination and spatial awareness are required.",0,none,Hai span mô tả năng lực/đối tượng riêng; không thể hiện kỹ năng này là điều kiện bắt buộc để học hoặc làm kỹ năng kia.
156,IAA_chung,http://data.europa.eu/esco/skill/009673d9-e2fd-46ef-a64b-6027ac7fd613__http://data.europa.eu/esco/skill/14471fa4-c026-4eab-ac89-2506fda9263e,manufacture ingredients,"Manufacture ingredients such as spices, additives and vegetables.",skill/competence > sector-specific,purchase fruits and vegetables,Purchase products from local fruit and vegetables suppliers and ensure the freshness of the products.,skill/competence > occupation-specific,"manufacture ingredients. Manufacture ingredients such as spices, additives and vegetables.",purchase fruits and vegetables. Purchase products from local fruit and vegetables suppliers and ensure the freshness of the products.,0,none,Mua rau quả và sản xuất nguyên liệu là công việc khác; đầu vào vật chất không chứng minh tiên quyết giữa hai kỹ năng.
157,IAA_chung,http://data.europa.eu/esco/skill/daa52226-7795-48ff-aa3e-ad3189d9aa61__http://data.europa.eu/esco/skill/02e0b3e9-c9e0-4063-983b-b5a7697e0f78,tabulate survey results,Collate and organise the answers gathered in interviews or polls in order to be analysed and draw conclusions from them.,skill/competence > cross-sector,keep records of bridge investigation findings,Register the results of bridge investigations and send them to the appropriate authorities.,skill/competence > sector-specific,tabulate survey results. Collate and organise the answers gathered in interviews or polls in order to be analysed and draw conclusions from them.,keep records of bridge investigation findings. Register the results of bridge investigations and send them to the appropriate authorities.,0,none,Hai span mô tả năng lực/đối tượng riêng; không thể hiện kỹ năng này là điều kiện bắt buộc để học hoặc làm kỹ năng kia.
158,rieng_Tuan,http://data.europa.eu/esco/skill/e9440312-38ed-4d64-9850-b9dd47182456__http://data.europa.eu/esco/skill/059d0c45-3ad3-440e-a20d-63ecbece9336,manufacture weft knitted fabrics,"Perform the operation, monitoring and maintenance of machines and processes to manufacture weft knitting fabrics.",skill/competence > sector-specific,knitting machine technology,Manufacturing technologies which use loop forming techniques to convert yarns into fabrics in order to form knitted fabrics.,knowledge > sector-specific,"manufacture weft knitted fabrics. Perform the operation, monitoring and maintenance of machines and processes to manufacture weft knitting fabrics.",knitting machine technology. Manufacturing technologies which use loop forming techniques to convert yarns into fabrics in order to form knitted fabrics.,1,B_to_A,A vận hành/giám sát máy và quy trình dệt kim ngang; B cung cấp công nghệ tạo vòng sợi thành vải dệt kim.
159,IAA_chung,http://data.europa.eu/esco/skill/397c14d5-42e0-4c85-8376-4c70b5a90bcf__http://data.europa.eu/esco/skill/800d76d7-3ff9-440b-b5e8-b8737e105f36,conservation techniques,"The procedures, instruments, techniques, materials and chemicals used in conservation and archiving.",knowledge > sector-specific,manufacture fur products,"Manufacture fur products by handling pelts. Cut raw materials, apply chemicals as necessary, follow procedures to maintain the quality of the product, and apply finishing touches to products.",skill/competence > sector-specific,"conservation techniques. The procedures, instruments, techniques, materials and chemicals used in conservation and archiving.","manufacture fur products. Manufacture fur products by handling pelts. Cut raw materials, apply chemicals as necessary, follow procedures to maintain the quality of",0,none,Kỹ thuật bảo tồn/lưu trữ không phải kỹ thuật sản xuất lông thú; cùng hóa chất/quy trình không đủ xác lập tiên quyết.
160,rieng_Tuan,http://data.europa.eu/esco/skill/00064735-8fad-454b-90c7-ed858cc993f2__http://data.europa.eu/esco/skill/6d9f73cd-cccc-4d72-89bd-85b3ac4393b0,supervise correctional procedures,"Supervise the operations of a correctional facility or other correctional procedures, ensuring that they are compliant with legal regulations, and ensure that the staff complies with regulations, and aim to improve the facility's efficiency and safety.",skill/competence > occupation-specific,supervise legal case procedures,"Supervise the procedures conducted during or after a legal case to ensure that everything occurred compliant with legal regulations, that the case is finished before closing, and to verify whether no mistakes have been made and all necessary steps were undertaken during the progression of the case from start to closing.",skill/competence > sector-specific,"supervise correctional procedures. Supervise the operations of a correctional facility or other correctional procedures, ensuring that they are compliant with legal regulati","supervise legal case procedures. Supervise the procedures conducted during or after a legal case to ensure that everything occurred compliant with legal regulations, that",0,none,Giám sát cơ sở cải huấn và giám sát thủ tục vụ án là hai phạm vi khác; cùng tuân thủ pháp luật không xác lập thứ tự học.
