stt,batch,pair_id,ky_nang_A,mo_ta_A,taxonomy_A,ky_nang_B,mo_ta_B,taxonomy_B,span_A_truoc_B,span_B_truoc_A,nhan,huong,trung_gian,ghi_chu
1,IAA_chung,http://data.europa.eu/esco/skill/02e1ca57-0715-438b-886d-f0f938ac3efc__http://data.europa.eu/esco/skill/d49d5b8b-f445-4534-84f7-4665adc9c198,sand blasting machine parts,"The various parts of a type of sand blasting machinery, their qualities and applications, such as a treadle, blast nozzle, dust collecter, filter, abrasive materials and others.",knowledge > occupation-specific,blast surface,"Blast a surface with sand, metal shot, dry ice or other blasting material to remove impurities or rough up a smooth surface.",skill/competence > cross-sector,"sand blasting machine parts. The various parts of a type of sand blasting machinery, their qualities and applications, such as a treadle, blast nozzle, dust collecter,","blast surface. Blast a surface with sand, metal shot, dry ice or other blasting material to remove impurities or rough up a smooth surface.",1,A_to_B,,"Kiến thức bộ phận máy phun cát → phun bề mặt; B rộng hơn (còn shot, dry ice) nên độ tin cậy trung bình"
2,IAA_chung,http://data.europa.eu/esco/skill/4b38ae9d-28a3-467f-a8bb-88ac4696d8cf__http://data.europa.eu/esco/skill/3592e67f-fff1-4a62-9f4e-96edcfe10152,equine dental diseases,"Prevention, diagnosis and treatment of dental diseases for horses.",knowledge > sector-specific,use equine dental equipment,"Ensure that equine dental equipment is maintained to high standards, prepared and assembled ready for use, including personal protective equipment with the aim of minimising risk of transmission of animal diseases.",skill/competence > occupation-specific,"equine dental diseases. Prevention, diagnosis and treatment of dental diseases for horses.","use equine dental equipment. Ensure that equine dental equipment is maintained to high standards, prepared and assembled ready for use, including personal protective e",3,none,,Bảo dưỡng dụng cụ nha khoa ngựa không đòi hỏi kiến thức bệnh răng
3,rieng_Thu,http://data.europa.eu/esco/skill/519e801b-3cc4-44d4-bcf1-32fdb9a77e51__http://data.europa.eu/esco/skill/48d73e89-b231-4bb4-9f3c-5c900a1e37a1,personal development,The techniques and methods used to improve awareness and identity and develop talents and potential in human beings.,knowledge > cross-sector,manage personal professional development in sport,"Take responsibility for developing own knowledge, skills and competence to meet the current and future requirements of the work and to support personal and career development in sport.",skill/competence > sector-specific,personal development. The techniques and methods used to improve awareness and identity and develop talents and potential in human beings.,"manage personal professional development in sport. Take responsibility for developing own knowledge, skills and competence to meet the current and future requirements of the work and to sup",3,none,,"Kiến thức phát triển cá nhân rộng, không rõ là tiên quyết"
4,IAA_chung,http://data.europa.eu/esco/skill/b5a7c34c-96f4-4136-9c6c-96a4d0f1df37__http://data.europa.eu/esco/skill/5e1ae060-3827-403b-b875-2f45a054ce03,methods of drying timber,"Be acquainted with methods of chamber drying timber, such as air and artificial drying.",knowledge > occupation-specific,acclimatise timber,"Acclimatise wooden materials to make sure they will not change size after installation, which may cause damage or produce an otherwise inadequate result. Leave the material in climatic circumstances very similar to those in the location where they will be used. Allow several days for the wood to acclimatise, depending on the type and circumstances.",skill/competence > cross-sector,,,0,none,,
5,rieng_Thu,http://data.europa.eu/esco/skill/cef5c0f8-1e40-4c09-b6a7-aa7811849e5d__http://data.europa.eu/esco/skill/0539bd09-531a-4857-b739-cfd0316e4c65,ethics,"The philosophical study that deals with solving questions of human morality; it defines and systemises concepts such as right, wrong, and crime.",knowledge > cross-sector,treat animals ethically,"Carry out activities according to accepted principles of right and wrong, including transparency in work practices and conduct towards clients and their animals.",skill/competence > sector-specific,"ethics. The philosophical study that deals with solving questions of human morality; it defines and systemises concepts such as right, wrong, and","treat animals ethically. Carry out activities according to accepted principles of right and wrong, including transparency in work practices and conduct towards cli",3,none,,Đạo đức học (triết học) không bắt buộc để hành xử có đạo đức với động vật
6,IAA_chung,http://data.europa.eu/esco/skill/b22828a8-18e7-4639-8fbd-f2b33594382d__http://data.europa.eu/esco/skill/382c11ed-20d5-4ae7-b60e-15fec527fa6c,collect statistics on medical records,"Perform statistical analysis of various medical records of the healthcare facility, referring to the number of hospital admissions, discharges or waiting lists.",skill/competence > sector-specific,apply statistical analysis techniques,"Use models (descriptive or inferential statistics) and techniques (data mining or machine learning) for statistical analysis and ICT tools to analyse data, uncover correlations and forecast trends.",skill/competence > cross-sector,"collect statistics on medical records. Perform statistical analysis of various medical records of the healthcare facility, referring to the number of hospital admissions, discha",apply statistical analysis techniques. Use models (descriptive or inferential statistics) and techniques (data mining or machine learning) for statistical analysis and ICT tools,1,B_to_A,,A là áp dụng phân tích thống kê cho hồ sơ y tế: tổng quát → chuyên biệt
7,IAA_chung,http://data.europa.eu/esco/skill/9d74924b-bb58-4998-9112-19da9238687b__http://data.europa.eu/esco/skill/ef069fe6-305b-4452-8f7d-0c572e98effc,develop footwear and leather goods marketing plans,"Be able to develop marketing plans and provide directions for marketing strategies of the company, as well as be able to identify potential markets and to perform marketing activities to promote the footwear products of the company.",skill/competence > sector-specific,mobile marketing,"The study of marketing which uses mobile devices as a communication channel. This approach can provide potential customers with personalised information (using location or time context) which promotes products, services or ideas.",knowledge > sector-specific,"develop footwear and leather goods marketing plans. Be able to develop marketing plans and provide directions for marketing strategies of the company, as well as be able to identify potentia",mobile marketing. The study of marketing which uses mobile devices as a communication channel. This approach can provide potential customers with personalis,0,none,,
8,rieng_Thu,http://data.europa.eu/esco/skill/bfa5427c-83ec-404f-8465-dd49b42fde8e__http://data.europa.eu/esco/skill/51399b1c-15d6-4e4c-8673-30c25a094fce,cleaning of reusable packaging,Methods of cleaning and disinfecting reusable packaging to prevent or remove deposits of organic or inorganic nature of the packaging.,knowledge > sector-specific,promote sustainable packaging,Apply safe and healthy packaging policies; maximise the use of recycled or renewable source materials; implement clean production technologies.,skill/competence > occupation-specific,,,0,none,,
9,rieng_Thu,http://data.europa.eu/esco/skill/0f62b20e-90ea-446b-b5a4-eb5ece4057b0__http://data.europa.eu/esco/skill/32fcad69-381e-43cb-aebc-94f51ea15bab,develop strategic plans for physiotherapy services,"Contribute to the development of systems, policies and procedures for the provision of physiotherapy services, sharing knowledge and contributing to internal and external learning opportunities.",skill/competence > sector-specific,triage clients for physiotherapy,"Triage clients for physiotherapy, prioritising their assessment and indicating where additional services are required.",skill/competence > sector-specific,"develop strategic plans for physiotherapy services. Contribute to the development of systems, policies and procedures for the provision of physiotherapy services, sharing knowledge and contr","triage clients for physiotherapy. Triage clients for physiotherapy, prioritising their assessment and indicating where additional services are required.",0,none,,
10,rieng_Thu,http://data.europa.eu/esco/skill/6f46e227-f6d3-422f-b391-2b42169aac2c__http://data.europa.eu/esco/skill/adcde86b-023a-4865-afec-45e1c343388e,dairy products,"Variety of products deriving from dairy products such as milk, butter, cheese, and evaporated milk in liquid, solid or powdered form.",knowledge > sector-specific,administer lactic ferment cultures to manufacturing products,"Add specified quantity of lactic ferment cultures to food preparations such as pasteurised milk to obtain starter for sour dairy products, such as buttermilk, cheese, and sour cream. Also, to dough making in bakery.",skill/competence > sector-specific,"dairy products. Variety of products deriving from dairy products such as milk, butter, cheese, and evaporated milk in liquid, solid or powdered form. | ic ferment cultures to food preparations such as pasteurised milk to obtain starter for sour dairy products, such as buttermilk, cheese, and sour cream. Also, to dough making in bakery.","administer lactic ferment cultures to manufacturing products. Add specified quantity of lactic ferment cultures to food preparations such as pasteurised milk to obtain starter for sour dairy products,",3,none,,Liên quan sản phẩm sữa nhưng không rõ là tiên quyết
11,IAA_chung,http://data.europa.eu/esco/skill/fd2930ce-cd21-4eb2-87f7-115c3d197e24__http://data.europa.eu/esco/skill/b25c3eb8-fd63-4d77-8308-7061dbd271c1,conserve water resource,Strive to conserve ground irrigation water. Meet with water conservation agencies and liaise with management on developments in conservation policy.,skill/competence > occupation-specific,conserve natural resources,Protect waters and natural resources and coordinate actions. Work with environmental agencies and resource management personnel.,skill/competence > sector-specific,conserve water resource. Strive to conserve ground irrigation water. Meet with water conservation agencies and liaise with management on developments in conservati,conserve natural resources. Protect waters and natural resources and coordinate actions. Work with environmental agencies and resource management personnel.,3,none,,"Tổng quát – chuyên biệt (tài nguyên nước ⊂ tài nguyên thiên nhiên), không có thứ tự học rõ"
12,IAA_chung,http://data.europa.eu/esco/skill/41daf4d3-33b8-4199-b814-e54964d277b6__http://data.europa.eu/esco/skill/b4e4bee5-439e-4b2e-909a-50be1979b5ec,properties of textile materials,"The characteristics and properties of different textile and fabric materials. These include strength, flexibility, elasticity, softness, durability, heat insulation, low weight, water absorbency/repellence, dyeability and resistance to chemicals. Moreover, the influence of chemical composition and molecular arrangement of yarn and fibre properties and fabric structure on the physical properties of textile fabrics; the different fibre types; the materials used in different processes and the effec",knowledge > sector-specific,use weaving machine technologies,"Operate machines that enable weaving processes turning threads into fabrics. Setup weaving machine programmes for the machine to produce fabrics with the adequate pattern, colour and fabric density.",skill/competence > sector-specific,,,3,none,,Span trống; quan hệ thứ tự không rõ
13,IAA_chung,http://data.europa.eu/esco/skill/fe1c2b32-7fe9-4668-affa-07ff658a68cf__http://data.europa.eu/esco/skill/7e1f9657-ab4e-407c-842f-b846197060e3,identify ICT security risks,"Apply methods and techniques to identify potential security threats, security breaches and risk factors using ICT tools for surveying ICT systems, analysing risks, vulnerabilities and threats and evaluating contingency plans.",skill/competence > sector-specific,execute ICT audits,"Organise and execute audits in order to evaluate ICT systems, compliance of components of systems, information processing systems and information security. Identify and collect potential critical issues and recommend solutions based on required standards and solutions.",skill/competence > sector-specific,"identify ICT security risks. Apply methods and techniques to identify potential security threats, security breaches and risk factors using ICT tools for surveying ICT","execute ICT audits. Organise and execute audits in order to evaluate ICT systems, compliance of components of systems, information processing systems and info",3,none,,Kiểm toán ICT bao gồm an ninh thông tin; chiều nào cũng plausibly
14,rieng_Thu,http://data.europa.eu/esco/skill/78e5e436-d8e2-46ce-9940-7c8f7fd915e8__http://data.europa.eu/esco/skill/ab75d510-ac75-482d-b671-bb3bad741f07,use mathematical tools for managing vehicles,"Use mathematical tools and electronic equipment for managing activities with the vehicles and customers, and performing routine operations that deal with numeracy and calculations.",skill/competence > sector-specific,carry out work-related measurements,"Use suitable units, tools and equipment to carry out calculations for length, area, volume, weight, time, geometric shapes and sketches.",skill/competence > cross-sector,"use mathematical tools for managing vehicles. Use mathematical tools and electronic equipment for managing activities with the vehicles and customers, and performing routine operations","carry out work-related measurements. Use suitable units, tools and equipment to carry out calculations for length, area, volume, weight, time, geometric shapes and sketches.",0,none,,
15,rieng_Thu,http://data.europa.eu/esco/skill/841ec8d9-ff33-4e76-af59-27ace79c2932__http://data.europa.eu/esco/skill/9a5b670b-81b5-4807-8db6-a5d5b8413f83,blood type classification,"The classification of blood types such as group A, B, AB, 0 and their characteristics.",knowledge > sector-specific,cope with blood,"Cope with blood, organs, and other internal parts without feeling distressed.",skill/competence > cross-sector,"blood type classification. The classification of blood types such as group A, B, AB, 0 and their characteristics.","cope with blood. Cope with blood, organs, and other internal parts without feeling distressed.",0,none,,
16,rieng_Thu,http://data.europa.eu/esco/skill/93b7c809-f6a2-45fa-b815-47a34120227a__http://data.europa.eu/esco/skill/efa2e311-cea8-4ac3-a9ac-6d4c679715ae,maintain snow removal equipment,Perform maintenance of snow and ice removal devices and de-icing equipment to ensure they are ready for use at any time.,skill/competence > sector-specific,apply measures to prevent snow removal safety hazards,"Use snow removal practices and methods that prevent major hazards such as not working on roofs when possible, assessing the weight of the equipment on a given icy structure, wearing protection equipment and ladders in a safe manner, protect the surrounding areas and people and avoid electrical wirings.",skill/competence > occupation-specific,maintain snow removal equipment. Perform maintenance of snow and ice removal devices and de-icing equipment to ensure they are ready for use at any time.,"apply measures to prevent snow removal safety hazards. Use snow removal practices and methods that prevent major hazards such as not working on roofs when possible, assessing the weight of the",0,none,,
17,rieng_Thu,http://data.europa.eu/esco/skill/e24dc99b-f82a-4a98-a140-2e016edafe7f__http://data.europa.eu/esco/skill/477034ef-132e-467a-94af-30d017fefd26,collect control panel components,"Select the appropriate control panel components, such as wires and circuit breakers, to meet the specified requirements.",skill/competence > occupation-specific,wire control panel,"Strip the wire ends to ensure proper connections and attach wires to the components on the control panel. Pay attention to the wire label, colour, and size. Organise the wire by using a wire duct or cable tie.",skill/competence > occupation-specific,"collect control panel components. Select the appropriate control panel components, such as wires and circuit breakers, to meet the specified requirements.","wire control panel. Strip the wire ends to ensure proper connections and attach wires to the components on the control panel. Pay attention to the wire label,",3,none,,"Thứ tự quy trình (đầu ra bước này là đầu vào bước kia), không phải thứ tự học (chọn linh kiện → đấu dây)"
18,IAA_chung,http://data.europa.eu/esco/skill/59fe85c4-8202-46ac-b6a5-e28ea25d1848__http://data.europa.eu/esco/skill/c07a22bb-565e-4eb6-bb1e-a333b4297946,forecast account metrics,Make predictions on the movement of account measurements and data which give insight into an organisation's financial state in order to aid analyses and evaluate potential risks.,skill/competence > cross-sector,assess art therapy sessions,Evaluate the effectiveness of art therapy sessions to aid the planning of subsequent sessions.,skill/competence > sector-specific,forecast account metrics. Make predictions on the movement of account measurements and data which give insight into an organisation's financial state in order to ai,assess art therapy sessions. Evaluate the effectiveness of art therapy sessions to aid the planning of subsequent sessions.,0,none,,
19,rieng_Thu,http://data.europa.eu/esco/skill/7976294b-215b-4310-a53f-5b0b5ee23d16__http://data.europa.eu/esco/skill/0c1e80f9-f909-4a72-ad6b-e490abd95f11,fermentation processes of food,"Conversion of carbohydrates into alcohol and carbon dioxide. This process happens using bacteria or yeasts, or a combination of the two under anaerobic conditions. Food fermentation is also involved in the process of leavening bread and the process of producing lactic acid in foods such as dry sausages, sauerkraut, yogurt, pickles, and kimchi.",knowledge > sector-specific,conduct apple fermentation,Smash the apples and storage them according to specifications in the adequate recipients before following the process of fermentation adhering to fermentation times and ingredients to add. Monitor the fermentation process.,skill/competence > occupation-specific,,,3,none,,Span trống → 3 theo hướng dẫn; nếu được áp quy tắc 1 (kiến thức → thao tác cùng đối tượng) thì sẽ là 1 A_to_B
20,rieng_Thu,http://data.europa.eu/esco/skill/68823c35-3033-45df-931c-7b01646006c8__http://data.europa.eu/esco/skill/aae3614a-8f37-4148-96d1-de6ee8a21e8f,"fish, crustacean and mollusc products","The offered fish, crustacean and mollusc products, their functionalities, properties and legal and regulatory requirements.",knowledge > sector-specific,deterioration of fish products,"Process of decomposition and spoilage of fish products: physical, enzymatic, microbiological and chemical processes occurring after harvesting.",knowledge > cross-sector,"fish, crustacean and mollusc products. The offered fish, crustacean and mollusc products, their functionalities, properties and legal and regulatory requirements.","deterioration of fish products. Process of decomposition and spoilage of fish products: physical, enzymatic, microbiological and chemical processes occurring after harves",3,none,,"Hai mục kiến thức về sản phẩm cá, không có thứ tự rõ"
21,IAA_chung,http://data.europa.eu/esco/skill/dc3d679e-c46e-4ecd-881d-1d3aa0581525__http://data.europa.eu/esco/skill/fc2eea22-5bd1-4b78-aafe-4eb117c6bdd3,types of alarm systems,"Characteristics, price, workings and installation of various alarm systems such as landline, cellular or broadband, wired or wireless.",knowledge > occupation-specific,repair alarm system,"Following the investigation activity, reset and repair the alarm system in place in order to restore its functional properties for future use.",skill/competence > occupation-specific,,,3,none,,Span trống → 3 theo hướng dẫn; nếu được áp quy tắc 1 (kiến thức → thao tác cùng đối tượng) thì sẽ là 1 A_to_B
22,IAA_chung,http://data.europa.eu/esco/skill/17c9a790-5664-4673-8237-c4cf3c5a8da5__http://data.europa.eu/esco/skill/9e84a506-df06-4be3-874a-fa01293e3dd5,conduct impact evaluation of ICT processes on business,Evaluate the tangible consequences of the implementation of new ICT systems and functions on the current business structure and organisational procedures.,skill/competence > cross-sector,business processes,"Processes which an organisation applies to improve efficiency, set new objectives and reach goals in a profitable and timely manner.",knowledge > cross-sector,conduct impact evaluation of ICT processes on business. Evaluate the tangible consequences of the implementation of new ICT systems and functions on the current business structure and organisati,"business processes. Processes which an organisation applies to improve efficiency, set new objectives and reach goals in a profitable and timely manner.",1,B_to_A,,"Mô tả A: đánh giá tác động lên ""current business structure and organisational procedures""; độ tin cậy trung bình"
23,IAA_chung,http://data.europa.eu/esco/skill/53f5e93b-a7f7-4315-9130-857bd62e6ee4__http://data.europa.eu/esco/skill/ba58df00-0b43-42a3-89e4-0dca7aa069fb,applied music therapy,"The manifestations, symptoms and causes of illnesses and how they can be treated through music therapy.",knowledge > occupation-specific,apply music therapy methods,"Apply existing music therapy methods, techniques, materials, and equipment in line with the patient`s therapeutic needs and the treatment plan already created.",skill/competence > sector-specific,"applied music therapy. The manifestations, symptoms and causes of illnesses and how they can be treated through music therapy.","apply music therapy methods. Apply existing music therapy methods, techniques, materials, and equipment in line with the patient`s therapeutic needs and the treatment",1,A_to_B,,Kiến thức liệu pháp âm nhạc → áp dụng phương pháp
24,IAA_chung,http://data.europa.eu/esco/skill/3eaa9732-ec2e-4057-81fc-5e8046511d07__http://data.europa.eu/esco/skill/0f6a4412-7517-4db9-bf3f-53597ff48f1e,casino policies,The policies and requirements that govern the activities of a casino.,knowledge > sector-specific,monitor casino finances,Monitor and review the finances and betting accounts of a casino.,skill/competence > sector-specific,casino policies. The policies and requirements that govern the activities of a casino.,monitor casino finances. Monitor and review the finances and betting accounts of a casino.,3,none,,Không rõ chính sách casino là tiên quyết cho giám sát tài chính
25,rieng_Thu,http://data.europa.eu/esco/skill/8df3dcf5-8ede-4e03-a69c-c8cf01eff429__http://data.europa.eu/esco/skill/a4ed301c-1339-4f4f-97bb-2730d9ee6a41,meat and meat products,"The offered meat and meat products, their properties and legal and regulatory requirements.",knowledge > sector-specific,prepare meat products for shipping,"Prepare carcasses, edible meat products, and non edible offal by weighing, packaging, labelling and loading on meat wagons for shipping.",skill/competence > sector-specific,"meat and meat products. The offered meat and meat products, their properties and legal and regulatory requirements.","prepare meat products for shipping. Prepare carcasses, edible meat products, and non edible offal by weighing, packaging, labelling and loading on meat wagons for shipping.",3,none,,Mô tả A thiên về sản phẩm/quy định thương mại
26,IAA_chung,http://data.europa.eu/esco/skill/51826e07-64c9-4d2c-9964-88cfbf131ad2__http://data.europa.eu/esco/skill/7d35602d-bc94-4975-aa7c-f4e8e05ce8e0,work as a team in a hazardous environment,"Work together with others in a dangerous, sometimes noisy, environment, such as a building on fire or metal forging facilities, in order to achieve a higher degree of efficiency while heeding the co-workers' safety.",skill/competence > cross-sector,cost management,"The process of planning, monitoring and adjusting the expenses and revenues of a business in order to achieve cost efficiency and capability.",knowledge > sector-specific,"work as a team in a hazardous environment. Work together with others in a dangerous, sometimes noisy, environment, such as a building on fire or metal forging facilities, in order t","cost management. The process of planning, monitoring and adjusting the expenses and revenues of a business in order to achieve cost efficiency and capabili",0,none,,
27,rieng_Thu,http://data.europa.eu/esco/skill/adbdd0f3-f1eb-48f0-8b22-caac4038221a__http://data.europa.eu/esco/skill/00eada7f-0b83-4f0c-af81-d7f92d838000,assess nicotine levels in tobacco leaves,"Assess levels of nicotine in tobacco leaves by referring to the curing and fermentation methods of the tobacco, by using different tools and equipment for testing, and by relying on his/her experience in sensorial testing.",skill/competence > sector-specific,cure tobacco leaves,"Remove the moisture out of the tobacco leaves directly after harvesting them through various processes such as air curing, flue curing or sun curing.",skill/competence > sector-specific,"assess nicotine levels in tobacco leaves. Assess levels of nicotine in tobacco leaves by referring to the curing and fermentation methods of the tobacco, by using different tools a","cure tobacco leaves. Remove the moisture out of the tobacco leaves directly after harvesting them through various processes such as air curing, flue curing or",1,B_to_A,,"Mô tả A: ""by referring to the curing and fermentation methods""; độ tin cậy trung bình (A cần biết phương pháp sấy, không nhất thiết làm được)"
28,IAA_chung,http://data.europa.eu/esco/skill/1236128d-9bb4-4d94-bc1e-40fd14824280__http://data.europa.eu/esco/skill/8ee6763c-ca7b-4c0d-9208-b8f26f100e72,medicines,"The medicines, their nomenclature and the substances used in the manufacture of medicines.",knowledge > cross-sector,manufacture medicines,"Formulate and compound medicines performing pharmaceutical calculations, selecting the appropriate route of administration and dosage form for the medicine, the appropriate ingredients and excipients of the required quality standard, and preparing pharmaceutical products.",skill/competence > cross-sector,"manufacture medicines. Formulate and compound medicines performing pharmaceutical calculations, selecting the appropriate route of administration and dosage form | medicines. The medicines, their nomenclature and the substances used in the manufacture of medicines.","manufacture medicines. Formulate and compound medicines performing pharmaceutical calculations, selecting the appropriate route of administration and dosage form",1,A_to_B,,Span A→B nêu cả hai mục
29,IAA_chung,http://data.europa.eu/esco/skill/98bcf04e-1129-4364-85d4-18004808571b__http://data.europa.eu/esco/skill/f5db895c-533b-421b-8e7a-0ea39aadf3e5,mount clock wheelwork,Mount the wheelwork components of clocks and watches and attach with screws.,skill/competence > sector-specific,components of clocks,"Components present in clocks and watches, such as the wheelwork, battery, dials, and hands.",knowledge > sector-specific,mount clock wheelwork. Mount the wheelwork components of clocks and watches and attach with screws.,"mount clock wheelwork. Mount the wheelwork components of clocks and watches and attach with screws. | components of clocks. Components present in clocks and watches, such as the wheelwork, battery, dials, and hands.",1,B_to_A,,"Mô tả B liệt kê ""wheelwork""; span B→A"
30,IAA_chung,http://data.europa.eu/esco/skill/d874115e-2668-4619-a0a8-6022feb47aec__http://data.europa.eu/esco/skill/a379672f-0c83-4858-8bfc-8a68adc8030e,manufacturing of jewellery,"The manufacturing of different type of jewellery such as rings or necklaces out of various metal types such as silver, gold, diamond and other precious stones.",knowledge > sector-specific,build jewellery models,"Construct preliminary jewel models using wax, plaster or clay. Create sample castings in moulds.",skill/competence > sector-specific,,,3,none,,Span trống; quan hệ thứ tự không rõ
31,IAA_chung,http://data.europa.eu/esco/skill/6d97f20a-88b5-49b2-b34e-4c4476e535a6__http://data.europa.eu/esco/skill/53559aee-73ee-4fd2-9da9-57ddf1ed751f,inspect repaired tyres,Inspect the rebuffed and fully vulcanized tyres in order to detect if any flaws are still present.,skill/competence > cross-sector,map the mantle of the Earth,Study seismic waves in order to map the mantle of the Earth and detect tectonic movement.,skill/competence > occupation-specific,inspect repaired tyres. Inspect the rebuffed and fully vulcanized tyres in order to detect if any flaws are still present.,map the mantle of the Earth. Study seismic waves in order to map the mantle of the Earth and detect tectonic movement.,0,none,,
32,rieng_Thu,http://data.europa.eu/esco/skill/497ac2d8-6a9c-45d1-8149-e7aa2d9e2cff__http://data.europa.eu/esco/skill/e90c83be-ccb7-4752-af5e-7f58cd0ac399,support young victims of sexual assault,Work with children and adolescents in order to encourage them to speak about the traumatising sexual assault experience and gain self-confidence when expressing themselves.,skill/competence > sector-specific,facilitate the healing process related to sexual assault,"Intervene to support and facilitate the healing and growth of individuals who have experienced sexual assault by allowing them to recognise their memories and pain, identifying their influence on behaviour and learning to integrate them in their lives.",skill/competence > sector-specific,support young victims of sexual assault. Work with children and adolescents in order to encourage them to speak about the traumatising sexual assault experience and gain self-conf,facilitate the healing process related to sexual assault. Intervene to support and facilitate the healing and growth of individuals who have experienced sexual assault by allowing them to recognis,3,none,,"Chuyên biệt (trẻ em) – tổng quát, không rõ thứ tự"
33,rieng_Thu,http://data.europa.eu/esco/skill/d8624d9f-6acb-49cc-9401-2f1abf96f5de__http://data.europa.eu/esco/skill/b6a947f2-91d2-4b7c-9f1e-9f58686e5ff9,advise customers on usage of vehicles,"Provide advice to customers related to the types of cars for sale, such as engine types and different fuels (hybrids, diesel, electric) and answer questions about gas mileage and the sizes of engines.",skill/competence > sector-specific,advise customers on leather footwear maintenance,Provide customers with advice on how to maintain and protect leather footwear and leather accessories. Suggest maintenance products to apply.,skill/competence > sector-specific,"advise customers on usage of vehicles. Provide advice to customers related to the types of cars for sale, such as engine types and different fuels (hybrids, diesel, electric) an",advise customers on leather footwear maintenance. Provide customers with advice on how to maintain and protect leather footwear and leather accessories. Suggest maintenance products to app,0,none,,
34,IAA_chung,http://data.europa.eu/esco/skill/d3e63bd9-cc29-4e46-92b1-c2b6fa491624__http://data.europa.eu/esco/skill/3818c3ab-c20b-404e-b59b-09ef2d34c263,principles of cargo stowage,"The principles of cargo stowage. The procedures by which containers should be efficiently loaded and unloaded, taking into account gravitational forces that are exerted during transportation.",knowledge > sector-specific,secure cargo in stowage,Secure cargo stowage with basic knowledge of stowing methods; ensure efficient and safe transport of goods.,skill/competence > sector-specific,"principles of cargo stowage. The principles of cargo stowage. The procedures by which containers should be efficiently loaded and unloaded, taking into account gravita",secure cargo in stowage. Secure cargo stowage with basic knowledge of stowing methods; ensure efficient and safe transport of goods.,1,A_to_B,,"Mô tả B: ""with basic knowledge of stowing methods"""
35,rieng_Thu,http://data.europa.eu/esco/skill/a96dea4e-1c76-4808-8f18-3ce662ff82cb__http://data.europa.eu/esco/skill/2d6d4784-0992-48e7-b100-22d7229b3f0a,specify digital game scenes,"Describe scenes of digital games by communicating and cooperating with artistic crew, designers and artists in order to define the scope of the game's virtual environments.",skill/competence > occupation-specific,translate requirements into visual design,"Develop visual design from given specifications and requirements, based on the analysis of the scope and target audience. Create a visual representation of ideas such as logos, website graphics, digital games and layouts.",skill/competence > cross-sector,"specify digital game scenes. Describe scenes of digital games by communicating and cooperating with artistic crew, designers and artists in order to define the scope o","translate requirements into visual design. Develop visual design from given specifications and requirements, based on the analysis of the scope and target audience. Create a visual",0,none,,
36,IAA_chung,http://data.europa.eu/esco/skill/db036259-fc59-4bc4-9c7f-8c414c88f2c7__http://data.europa.eu/esco/skill/c3cb7aef-952f-4278-97da-e9f7ef230e5d,prepare surface for plastering,"Prepare the wall or other surface to be plastered. Make sure the wall is free of impurities and moisture, and is not too smooth as this will prevent proper adherence of the plastering materials. Decide whether an adhesive wall coating is called for, especially if the wall is damp or very porous.",skill/competence > cross-sector,coat food products,"Cover the surface of the food product with a coating: a preparation based on sugar, chocolate, or any other product.",skill/competence > sector-specific,"prepare surface for plastering. Prepare the wall or other surface to be plastered. Make sure the wall is free of impurities and moisture, and is not too smooth as this wi","coat food products. Cover the surface of the food product with a coating: a preparation based on sugar, chocolate, or any other product.",0,none,,
37,IAA_chung,http://data.europa.eu/esco/skill/c8ab7e5b-b786-412f-a519-dfd93517b698__http://data.europa.eu/esco/skill/b0560439-14eb-41d1-aa53-1938efc24123,study media sources,"Study various media sources such as broadcasts, print media, and online media in order to gather inspiration for the development of creative concepts.",skill/competence > sector-specific,content marketing strategy,The process of creation and share of media and publishing content in order to acquire customers.,knowledge > cross-sector,"study media sources. Study various media sources such as broadcasts, print media, and online media in order to gather inspiration for the development of creati",content marketing strategy. The process of creation and share of media and publishing content in order to acquire customers.,0,none,,
38,IAA_chung,http://data.europa.eu/esco/skill/4a92d8ce-ffd6-4da5-a50e-ef1bff5cc219__http://data.europa.eu/esco/skill/f28c3e9b-8666-48d4-a5e4-542ac193879b,government social security programmes,"The different areas of social security provided by the government, the different rights which citizens have, which benefits are available, the rules which regulate social security and the different situations in which they apply.",knowledge > cross-sector,advise on social security benefits,"Advise citizens on government-regulated benefits they are eligible for, such as unemployment benefits, family benefits, and other social security benefits.",skill/competence > cross-sector,"government social security programmes. The different areas of social security provided by the government, the different rights which citizens have, which benefits are available,","advise on social security benefits. Advise citizens on government-regulated benefits they are eligible for, such as unemployment benefits, family benefits, and other social s",1,A_to_B,,Kiến thức chương trình an sinh → tư vấn chế độ
39,IAA_chung,http://data.europa.eu/esco/skill/42cb7669-c371-4903-9c0b-13db67b2e4bb__http://data.europa.eu/esco/skill/8327754d-3990-4056-b07e-4faa49cfcd26,emergent technologies,"The recent trends, developments and innovations in modern technologies such as biotechnology, artificial intelligence and robotics.",knowledge > cross-sector,innovate in ICT,"Create and describe new original research and innovation ideas within the field of information and communication technologies, compare to the emerging technologies and trends and plan the development of new ideas.",skill/competence > sector-specific,"emergent technologies. The recent trends, developments and innovations in modern technologies such as biotechnology, artificial intelligence and robotics.","innovate in ICT. Create and describe new original research and innovation ideas within the field of information and communication technologies, compare to",1,A_to_B,,"Mô tả B: ""compare to the emerging technologies and trends"""
40,IAA_chung,http://data.europa.eu/esco/skill/629c9139-8a87-447b-8f61-bfe678cf3e7c__http://data.europa.eu/esco/skill/3eefc2c7-d5a6-4340-9277-d908e4e0e1bd,types of maritime vessels,"Various types of maritime vessels such as container ships, passenger ships and fishing vessels, and their characteristics and specifications, security, technical, and maintenance requirements.",knowledge > sector-specific,ensure vessel security,Ensure that security requirements for vessels are met according to legal norms. Check if the security equipment is in place and operational. Communicate with marine engineers to ensure that the technical parts of the vessel functioning effectively and can perform as necessary for the upcoming journey.,skill/competence > sector-specific,"types of maritime vessels. Various types of maritime vessels such as container ships, passenger ships and fishing vessels, and their characteristics and specificatio",ensure vessel security. Ensure that security requirements for vessels are met according to legal norms. Check if the security equipment is in place and operationa,3,none,,"Mô tả A có nêu ""security"" nhưng không rõ là tiên quyết"
41,IAA_chung,http://data.europa.eu/esco/skill/deed7f6d-328d-4f67-b74e-9b83180c1c5c__http://data.europa.eu/esco/skill/72aed9bf-33ba-474d-a02e-5ae3de2d5e05,microscopic techniques,"The techniques, functions and limitations of microscopy to visualise objects that cannot be seen with the normal eye.",knowledge > cross-sector,operate microscope,"Operate a microscope, an instrument used to see objects that are too small for the naked eye to see.",skill/competence > cross-sector,"microscopic techniques. The techniques, functions and limitations of microscopy to visualise objects that cannot be seen with the normal eye.","operate microscope. Operate a microscope, an instrument used to see objects that are too small for the naked eye to see.",1,A_to_B,,Kiến thức kỹ thuật hiển vi → vận hành kính hiển vi
42,rieng_Thu,http://data.europa.eu/esco/skill/69ce43f9-c8f9-4efb-8b8c-3c4a9ba3db88__http://data.europa.eu/esco/skill/a1c3797a-b6b8-43d7-aed6-1686373d1a1a,roofing techniques,"Techniques used to form the upper covering of a building according to specific materials such as ceramic tiles, wood shingles, slate, metal, concrete of plant stalks.",knowledge > sector-specific,lay interlocking roof tiles,"Lay interlocking roof tiles of various shapes and materials. Fix the tiles to the battens judiciously, and take special care of the verges, ridges and hips.",skill/competence > sector-specific,"roofing techniques. Techniques used to form the upper covering of a building according to specific materials such as ceramic tiles, wood shingles, slate, meta","lay interlocking roof tiles. Lay interlocking roof tiles of various shapes and materials. Fix the tiles to the battens judiciously, and take special care of the verges",1,A_to_B,,Kỹ thuật lợp mái (có ngói) → lát ngói lồng
43,IAA_chung,http://data.europa.eu/esco/skill/5548401e-dbe9-4603-9917-1c8b3e0ad4ad__http://data.europa.eu/esco/skill/f351292a-db64-4b8b-8029-5687290bddc1,soil mechanics,Thoroughly understand the characteristics of soil in relation to analysing the deformations of fluids within soil that supports man-made structures.,knowledge > sector-specific,investigate soil stability,"Collect soil samples from the railway site, using bores and test pits in order to determine ground stress capability and stability.",skill/competence > cross-sector,,,3,none,,Span trống → 3 theo hướng dẫn; nếu được áp quy tắc 1 (kiến thức → thao tác cùng đối tượng) thì sẽ là 1 A_to_B
44,rieng_Thu,http://data.europa.eu/esco/skill/359b5031-74da-418f-bd97-6f4e66eb9851__http://data.europa.eu/esco/skill/eb36eb53-eae4-4dee-9aa2-4ff44e8e4289,printing on large scale machines,"Methods, processes, and restrictions related to printing on machines that produce large quantities and sizes of graphic print materials.",knowledge > sector-specific,tend textile printing machines,Operate textile printing machines keeping efficiency and productivity at high levels.,skill/competence > sector-specific,"printing on large scale machines. Methods, processes, and restrictions related to printing on machines that produce large quantities and sizes of graphic print materials.",tend textile printing machines. Operate textile printing machines keeping efficiency and productivity at high levels.,3,none,,In khổ lớn nói chung vs máy in vải; không rõ
45,rieng_Thu,http://data.europa.eu/esco/skill/02e1ca57-0715-438b-886d-f0f938ac3efc__http://data.europa.eu/esco/skill/e2417823-c24f-4c77-bb02-782a7852e3fb,sand blasting machine parts,"The various parts of a type of sand blasting machinery, their qualities and applications, such as a treadle, blast nozzle, dust collecter, filter, abrasive materials and others.",knowledge > occupation-specific,connect blasting circuit,"Connect, inspect and test the blasting circuit.",skill/competence > occupation-specific,,,0,none,,"Đồng âm: ""blasting circuit"" là mạch nổ mìn, không phải phun hạt mài"
46,rieng_Thu,http://data.europa.eu/esco/skill/064018ab-0192-441b-92a5-43c2328e9be2__http://data.europa.eu/esco/skill/ec05b9ea-1cb7-4089-a708-0f55f5d903bd,electrical mine machinery manuals,"Knowledge of equipment manuals for electrical mine machineries, including schematic drawings and electric circuit diagrams.",knowledge > sector-specific,inspect for faults in the vehicle's electric system,Search for flaws in a vehicle's electric system; understand manufacturer's circuit diagrams and specification manuals.,skill/competence > occupation-specific,"electrical mine machinery manuals. Knowledge of equipment manuals for electrical mine machineries, including schematic drawings and electric circuit diagrams.",inspect for faults in the vehicle's electric system. Search for flaws in a vehicle's electric system; understand manufacturer's circuit diagrams and specification manuals.,0,none,,
47,IAA_chung,http://data.europa.eu/esco/skill/439e7bd6-3898-4579-941f-0ebb1e8e644f__http://data.europa.eu/esco/skill/37ba5509-9665-4947-a5ae-f124d5769473,strain paper on mould,"Adjust the paper to the size of the frame and insert a cover paper screen and grid on top of it. Strain the whole, and dump the paper pulp in the opening of the 'mould and deckle'. Distribute the paper pulp, let the water drain out on a metal sheet or cover and remove the mould without the grid.",skill/competence > occupation-specific,make paper slurry,Create paper slurry or pulp from recycled or used paper with water in mixers and blenders or other equipment. Add colors by adding papers in different colors.,skill/competence > occupation-specific,"strain paper on mould. Adjust the paper to the size of the frame and insert a cover paper screen and grid on top of it. Strain the whole, and dump the paper pulp",make paper slurry. Create paper slurry or pulp from recycled or used paper with water in mixers and blenders or other equipment. Add colors by adding papers,3,none,,"Thứ tự quy trình (đầu ra bước này là đầu vào bước kia), không phải thứ tự học (làm bột giấy → seo giấy)"
48,rieng_Thu,http://data.europa.eu/esco/skill/dc70c573-6bc9-4dec-828f-b23ffb1ce973__http://data.europa.eu/esco/skill/8276e91a-d2c4-4723-9237-ba67da54ff1e,load timber onto a skidder,Load timber onto the skidder. Move trees and timber to an accumulation point and unload it for processing.,skill/competence > occupation-specific,move soil,Use machinery to load and unload soil. Take care not to overload the machine. Dump the soil judiciously in the assigned place.,skill/competence > sector-specific,load timber onto a skidder. Load timber onto the skidder. Move trees and timber to an accumulation point and unload it for processing.,move soil. Use machinery to load and unload soil. Take care not to overload the machine. Dump the soil judiciously in the assigned place.,0,none,,
49,rieng_Thu,http://data.europa.eu/esco/skill/95ee5e38-5c1e-4cd2-a21d-6921390025a9__http://data.europa.eu/esco/skill/b0096dc5-2e2d-4bc1-8172-05bf486c3968,usability engineering,The methods of assessing usability and deriving structured recommendations from the results of an usability test with respect to user needs and behaviours in order to achieve efficient and elegant user interface design.,knowledge > sector-specific,design application interfaces,"Create and program application interfaces, their operations, inputs and outputs and underlying types.",skill/competence > sector-specific,,,0,none,,
50,IAA_chung,http://data.europa.eu/esco/skill/204cd81a-b1f0-467c-8c5c-17e723eb62fd__http://data.europa.eu/esco/skill/14593aaa-def7-4766-ba88-03e89c8f51b7,operation of different engines,"The characteristics, maintenance requirements and operating procedures of various kinds of engines such as gas, diesel, electrical, and engines with steam propulsion plants.",knowledge > sector-specific,manage the operation of propulsion plant machinery,"Manage the operative mechanism of the marine diesel engines, steam turbines, gas turbines, and steam boilers.",skill/competence > sector-specific,"operation of different engines. The characteristics, maintenance requirements and operating procedures of various kinds of engines such as gas, diesel, electrical, and en","manage the operation of propulsion plant machinery. Manage the operative mechanism of the marine diesel engines, steam turbines, gas turbines, and steam boilers.",1,A_to_B,,"Mô tả A nêu diesel, steam, gas engines = các máy trong B"
51,IAA_chung,http://data.europa.eu/esco/skill/303a54a3-ff8a-4f29-b598-e54ce54c2b48__http://data.europa.eu/esco/skill/be48353d-25c7-4f86-bea9-7b9e248fbc6e,analyse legal evidence,"Analyse evidence, such as evidence in criminal cases, legal documentation regarding a case, or other documentation that can be regarded as evidence, in order to obtain a clear image of the case and reach resolutions.",skill/competence > cross-sector,interpret technical requirements,"Analyse, understand and apply the information provided regarding technical conditions.",skill/competence > sector-specific,"analyse legal evidence. Analyse evidence, such as evidence in criminal cases, legal documentation regarding a case, or other documentation that can be regarded as","interpret technical requirements. Analyse, understand and apply the information provided regarding technical conditions.",0,none,,
52,rieng_Thu,http://data.europa.eu/esco/skill/f2d9677b-ba41-4b02-9db9-b2e05a462830__http://data.europa.eu/esco/skill/aae3614a-8f37-4148-96d1-de6ee8a21e8f,quality of fish products,"Factors affecting the quality of fish products. For instance, differences between species, impact of the fishing gears and parasite influence on the preservation of quality.",knowledge > cross-sector,deterioration of fish products,"Process of decomposition and spoilage of fish products: physical, enzymatic, microbiological and chemical processes occurring after harvesting.",knowledge > cross-sector,"quality of fish products. Factors affecting the quality of fish products. For instance, differences between species, impact of the fishing gears and parasite influe","deterioration of fish products. Process of decomposition and spoilage of fish products: physical, enzymatic, microbiological and chemical processes occurring after harves",3,none,,Hư hỏng là một yếu tố của chất lượng; chiều không rõ
53,rieng_Thu,http://data.europa.eu/esco/skill/0449bf39-a288-4ecc-823a-3d194be5e932__http://data.europa.eu/esco/skill/67d37d22-a013-4d79-9185-2f97820917d6,techniques of blood-sampling,"The appropriate techniques for the collection of blood samples for laboratory work purposes, depending on the group of people targeted such as children or elderly.",knowledge > sector-specific,analyse blood samples,"Analyse blood samples using computer-aided and manual techniques, looking for white or red blood cell abnormalities and other risk factors.",skill/competence > sector-specific,"techniques of blood-sampling. The appropriate techniques for the collection of blood samples for laboratory work purposes, depending on the group of people targeted suc","analyse blood samples. Analyse blood samples using computer-aided and manual techniques, looking for white or red blood cell abnormalities and other risk factors",3,none,,"Thứ tự quy trình (đầu ra bước này là đầu vào bước kia), không phải thứ tự học (lấy mẫu → phân tích)"
54,rieng_Thu,http://data.europa.eu/esco/skill/75b30aeb-34c0-40f4-b77d-271d75a98b14__http://data.europa.eu/esco/skill/6abb92c9-0553-4d3d-add8-8240494e182d,improve business processes,Optimise the series of operations of an organisation to achieve efficiency. Analyse and adapt existing business operations in order to set new objectives and meet new goals.,skill/competence > cross-sector,implement operational business plans,"Implement the strategic business and operational plan for an organisation by engaging and delegating to others, monitoring progress and making adjustments along the way. Evaluate the extent to which strategic objectives have been achieved, learn lessons, celebrate success and recognise people’s contributions.",skill/competence > sector-specific,improve business processes. Optimise the series of operations of an organisation to achieve efficiency. Analyse and adapt existing business operations in order to set,"implement operational business plans. Implement the strategic business and operational plan for an organisation by engaging and delegating to others, monitoring progress and ma",0,none,,
55,IAA_chung,http://data.europa.eu/esco/skill/68e66ed6-a171-4350-8ec1-2cfc4cae50e4__http://data.europa.eu/esco/skill/33e63e00-43c8-42af-b66b-c10847111e99,hydraulics,The power transmission systems that use the force of flowing liquids to transmit power.,knowledge > cross-sector,maintain hydraulic press,Tend hydraulic press to extract oil from seeds.,skill/competence > occupation-specific,,,3,none,,"Span trống; nếu được suy luận có thể là 2 A_to_B qua ""hydraulic press parts"" (hàng 73)"
56,IAA_chung,http://data.europa.eu/esco/skill/7244ccb8-d121-4462-b415-4d5930baace1__http://data.europa.eu/esco/skill/731ade90-4fdc-4509-9a1f-3f35a34f5141,screen printing process,"This consists of preparing the screen or image carrier, squeegee, and the ink. During this process, ink is pressed through a screen on a certain surface.",knowledge > sector-specific,operate screen printing press,"Operate a screen printing press to fabricate multiple copies of the designed screen, increasing production significantly.",skill/competence > occupation-specific,"screen printing process. This consists of preparing the screen or image carrier, squeegee, and the ink. During this process, ink is pressed through a screen on a c","operate screen printing press. Operate a screen printing press to fabricate multiple copies of the designed screen, increasing production significantly.",1,A_to_B,,Kiến thức quy trình in lưới → vận hành máy in lưới
57,IAA_chung,http://data.europa.eu/esco/skill/98d7a8fd-62a7-45eb-acfb-84531967bc5d__http://data.europa.eu/esco/skill/6f0b7ef6-3561-408c-973c-e5d3d7231ccb,variety of tobacco leaves,Types of tobacco cultivars and varieties and their characteristics. Connection of attributes with cigar or cigarettes product requirements.,knowledge > sector-specific,flavour tobacco leaves,Flavour tobacco leaves to set off the taste of tobacco and to maintain the quality of the product.,skill/competence > sector-specific,variety of tobacco leaves. Types of tobacco cultivars and varieties and their characteristics. Connection of attributes with cigar or cigarettes product requirements,flavour tobacco leaves. Flavour tobacco leaves to set off the taste of tobacco and to maintain the quality of the product.,3,none,,Không rõ
58,rieng_Thu,http://data.europa.eu/esco/skill/5f5e9350-1d13-4391-b9e1-07f6b2047fc5__http://data.europa.eu/esco/skill/4c216189-4116-4e49-9557-8360378ea717,e-learning,The strategies and didactical methods of learning in which the main elements include the use of ICT technologies.,knowledge > sector-specific,provide training on technological business developments,Give training to colleagues on the technological innovation projects and functional implementations in a business which improves the organisation's business efficiency.,skill/competence > occupation-specific,,,0,none,,
59,IAA_chung,http://data.europa.eu/esco/skill/bcef602c-c9d7-4251-98ba-ae92ba619689__http://data.europa.eu/esco/skill/9433da85-70fa-4a25-8f96-71fa59dd1989,understand different types of locks and their operation,Master various engineering constructions and functions of bridges and locks in the field of navigation. Conduct locking and entering procedures.,skill/competence > sector-specific,biology,"Tissues, cells, and functions of plant and animal organisms and their interdependencies and interactions with each other and the environment.",knowledge > cross-sector,understand different types of locks and their operation. Master various engineering constructions and functions of bridges and locks in the field of navigation. Conduct locking and entering proce,"biology. Tissues, cells, and functions of plant and animal organisms and their interdependencies and interactions with each other and the environme",0,none,,
60,rieng_Thu,http://data.europa.eu/esco/skill/6d1532b4-b649-4089-b665-cf80debf159b__http://data.europa.eu/esco/skill/81d5b408-e805-4788-8dbd-42f22e8fd199,food and beverages on the menu,"The characteristics of food and drinks items on the menu, including ingredients, taste and preparation time.",knowledge > occupation-specific,prepare mixed beverages,"Make a range of mixed alcoholic drinks, such as cocktails and long drinks and non-alcoholic drinks according to the recipes.",skill/competence > sector-specific,"food and beverages on the menu. The characteristics of food and drinks items on the menu, including ingredients, taste and preparation time.","prepare mixed beverages. Make a range of mixed alcoholic drinks, such as cocktails and long drinks and non-alcoholic drinks according to the recipes.",0,none,,
61,IAA_chung,http://data.europa.eu/esco/skill/edff6d20-660d-4d33-b412-9a5b664a14be__http://data.europa.eu/esco/skill/06aac0bf-3bfd-42b3-a334-39c4f4055da0,curriculum objectives,The goals identified in curricula and defined learning outcomes.,knowledge > cross-sector,monitor curriculum implementation,Monitor the steps taken in educational institutions to implement the approved learning curriculum for said institution to ensure adherence and the use of proper teaching methods and resources.,skill/competence > sector-specific,curriculum objectives. The goals identified in curricula and defined learning outcomes.,monitor curriculum implementation. Monitor the steps taken in educational institutions to implement the approved learning curriculum for said institution to ensure adherence,1,A_to_B,,Phải biết mục tiêu chương trình để giám sát thực hiện
62,rieng_Thu,http://data.europa.eu/esco/skill/0449bf39-a288-4ecc-823a-3d194be5e932__http://data.europa.eu/esco/skill/6cf8c56c-4db6-4f6b-88b6-331f9902acea,techniques of blood-sampling,"The appropriate techniques for the collection of blood samples for laboratory work purposes, depending on the group of people targeted such as children or elderly.",knowledge > sector-specific,label blood samples,Label blood samples taken from patients in compliance with regulations and the identity of the patient.,skill/competence > sector-specific,"techniques of blood-sampling. The appropriate techniques for the collection of blood samples for laboratory work purposes, depending on the group of people targeted suc",label blood samples. Label blood samples taken from patients in compliance with regulations and the identity of the patient.,3,none,,"Thứ tự quy trình (đầu ra bước này là đầu vào bước kia), không phải thứ tự học (lấy mẫu → dán nhãn)"
63,rieng_Thu,http://data.europa.eu/esco/skill/081513d0-7bad-4942-b8fb-1c24d9991fde__http://data.europa.eu/esco/skill/f0ae209a-e9d7-4437-a2c3-d615d653d620,mechanical forging press parts,"The various part of a mechanical press used for forging metalworking processes, such as cams, cranks and toggles in the preset, a ram, upper die, lower die, and others.",knowledge > cross-sector,tend mechanical forging press,"Tend a mechanical forging press, designed for forming hot or cold metal by use of a high energy force mechanically, monitor and operate it, according to regulations.",skill/competence > cross-sector,"mechanical forging press parts. The various part of a mechanical press used for forging metalworking processes, such as cams, cranks and toggles in the preset, a ram, upp","tend mechanical forging press. Tend a mechanical forging press, designed for forming hot or cold metal by use of a high energy force mechanically, monitor and operate it",1,A_to_B,,Kiến thức bộ phận máy → vận hành chính máy đó
64,IAA_chung,http://data.europa.eu/esco/skill/27536739-c38b-45d2-9e96-1573b1d32fdd__http://data.europa.eu/esco/skill/07dcecd9-b629-40cf-aea9-dbd62e77f841,use packaging equipment,"Use fastening and packaging tools such as plastic strapping, applicators and adhesives, marking and labelling equipment, and tape.",skill/competence > sector-specific,use snow-removal equipment,"Use equipment such as shovels, snow rakes, snow blowers, ladders or aerial lifts to remove snow from various structures such as rooftops and other building structures and public spaces.",skill/competence > sector-specific,"use packaging equipment. Use fastening and packaging tools such as plastic strapping, applicators and adhesives, marking and labelling equipment, and tape.","use snow-removal equipment. Use equipment such as shovels, snow rakes, snow blowers, ladders or aerial lifts to remove snow from various structures such as rooftops a",0,none,,
65,rieng_Thu,http://data.europa.eu/esco/skill/3a5275f4-67e5-4371-a31e-68291aa86691__http://data.europa.eu/esco/skill/f81c9684-dc31-4883-9bee-42c7e02527db,vehicle electrical systems,"The vehicle electrical systems, including components such as the battery, starter, and alternator. The battery provides energy to the starter. The alternator provides the battery the energy it requires to power the vehicle.",knowledge > sector-specific,model electrical system,"Model and simulate an electrical system, product, or component so that an assessment can be made of the viability of the product and so the physical parameters can be examined before the actual building of the product.",skill/competence > sector-specific,,,0,none,,
66,rieng_Thu,http://data.europa.eu/esco/skill/fa96f4e2-71ef-45b7-9bc7-823ad398cbc4__http://data.europa.eu/esco/skill/3fa8e226-4f06-4efb-8abe-26dbc1f5c085,maintain administrative records in the veterinary office,Create and maintain administrative records for activities such as appointments and sales in the veterinary office.',skill/competence > sector-specific,maintain incident reporting records,"Keep a system for recording details of unusual events that occur at the facility, such as job-related injuries.",skill/competence > cross-sector,maintain administrative records in the veterinary office. Create and maintain administrative records for activities such as appointments and sales in the veterinary office.',"maintain incident reporting records. Keep a system for recording details of unusual events that occur at the facility, such as job-related injuries.",0,none,,
67,IAA_chung,http://data.europa.eu/esco/skill/25410a05-6907-4a4e-ab99-f2ace65fdfce__http://data.europa.eu/esco/skill/ea3f280c-ec1c-41dd-910a-1ae3c3d0eeb6,ink printing plates,"Cover the plate with a thin coat of water and apply oil-based inks with a rubber roller, repelling and sticking the ink to the image area. This image can then further be transferred to paper in various printing processes.",skill/competence > sector-specific,offset printing,"Technological printing process where the ink is spread onto a plate with etched images, then to a rubber blanket, and finally onto the target medium, usually paper. This method is used for mass printing on large scales.",knowledge > sector-specific,"ink printing plates. Cover the plate with a thin coat of water and apply oil-based inks with a rubber roller, repelling and sticking the ink to the image area.","offset printing. Technological printing process where the ink is spread onto a plate with etched images, then to a rubber blanket, and finally onto the tar",1,B_to_A,,Kiến thức in offset → lên mực bản in offset
68,rieng_Thu,http://data.europa.eu/esco/skill/56b27c76-c9b6-4e4e-9927-3f6931834c0b__http://data.europa.eu/esco/skill/dd0b5280-3894-46b7-8ad4-fbd16398f4d4,feed pulp mixing vat,"Open valve to admit water into pulp-mixing vat. Weigh and dump specified amounts of different ingredients such as scrap paper, rosin, wax and other binders into the vat. Transfer the mixed slurry to a storage or slurry tank.",skill/competence > sector-specific,monitor powdered ingredients,"Monitor the batch and the ingredients, ensuring the weights and measures are conforming to the specified formula.",skill/competence > sector-specific,"feed pulp mixing vat. Open valve to admit water into pulp-mixing vat. Weigh and dump specified amounts of different ingredients such as scrap paper, rosin, wax","monitor powdered ingredients. Monitor the batch and the ingredients, ensuring the weights and measures are conforming to the specified formula.",3,none,,"Hai thao tác cân nguyên liệu chồng lấn, không rõ thứ tự"
69,rieng_Thu,http://data.europa.eu/esco/skill/d56358e4-3bcc-4b5d-981d-ea15b2743e9e__http://data.europa.eu/esco/skill/41a3240f-58ba-44e2-a688-edeb21ea5c16,quality control systems,"Understanding of and experience with product development quality systems or tools such as FMEA, DOE, PPAP and APQP.",knowledge > sector-specific,conduct quality control analysis,"Conduct inspections and tests of services, processes, or products to evaluate quality.",skill/competence > cross-sector,"quality control systems. Understanding of and experience with product development quality systems or tools such as FMEA, DOE, PPAP and APQP.","conduct quality control analysis. Conduct inspections and tests of services, processes, or products to evaluate quality.",3,none,,FMEA/DOE/PPAP không bắt buộc cho kiểm tra chất lượng thông thường
70,rieng_Thu,http://data.europa.eu/esco/skill/696e3b5b-8b61-45af-ae4c-3ab700f197ec__http://data.europa.eu/esco/skill/3606bf22-1987-4356-b8c4-13e89d8f6c69,information extraction,The techniques and methods used for eliciting and extracting information from unstructured or semi-structured digital documents and sources.,knowledge > sector-specific,interpret extraction data,Process and interpret extraction data and send feedback to the development teams. Apply learnings to concrete operational activities.,skill/competence > sector-specific,,,0,none,,"Đồng âm: ""extraction data"" là dữ liệu khai thác (mỏ/dầu khí), không phải trích xuất thông tin"
71,IAA_chung,http://data.europa.eu/esco/skill/63095511-1841-4483-8224-f31a30bcdb85__http://data.europa.eu/esco/skill/4f411d0f-e723-4815-b7f9-d0fc3540169d,legal standards in gambling,"The legal requirements, rules and limitations in gambling and betting activities.",knowledge > sector-specific,prevent money laundering in gambling,Take steps to prevent the abuse of the casino for avoiding taxation or obscuring the origin of money.,skill/competence > cross-sector,,,3,none,,Span trống → 3 theo hướng dẫn; nếu được áp quy tắc 1 (kiến thức → thao tác cùng đối tượng) thì sẽ là 1 A_to_B
72,rieng_Thu,http://data.europa.eu/esco/skill/d1ec6846-dd8a-4810-8115-474cdf271540__http://data.europa.eu/esco/skill/adeeed0d-25cd-4e7b-bcb2-ef63bea7e491,regulations on substances,"The national and international regulations on the classification, labelling and packaging of substances and mixtures, e.g. regulation (EC) No 1272/2008.",knowledge > sector-specific,regulate the flow of substances in pipelines,"Control of the flow of substances such as gases, chemicals, oils, and other materials transported via pipelines and pump stations.",skill/competence > sector-specific,,,0,none,,
73,rieng_Thu,http://data.europa.eu/esco/skill/68e66ed6-a171-4350-8ec1-2cfc4cae50e4__http://data.europa.eu/esco/skill/b1918bfe-769d-4ceb-a52e-44212e446929,hydraulics,The power transmission systems that use the force of flowing liquids to transmit power.,knowledge > cross-sector,hydraulic press parts,"The qualities and applications of various parts of a hydraulic press, such as a priston, hydraulic cylinder, hydraulic fluid, ram, upper and lower die, and others.",knowledge > cross-sector,,,3,none,,Span trống → 3; nếu được áp tổng quát → chuyên biệt thì sẽ là 1 A_to_B
74,IAA_chung,http://data.europa.eu/esco/skill/3a5275f4-67e5-4371-a31e-68291aa86691__http://data.europa.eu/esco/skill/ec7ec825-4d6d-4cd1-9993-a96c479e049e,vehicle electrical systems,"The vehicle electrical systems, including components such as the battery, starter, and alternator. The battery provides energy to the starter. The alternator provides the battery the energy it requires to power the vehicle.",knowledge > sector-specific,maintain vehicle electrical equipment,"Maintain and repair electrical equipment, switchboards, electric motors, generators and other electrical and electronic devices used in vehicles. Detect electric malfunctions, locate faults, and take measures to prevent damage. Operate electrical testing and measuring equipment. Interpret electrical and simple electronic diagrams.",skill/competence > occupation-specific,"vehicle electrical systems. The vehicle electrical systems, including components such as the battery, starter, and alternator. The battery provides energy to the star","maintain vehicle electrical equipment. Maintain and repair electrical equipment, switchboards, electric motors, generators and other electrical and electronic devices used in ve",1,A_to_B,,Kiến thức hệ thống điện xe → bảo dưỡng thiết bị điện xe
75,IAA_chung,http://data.europa.eu/esco/skill/1a160710-2143-496f-9dae-99814e69e65c__http://data.europa.eu/esco/skill/00e895f4-b9d3-4a1a-8c36-baf10fbfb982,use textile technique for hand-made products,"Using textile technique to produce hand-made products, such as carpets, tapestry, embroidery, lace, silk screen printing, wearing apparel, etc.",skill/competence > sector-specific,manufacture wearing apparel products,"Manufacture either mass-product or bespoke wearing apparels of various types, assembling and joining together wearing apparel components using processes such as sewing, gluing, bonding. Assemble wearing apparel components using stitches, seams such as collars, sleeves, top fronts, top backs, pockets.",skill/competence > sector-specific,"use textile technique for hand-made products. Using textile technique to produce hand-made products, such as carpets, tapestry, embroidery, lace, silk screen printing, wearing apparel,","manufacture wearing apparel products. Manufacture either mass-product or bespoke wearing apparels of various types, assembling and joining together wearing apparel components u",0,none,,
76,IAA_chung,http://data.europa.eu/esco/skill/a16e3fc6-c77d-46e3-aa18-c691fed47fd1__http://data.europa.eu/esco/skill/5f8a6414-7095-410f-aee6-774cec68077e,freight transport methods,"The different modalities of freight transport such as air, sea, or intermodal freight transport, including the details and procedures specific to them.",knowledge > cross-sector,accommodate cargo in freight transport vehicle,"Properly position, cushion, restrain and balance cargo.",skill/competence > sector-specific,"freight transport methods. The different modalities of freight transport such as air, sea, or intermodal freight transport, including the details and procedures spec","accommodate cargo in freight transport vehicle. Properly position, cushion, restrain and balance cargo.",3,none,,Không rõ
77,IAA_chung,http://data.europa.eu/esco/skill/edff6d20-660d-4d33-b412-9a5b664a14be__http://data.europa.eu/esco/skill/142a5319-60cb-42a2-891f-90ba92af18b1,curriculum objectives,The goals identified in curricula and defined learning outcomes.,knowledge > cross-sector,advise on curriculum development,Advise education professionals and officials on the development of new curricula or changes in existing curricula.,skill/competence > cross-sector,curriculum objectives. The goals identified in curricula and defined learning outcomes.,advise on curriculum development. Advise education professionals and officials on the development of new curricula or changes in existing curricula.,1,A_to_B,,Phải biết mục tiêu chương trình để tư vấn phát triển chương trình
78,rieng_Thu,http://data.europa.eu/esco/skill/791fa659-3382-49f8-a8dd-505226d0da48__http://data.europa.eu/esco/skill/0ff99f51-40d9-42f1-a1ec-377b2bb5e15f,food hygiene rules,"The set of national and international regulations for hygiene of foodstuffs and food safety, e.g. regulation (EC) 852/2004.",knowledge > sector-specific,comply with food safety and hygiene,"Respect optimal food safety and hygiene during preparation, manufacturing, processing, storage, distribution and delivery of food products.",skill/competence > cross-sector,"food hygiene rules. The set of national and international regulations for hygiene of foodstuffs and food safety, e.g. regulation (EC) 852/2004.","comply with food safety and hygiene. Respect optimal food safety and hygiene during preparation, manufacturing, processing, storage, distribution and delivery of food products",1,A_to_B,,Kiến thức quy định vệ sinh → tuân thủ
79,IAA_chung,http://data.europa.eu/esco/skill/c4949dcf-bbcc-40f2-8584-6c6299beb7fb__http://data.europa.eu/esco/skill/6f728d63-5c45-40b3-8bfd-e17c5dba28ad,tend computer numerical control lathe machine,"Tend a computer numerical controlled (CNC) lathe and turn machine designed for cutting manufacturing processes on metal, wooden, plastic materials and others, monitor and operate it, according to regulations.",skill/competence > cross-sector,tend CNC grinding machine,"Tend a computer numerical controlled (CNC) grinding machine designed for manufacturing processes on metal, wooden, plastic materials and others, monitor and operate it, according to regulations.",skill/competence > cross-sector,"tend computer numerical control lathe machine. Tend a computer numerical controlled (CNC) lathe and turn machine designed for cutting manufacturing processes on metal, wooden, plastic m","tend CNC grinding machine. Tend a computer numerical controlled (CNC) grinding machine designed for manufacturing processes on metal, wooden, plastic materials and o",0,none,,
80,IAA_chung,http://data.europa.eu/esco/skill/ee6cf279-3609-4fcd-a6bd-c9da3757f027__http://data.europa.eu/esco/skill/21946b7e-7d3e-4ac8-b0c5-4734764f65a8,pultrusion process,"The process where a cluster of fibre is coated in resin and forced through a mold, then cured with heat to produce a fibre-reinforced polymer.",knowledge > occupation-specific,feed glass fibre into pultrusion machine,Make sure the glass fibre material is taken in by the pultrusion machine without jams or defects.,skill/competence > occupation-specific,"pultrusion process. The process where a cluster of fibre is coated in resin and forced through a mold, then cured with heat to produce a fibre-reinforced poly",feed glass fibre into pultrusion machine. Make sure the glass fibre material is taken in by the pultrusion machine without jams or defects.,1,A_to_B,,Kiến thức quy trình pultrusion → cấp sợi cho máy pultrusion
81,rieng_Thu,http://data.europa.eu/esco/skill/f1a56786-e6d7-4b2e-a39c-23e09024d473__http://data.europa.eu/esco/skill/8b3aefd2-5021-418f-b069-828fb7abc598,concepts of telecommunications,"The telecommunication principles, theories, models, equipment and processes such as transfer rate, bandwidth, signal-to-noise ratio, bit error ratio and C/N ratio, as well as the effect of the qualities of the transmission path on the operation and quality of telecommunications.",knowledge > sector-specific,nursing principles,"The ethics, the codes of conduct, the philosophy of nursing, the philosophy of human rights and nursing theories and concepts.",knowledge > cross-sector,"concepts of telecommunications. The telecommunication principles, theories, models, equipment and processes such as transfer rate, bandwidth, signal-to-noise ratio, bit e","nursing principles. The ethics, the codes of conduct, the philosophy of nursing, the philosophy of human rights and nursing theories and concepts.",0,none,,
82,IAA_chung,http://data.europa.eu/esco/skill/0f850624-ae28-47c2-ab80-484290a96aea__http://data.europa.eu/esco/skill/29d762da-1711-4a3c-b424-f0a404f4bf2d,metal and metal ore products,"The offered metal and metal ore products, their functionalities, properties and legal and regulatory requirements.",knowledge > sector-specific,join metals,Join together pieces of metal using soldering and welding materials.,skill/competence > sector-specific,,,0,none,,
83,rieng_Thu,http://data.europa.eu/esco/skill/a4346013-a967-4a58-a533-6b32ad1364c5__http://data.europa.eu/esco/skill/8088750d-8388-4170-a76f-48354c469c44,data protection,"The principles, ethical issues, regulations and protocols of data protection.",knowledge > sector-specific,cyber security,"The methods and best practices that protect ICT systems, networks, computers, devices, services, processes and people against unauthorised access, modification and/or denial of service of assets.",knowledge > sector-specific,,,3,none,,Span trống; quan hệ thứ tự không rõ
84,IAA_chung,http://data.europa.eu/esco/skill/0b071b01-4b40-4936-9d6d-d8c5609481b4__http://data.europa.eu/esco/skill/48d73e89-b231-4bb4-9f3c-5c900a1e37a1,identify support mechanisms to develop your professional practice,Identify sources of support to develop your professional practice. Stay aware of current trends in funding that could support you to finance your professional development.,skill/competence > occupation-specific,manage personal professional development in sport,"Take responsibility for developing own knowledge, skills and competence to meet the current and future requirements of the work and to support personal and career development in sport.",skill/competence > sector-specific,identify support mechanisms to develop your professional practice. Identify sources of support to develop your professional practice. Stay aware of current trends in funding that could support you to finan,"manage personal professional development in sport. Take responsibility for developing own knowledge, skills and competence to meet the current and future requirements of the work and to sup",3,none,,"Hai kỹ năng phát triển nghề nghiệp gần nhau, không rõ chiều"
85,IAA_chung,http://data.europa.eu/esco/skill/53f5e93b-a7f7-4315-9130-857bd62e6ee4__http://data.europa.eu/esco/skill/5538b28d-7f3e-4645-a26d-c5de81edbace,applied music therapy,"The manifestations, symptoms and causes of illnesses and how they can be treated through music therapy.",knowledge > occupation-specific,apply music therapy treatment methods,"Use various active and receptive intervention techniques in music therapy such as singing, playing instruments, improvising or rhythmic based experiences.",skill/competence > sector-specific,"applied music therapy. The manifestations, symptoms and causes of illnesses and how they can be treated through music therapy.","apply music therapy treatment methods. Use various active and receptive intervention techniques in music therapy such as singing, playing instruments, improvising or rhythmic ba",1,A_to_B,,Kiến thức liệu pháp âm nhạc → áp dụng kỹ thuật can thiệp
86,rieng_Thu,http://data.europa.eu/esco/skill/8e76cd71-fb0c-404b-957a-3044ec12d37c__http://data.europa.eu/esco/skill/b8b9b79d-7b66-43c0-b06c-7c1e0c86a6d1,apply fishing maneuvres,"Run shooting and hauling gear operations for its optimal performance, complying with the regulations for a responsible fish and with the security measures.",skill/competence > sector-specific,operate fishing equipment,Operate and maintain equipment used recreationally for fishing or in fisheries such as various kinds of nets and fishing gear.,skill/competence > cross-sector,"apply fishing maneuvres. Run shooting and hauling gear operations for its optimal performance, complying with the regulations for a responsible fish and with the s",operate fishing equipment. Operate and maintain equipment used recreationally for fishing or in fisheries such as various kinds of nets and fishing gear.,1,B_to_A,,Thả/kéo lưới đòi hỏi vận hành ngư cụ; độ tin cậy trung bình
87,rieng_Thu,http://data.europa.eu/esco/skill/65df6a1d-c254-438f-ae7c-90a4c7b4db96__http://data.europa.eu/esco/skill/d619761b-cf3b-471b-8113-87792b256939,physical characteristics of railways,"Familiar with all physical aspects of the railway, including train stations, the incline and decline of the right-of-way and speed limits.",knowledge > sector-specific,advise on railway infrastructure repairs,"Formulate advice on maintenance, repair or upgrades of the inspected railroad infrastructure.",skill/competence > sector-specific,,,3,none,,Span trống; quan hệ thứ tự không rõ
88,rieng_Thu,http://data.europa.eu/esco/skill/6e3862fd-4541-471b-90dc-4a60073c9a16__http://data.europa.eu/esco/skill/1b718a43-4295-44cc-9530-78323bbeb663,yeast fermentation principles,The principles of yeast fermentation in fermented beverages such as wine or beer.,knowledge > cross-sector,lab scale fermentation,"The steps and requirements included in lab scale fermentation for the conversion of the biomass into chemicals, sugars or fuels.",knowledge > occupation-specific,yeast fermentation principles. The principles of yeast fermentation in fermented beverages such as wine or beer.,"lab scale fermentation. The steps and requirements included in lab scale fermentation for the conversion of the biomass into chemicals, sugars or fuels.",3,none,,"Hai mục kiến thức lên men, không rõ thứ tự"
89,IAA_chung,http://data.europa.eu/esco/skill/31c64efe-8ff9-4b10-bddc-eca2ad70860a__http://data.europa.eu/esco/skill/997ad9db-84cc-48af-af23-a7cb4bba35a3,electroplating processes,"The various metalworking processes using electric current to form metal coating on an electrode and on the workpiece, such as pulse electroplating, pulse electrodeposition, brush electroplating, and others.",knowledge > cross-sector,monitor electroplating baths,Control the temperature and changing composition of the solution composed of different chemical components and used to cover a surface with a thin layer of metal.,skill/competence > cross-sector,,,3,none,,Span trống → 3 theo hướng dẫn; nếu được áp quy tắc 1 (kiến thức → thao tác cùng đối tượng) thì sẽ là 1 A_to_B (hàng 131 cùng cặp gần giống có span → 1)
90,rieng_Thu,http://data.europa.eu/esco/skill/7f107a85-d6ac-410f-a995-d635c5aa418b__http://data.europa.eu/esco/skill/d3c81a84-b96a-4d31-8d24-4e487396ce92,types of metal,"Qualities, specifications, applications and reactions to different fabricating processes of various types of metal, such as steel, aluminium, brass, copper and others.",knowledge > cross-sector,fabricate metal parts,"Fabricate metal parts, using equipment such as drill presses and engine lathes.",skill/competence > cross-sector,,,3,none,,Span trống → 3 theo hướng dẫn; nếu được áp quy tắc 1 (kiến thức → thao tác cùng đối tượng) thì sẽ là 1 A_to_B
91,rieng_Thu,http://data.europa.eu/esco/skill/f5db895c-533b-421b-8e7a-0ea39aadf3e5__http://data.europa.eu/esco/skill/7575fca1-24b3-4844-a82a-90fe73029a70,components of clocks,"Components present in clocks and watches, such as the wheelwork, battery, dials, and hands.",knowledge > sector-specific,attach clock cases,Attach clock or watch case to enclose and protect the clockwork or module.,skill/competence > sector-specific,,,3,none,,Span trống; quan hệ thứ tự không rõ (mô tả A không liệt kê vỏ đồng hồ)
92,rieng_Thu,http://data.europa.eu/esco/skill/aba2e61d-ef78-45bd-a9bc-392a718d4877__http://data.europa.eu/esco/skill/592188c6-7212-47bb-ba58-f9361026addc,"heating, ventilation, air conditioning and refrigeration parts","The different parts constituing heating, air conditioning and refrigeration systems such as the different valves, fans, compressors, condensers, filters and other components.",knowledge > cross-sector,install heating boiler,"Place heating, ventilation, air conditioning and refrigeration boilers, which heats up water and circulates it through a closed radiator system to distribute heat around a structure. Connect the boiler to a source of fuel or electricity and to the circulation system. Connect it to the water supply if it features an automatic filling system. Configure the boiler.",skill/competence > cross-sector,"heating, ventilation, air conditioning and refrigeration parts. The different parts constituing heating, air conditioning and refrigeration systems such as the different valves, fans, compressors, conde","install heating boiler. Place heating, ventilation, air conditioning and refrigeration boilers, which heats up water and circulates it through a closed radiator s",1,A_to_B,,Kiến thức linh kiện HVACR → lắp nồi hơi
93,IAA_chung,http://data.europa.eu/esco/skill/95ee5e38-5c1e-4cd2-a21d-6921390025a9__http://data.europa.eu/esco/skill/fd33c66c-70c4-40e6-b87c-5495bd3bf26e,usability engineering,The methods of assessing usability and deriving structured recommendations from the results of an usability test with respect to user needs and behaviours in order to achieve efficient and elegant user interface design.,knowledge > sector-specific,design user interface,"Create software or device components which enable interaction between humans and systems or machines, using appropriate techniques, languages and tools so as to streamline interaction while using the system or machine.",skill/competence > sector-specific,usability engineering. The methods of assessing usability and deriving structured recommendations from the results of an usability test with respect to user need,"design user interface. Create software or device components which enable interaction between humans and systems or machines, using appropriate techniques, langua",3,none,,Usability hỗ trợ thiết kế UI nhưng không bắt buộc
94,IAA_chung,http://data.europa.eu/esco/skill/a1bbc0e9-58d1-4bbc-bf68-de5679bef07f__http://data.europa.eu/esco/skill/88ba6ce6-d285-49ef-80db-07ecfaec03db,outdoor advertising,"Types and characteristics of advertising performed in the public domain such as on street furniture, public transportation vehicles, stations and airports and on billboards.",knowledge > sector-specific,examine advertisement layout,Examine and approve the layout of advertisements to ensure that they are according to customer and target audience requirements and specifications.,skill/competence > cross-sector,,,3,none,,Span trống; quan hệ thứ tự không rõ
95,rieng_Thu,http://data.europa.eu/esco/skill/cf579543-272b-43c8-b942-555836ae4241__http://data.europa.eu/esco/skill/ad1a9aae-1edc-4863-bf5a-72864e127ff4,supply chain principles,"Characteristics, operations and resources involved in moving a product or service from supplier to the customer.",knowledge > cross-sector,advise on aquaculture products supply chain,Provide support and advice in aquaculture supply chain related activities such as packaging design and logistics.,skill/competence > occupation-specific,"supply chain principles. Characteristics, operations and resources involved in moving a product or service from supplier to the customer.",advise on aquaculture products supply chain. Provide support and advice in aquaculture supply chain related activities such as packaging design and logistics.,1,A_to_B,,Nguyên lý chuỗi cung ứng → tư vấn chuỗi cung ứng thủy sản
96,rieng_Thu,http://data.europa.eu/esco/skill/6975d035-4523-4a5d-89ea-e414a473e077__http://data.europa.eu/esco/skill/569bf224-7f9f-43b8-8dd7-28284e33a6e0,"sugar, chocolate and sugar confectionery products","The offered sugar, chocolate and sugar confectionery products, their functionalities, properties and legal and regulatory requirements.",knowledge > sector-specific,monitor quality of confectionery products,Inspect the quality of confectionery products; ensure optimal hygiene and product quality at all times.,skill/competence > occupation-specific,"sugar, chocolate and sugar confectionery products. The offered sugar, chocolate and sugar confectionery products, their functionalities, properties and legal and regulatory requirements.",monitor quality of confectionery products. Inspect the quality of confectionery products; ensure optimal hygiene and product quality at all times.,3,none,,Mô tả A thiên về sản phẩm/thương mại
97,rieng_Thu,http://data.europa.eu/esco/skill/13d1b916-0ee9-4ee1-b762-56a9feade16c__http://data.europa.eu/esco/skill/198b614d-a9af-46f5-b3fd-2672b401dd8e,health and safety in the textile industry,"The requirements, rules and applications of health and safety measures in the textile industry.",knowledge > cross-sector,health and safety in the workplace,"The body of rules, procedures and regulations related to safety, health and welfare of people in their workplace.",knowledge > cross-sector,"health and safety in the textile industry. The requirements, rules and applications of health and safety measures in the textile industry.","health and safety in the workplace. The body of rules, procedures and regulations related to safety, health and welfare of people in their workplace.",1,B_to_A,,Tổng quát → chuyên biệt: ATVSLĐ nơi làm việc → trong ngành dệt
98,IAA_chung,http://data.europa.eu/esco/skill/15d76317-c71a-4fa2-aadc-2ecc34e627b7__http://data.europa.eu/esco/skill/1f6eac42-e5aa-4fa7-a75d-a4eea12c618e,communication,"The exchange and conveying of information, ideas, concepts, thoughts, and feelings through the use of a shared system of words, signs, and semiotic rules via a medium.",knowledge > cross-sector,disseminate internal communications,Disseminate internal communications using the different communication channels that a company has at its disposal.,skill/competence > cross-sector,,,3,none,,Span trống; quan hệ thứ tự không rõ
99,rieng_Thu,http://data.europa.eu/esco/skill/5f5e9350-1d13-4391-b9e1-07f6b2047fc5__http://data.europa.eu/esco/skill/8a6394d1-f44f-4b0d-81d5-7201fc025ba8,e-learning,The strategies and didactical methods of learning in which the main elements include the use of ICT technologies.,knowledge > sector-specific,develop e-learning plan,Create a strategic plan to maximise the outputs of educational technology both within the organisation and externally.,skill/competence > cross-sector,develop e-learning plan. Create a strategic plan to maximise the outputs of educational technology both within the organisation and externally. | e-learning. The strategies and didactical methods of learning in which the main elements include the use of ICT technologies.,develop e-learning plan. Create a strategic plan to maximise the outputs of educational technology both within the organisation and externally.,1,A_to_B,,Span A→B nêu cả hai mục
100,IAA_chung,http://data.europa.eu/esco/skill/68e66ed6-a171-4350-8ec1-2cfc4cae50e4__http://data.europa.eu/esco/skill/8eebf05f-4495-4fd5-b1f0-cb85750295be,hydraulics,The power transmission systems that use the force of flowing liquids to transmit power.,knowledge > cross-sector,maintain hydraulic systems,Perform routine maintenance and repairs on systems which use pressurised fluids to provide power to machines and equipment.,skill/competence > cross-sector,,,3,none,,Span trống → 3 theo hướng dẫn; nếu được áp quy tắc 1 (kiến thức → thao tác cùng đối tượng) thì sẽ là 1 A_to_B
101,IAA_chung,http://data.europa.eu/esco/skill/604671e1-89a6-42a0-a3a2-075e52899131__http://data.europa.eu/esco/skill/75719644-f285-4060-b42b-9ed9c4a70375,laboratory methods in biomedical sciences,"The types, characteristics and procedures of laboratory techniques used for a wide range of medical tests such as serological tests.",knowledge > cross-sector,validate biomedical analysis results,"Clinically validate the results of the biomedical analysis, according to the expertise and authorization level.",skill/competence > sector-specific,,,3,none,,Span trống → 3 theo hướng dẫn; nếu được áp quy tắc 1 (kiến thức → thao tác cùng đối tượng) thì sẽ là 1 A_to_B
102,IAA_chung,http://data.europa.eu/esco/skill/a16e3fc6-c77d-46e3-aa18-c691fed47fd1__http://data.europa.eu/esco/skill/5b1fe532-70b3-40e4-8bb3-2cad8dc2d517,freight transport methods,"The different modalities of freight transport such as air, sea, or intermodal freight transport, including the details and procedures specific to them.",knowledge > cross-sector,adjust weight of cargo to capacity of freight transport vehicles,Adapt weight of cargo to capacity of freight transport vehicles. Oversee the maximum load capacity of the vehicle in question and the weight of each individual crate in the shipment.,skill/competence > sector-specific,"freight transport methods. The different modalities of freight transport such as air, sea, or intermodal freight transport, including the details and procedures spec",adjust weight of cargo to capacity of freight transport vehicles. Adapt weight of cargo to capacity of freight transport vehicles. Oversee the maximum load capacity of the vehicle in question and the weig,3,none,,"Không rõ; nếu có thì có thể qua ""vehicle cargo capacity"" (hàng 123), nhưng A không chắc là tiên quyết"
103,rieng_Thu,http://data.europa.eu/esco/skill/41c13016-6e94-45bb-81b7-3ff25ac2aa25__http://data.europa.eu/esco/skill/9542c4ec-2a56-42eb-af37-3e977df3e201,printing techniques,"The techniques and processes to reproduce text and images using a master form or template such as letterpress printing, gravure, and laser printing.",knowledge > cross-sector,inspect printing output,"Verify that the printing output is satisfactory using various methods such as visual verification, use of spectrophotometers or densitometers. The problems that might occur include misregisters or colour variation.",skill/competence > sector-specific,,,3,none,,Span trống; quan hệ thứ tự không rõ
104,rieng_Thu,http://data.europa.eu/esco/skill/8de33d5a-007f-43d3-bdc6-34bf149ce5bb__http://data.europa.eu/esco/skill/4cce32ef-6561-42c7-9322-bcfdac7231af,types of violins,"String instruments with four strings such as the violin which is the smallest of the family, the viola or the middle voice, and the cello. Each of these instruments can either have its full size or a fractional size.",knowledge > sector-specific,produce violin bows,"Choose the appropriate materials and tools, build the stick, pad, screw and frog, select and strech the horsehair, and finish the wooden surface.",skill/competence > sector-specific,,,3,none,,Span trống; quan hệ thứ tự không rõ
105,IAA_chung,http://data.europa.eu/esco/skill/da34f93c-c75d-49a6-9f8a-4ca2ac450694__http://data.europa.eu/esco/skill/11dc8e6b-dffa-42e4-9de1-c47293a848ff,control glass fibres flow,"Control and adjust the parameters to maintain the appropriate pressure, temperature and flow rate of the molten fibreglass through the spray jets.",skill/competence > occupation-specific,operate pumping equipment,"Operate pumping equipment and control oil and gas pumping systems. Manipulate control panels to adjust pressure and temperature, as well as to direct product flow rate and to monitor liquid circulation in petroleum refinery. Oversee gas and oil transport from wellheads to refineries or storage facilities.",skill/competence > sector-specific,"control glass fibres flow. Control and adjust the parameters to maintain the appropriate pressure, temperature and flow rate of the molten fibreglass through the spr","operate pumping equipment. Operate pumping equipment and control oil and gas pumping systems. Manipulate control panels to adjust pressure and temperature, as well a",0,none,,
106,rieng_Thu,http://data.europa.eu/esco/skill/0cf4c414-891e-4030-a3c3-898643bf20fc__http://data.europa.eu/esco/skill/12dfdb75-9041-4d41-9974-dda7ce950f51,footwear and leather goods marketing planning,"The principles and methods used in creating a marketing plan and how a company can best position itself compared to its competitors, taking into account the specifities of the footwear and leather goods market.",knowledge > sector-specific,implement footwear marketing plan,"Implement marketing plans according to company specifications, complying with market demand.",skill/competence > sector-specific,"footwear and leather goods marketing planning. The principles and methods used in creating a marketing plan and how a company can best position itself compared to its competitors, takin","implement footwear marketing plan. Implement marketing plans according to company specifications, complying with market demand.",1,A_to_B,,Kiến thức lập kế hoạch marketing → triển khai kế hoạch
107,IAA_chung,http://data.europa.eu/esco/skill/786378b4-6661-4f51-b03c-3006a2bc2d62__http://data.europa.eu/esco/skill/0023e7a5-43da-4b68-bee3-726ef21f986d,monitor political conflicts,"Monitor the possibility and development of political conflicts in specific contexts, such as in or between political parties, governments, or between different countries, as well as identifying its potential impact on government operations, and public safety.",skill/competence > cross-sector,apply diplomatic principles,"Apply the processes involved in the creation of international treaties by conducting negotiations between representatives of different countries, protecting the home government's interests, and facilitating compromise.",skill/competence > cross-sector,"monitor political conflicts. Monitor the possibility and development of political conflicts in specific contexts, such as in or between political parties, governments,",apply diplomatic principles. Apply the processes involved in the creation of international treaties by conducting negotiations between representatives of different cou,0,none,,
108,rieng_Thu,http://data.europa.eu/esco/skill/43117c55-4b23-4f9b-9a37-6d36e2c28d2b__http://data.europa.eu/esco/skill/e0443c6c-e370-4d5f-8464-c7e38b9de709,ceramic ware,"The production process and characteristics of various types of ceramic ware such as pottery, whiteware, stoneware, chinaware, porcelain or earthenware.",knowledge > sector-specific,manage different ceramic firing techniques,"Manage different ceramic firing or baking techniques according to selected clay, the expect strength of the object, and enamel colours.",skill/competence > sector-specific,"ceramic ware. The production process and characteristics of various types of ceramic ware such as pottery, whiteware, stoneware, chinaware, porcelain or earthenware.","manage different ceramic firing techniques. Manage different ceramic firing or baking techniques according to selected clay, the expect strength of the object, and enamel colours.",1,A_to_B,,Mô tả A gồm quy trình sản xuất gốm → quản lý kỹ thuật nung
109,rieng_Thu,http://data.europa.eu/esco/skill/27247d7e-d327-4ba2-87fe-215143be6453__http://data.europa.eu/esco/skill/e2417823-c24f-4c77-bb02-782a7852e3fb,abrasive blasting processes,"The various processes, methods and materials used in abrasive blasting technologies, such as wet abrasive blasting, wheel blasting, hydro-blasting, sand blasting, and others.",knowledge > cross-sector,connect blasting circuit,"Connect, inspect and test the blasting circuit.",skill/competence > occupation-specific,,,0,none,,"Đồng âm: ""blasting circuit"" là mạch nổ mìn, không phải phun hạt mài"
110,rieng_Thu,http://data.europa.eu/esco/skill/a917fd91-866d-4ecf-a70e-894b755f9baf__http://data.europa.eu/esco/skill/658b6ea0-79f5-451d-a037-7593a4416c85,develop mechatronic test procedures,"Develop testing protocols to enable a variety of analyses of mechatronic systems, products, and components.",skill/competence > sector-specific,develop material testing procedures,"Develop testing protocols in collaboration with engineers and scientists to enable a variety of analyses such as environmental, chemical, physical, thermal, structural, resistance or surface analyses on a wide range of materials such as metals, ceramics or plastics.",skill/competence > cross-sector,"develop mechatronic test procedures. Develop testing protocols to enable a variety of analyses of mechatronic systems, products, and components.","develop material testing procedures. Develop testing protocols in collaboration with engineers and scientists to enable a variety of analyses such as environmental, chemical,",0,none,,
111,IAA_chung,http://data.europa.eu/esco/skill/37533674-1751-4c5c-882f-f0ff935a8cae__http://data.europa.eu/esco/skill/9b5297a6-baa9-481d-b508-82287b0a6e5f,dip-coating process,"The various steps in the process of dipping a workpiece in a coating material solution, including immersion, start-up, deposition, drainage, and, possibly, evaporation.",knowledge > cross-sector,remove coating,"Remove the thin layer made of paint, lacquer, metal or other elements covering an object through chemical, mechanical or other processes.",skill/competence > cross-sector,,,0,none,,
112,IAA_chung,http://data.europa.eu/esco/skill/7f2c62b0-928a-4da2-a578-674940a14063__http://data.europa.eu/esco/skill/2daed3cc-2246-421f-beef-b7ed8eb8b4d5,crane load charts,Crane load charts detail the features of the crane and how its lift capacity varies depending on distance and angle.,knowledge > sector-specific,determine the load's centre of gravity,Establish the centre of gravity of the load moved by a crane or other machinery or equipment in order to ensure optimal and safe movement.,skill/competence > occupation-specific,crane load charts. Crane load charts detail the features of the crane and how its lift capacity varies depending on distance and angle.,determine the load's centre of gravity. Establish the centre of gravity of the load moved by a crane or other machinery or equipment in order to ensure optimal and safe movement.,3,none,,Bảng tải cần cẩu và trọng tâm tải liên quan nhưng không rõ thứ tự
113,rieng_Thu,http://data.europa.eu/esco/skill/75d2ac62-700a-41d1-b920-5cd7aaa78553__http://data.europa.eu/esco/skill/755dd3c3-824a-4f39-9935-6f036a8e62b9,operate control systems,"Configure and operate electrical, electronic and control equipment. Maintain, monitor and control operations on a control system to ensure major risks are controlled and prevented.",skill/competence > sector-specific,manage vessel control systems,"Know, operate, test and maintain control systems of vessels. Maintain and if necessary repair electronic components of vessel control systems.",skill/competence > sector-specific,"operate control systems. Configure and operate electrical, electronic and control equipment. Maintain, monitor and control operations on a control system to ensure","manage vessel control systems. Know, operate, test and maintain control systems of vessels. Maintain and if necessary repair electronic components of vessel control syst",1,A_to_B,,Tổng quát → chuyên biệt (hệ điều khiển tàu)
114,IAA_chung,http://data.europa.eu/esco/skill/656ae836-2075-459f-8967-03706d4ac2bb__http://data.europa.eu/esco/skill/9775c2f8-6c1f-4fb8-8c03-c7081dafc0b5,parking regulations,The up-to-date regulations and enforcement procedures in parking activities.,knowledge > sector-specific,manage car park operations,Monitor car park activities and parked vehicles.,skill/competence > sector-specific,,,3,none,,Span trống → 3 theo hướng dẫn; nếu được áp quy tắc 1 (kiến thức → thao tác cùng đối tượng) thì sẽ là 1 A_to_B
115,IAA_chung,http://data.europa.eu/esco/skill/7f2c62b0-928a-4da2-a578-674940a14063__http://data.europa.eu/esco/skill/dcf821b6-812e-49de-a7a9-3643c35b13ce,crane load charts,Crane load charts detail the features of the crane and how its lift capacity varies depending on distance and angle.,knowledge > sector-specific,guide cranes,"Guide a crane operator in operating the crane. Stay in contact with the operator visually, vocally, or using communication equipment to make sure the crane operation is completed in a safe and efficient manner.",skill/competence > sector-specific,,,3,none,,Span trống; quan hệ thứ tự không rõ
116,IAA_chung,http://data.europa.eu/esco/skill/3fa0a100-66ea-4bb3-a33e-2044d4a43df3__http://data.europa.eu/esco/skill/6bf4f085-82d2-4b21-9aa5-9c1f955becab,bakery ingredients,The raw materials and other ingredients used in baked goods.,knowledge > sector-specific,place orders for bakery ingredients,"Calculate and order proper amount of supplies and ingredients (flour, salt, butter,...) necessary for bakery activities.",skill/competence > occupation-specific,"place orders for bakery ingredients. Calculate and order proper amount of supplies and ingredients (flour, salt, butter,...) necessary for bakery activities. | bakery ingredients. The raw materials and other ingredients used in baked goods.","place orders for bakery ingredients. Calculate and order proper amount of supplies and ingredients (flour, salt, butter,...) necessary for bakery activities.",1,A_to_B,,Span A→B nêu cả hai mục
117,rieng_Thu,http://data.europa.eu/esco/skill/88232a01-699b-4041-85bb-8ab7bc54bc21__http://data.europa.eu/esco/skill/c544a9f3-5945-4b54-afed-de0697852817,apply for library funding,Compose proposals for new research or project grants.,skill/competence > sector-specific,report analysis results,"Produce research documents or give presentations to report the results of a conducted research and analysis project, indicating the analysis procedures and methods which led to the results, as well as potential interpretations of the results.",skill/competence > cross-sector,apply for library funding. Compose proposals for new research or project grants.,"report analysis results. Produce research documents or give presentations to report the results of a conducted research and analysis project, indicating the analys",0,none,,
118,IAA_chung,http://data.europa.eu/esco/skill/ab1e97ed-2319-4293-a8b7-072d2648822f__http://data.europa.eu/esco/skill/4463a721-69f3-413d-8321-43e3af13a4f1,database management systems,"The tools for creating, updating and managing databases, such as Oracle, MySQL and Microsoft SQL Server.",knowledge > sector-specific,use databases,"Use software tools for managing and organising data in a structured environment which consists of attributes, tables and relationships in order to query and modify the stored data.",skill/competence > cross-sector,"database management systems. The tools for creating, updating and managing databases, such as Oracle, MySQL and Microsoft SQL Server.","use databases. Use software tools for managing and organising data in a structured environment which consists of attributes, tables and relationships in",1,A_to_B,,Kiến thức DBMS → sử dụng CSDL
119,rieng_Thu,http://data.europa.eu/esco/skill/4ff549c3-daa5-4def-9916-301c7bdf13b8__http://data.europa.eu/esco/skill/fc6cddab-c9ce-4ce6-83ac-32b6854dd6da,control systems,Devices or a set of devices that command and manage the performance and behaviour of other equipment and systems. This includes Industrial control systems (ICS) which are used for industrial production and manufacturing.,knowledge > cross-sector,install electronic communication devices on trains,"Install, adjust, and test electronic communication equipment, which includes sound, security, navigation, and surveillance systems.",skill/competence > cross-sector,control systems. Devices or a set of devices that command and manage the performance and behaviour of other equipment and systems. This includes Industrial | anage the performance and behaviour of other equipment and systems. This includes Industrial control systems (ICS) which are used for industrial production and manufacturing.,"install electronic communication devices on trains. Install, adjust, and test electronic communication equipment, which includes sound, security, navigation, and surveillance systems.",0,none,,
120,IAA_chung,http://data.europa.eu/esco/skill/7ee4c2ea-b349-4bd2-81a3-ec31475d4833__http://data.europa.eu/esco/skill/382c11ed-20d5-4ae7-b60e-15fec527fa6c,statistics,"The study of statistical theory, methods and practices such as collection, organisation, analysis, interpretation and presentation of data. It deals with all aspects of data including the planning of data collection in terms of the design of surveys and experiments in order to forecast and plan work-related activities.",knowledge > cross-sector,apply statistical analysis techniques,"Use models (descriptive or inferential statistics) and techniques (data mining or machine learning) for statistical analysis and ICT tools to analyse data, uncover correlations and forecast trends.",skill/competence > cross-sector,"apply statistical analysis techniques. Use models (descriptive or inferential statistics) and techniques (data mining or machine learning) for statistical analysis and ICT tools to analyse data, uncover correlations and forecast | statistics. The study of statistical theory, methods and practices such as collection, organisation, analysis, interpretation and presentation of data",apply statistical analysis techniques. Use models (descriptive or inferential statistics) and techniques (data mining or machine learning) for statistical analysis and ICT tools,1,A_to_B,,"Span A→B: ""descriptive or inferential statistics"""
121,IAA_chung,http://data.europa.eu/esco/skill/fd4abe0c-4c20-424d-b8b7-b2e6c2ceb344__http://data.europa.eu/esco/skill/60a63e4c-f71d-48ec-8b57-c1e059370478,provide genetic counselling,Provide patients affected by genetic diseases with support and help them manage their disease and improve their quality of life.,skill/competence > occupation-specific,analyse psychological aspects of illness,"Analyse the psychological impact of illness on individuals, close ones, and caregivers and use psychological interventions to promote self-management, helping patients cope with pain or illness, improve their quality of life and mitigate the effects of disability and handicap.",skill/competence > sector-specific,provide genetic counselling. Provide patients affected by genetic diseases with support and help them manage their disease and improve their quality of life.,"analyse psychological aspects of illness. Analyse the psychological impact of illness on individuals, close ones, and caregivers and use psychological interventions to promote self",3,none,,Không rõ
122,IAA_chung,http://data.europa.eu/esco/skill/5f08605b-aa03-45ed-bc49-395477783a38__http://data.europa.eu/esco/skill/817aac8a-a0e2-46ad-adef-02338830e052,prevent fire in a performance environment,"Take steps to prevent fire in a performance environment. Make sure the space complies with fire safety rules, with sprinklers and fire extinguishers installed where necessary. Make sure staff are aware of fire prevention measures.",skill/competence > sector-specific,install stretch ceiling,Fix a stretch ceiling to the installed profiles. Heat the room to temporarily increase the stretchability of the material. Take care to prevent wrinkles or uneven stresses.,skill/competence > occupation-specific,"prevent fire in a performance environment. Take steps to prevent fire in a performance environment. Make sure the space complies with fire safety rules, with sprinklers and fire ext",install stretch ceiling. Fix a stretch ceiling to the installed profiles. Heat the room to temporarily increase the stretchability of the material. Take care to pr,0,none,,
123,IAA_chung,http://data.europa.eu/esco/skill/60493b7f-8613-431e-91ea-6a2c0410c6d4__http://data.europa.eu/esco/skill/1c45c221-6da5-4bba-a74f-0a0b1bbf890f,vehicle cargo capacity,"The capacity and the limits of the commissioned vehicle in terms of weight, type of cargo it can handle, and other cargo loading specifications.",knowledge > sector-specific,determine cargo loading sequence,Determine freight loading sequence aiming to increase the efficiency of operations. Arrange loading so that maximum amount of goods can be stored.,skill/competence > sector-specific,"vehicle cargo capacity. The capacity and the limits of the commissioned vehicle in terms of weight, type of cargo it can handle, and other cargo loading specifica",determine cargo loading sequence. Determine freight loading sequence aiming to increase the efficiency of operations. Arrange loading so that maximum amount of goods can be,1,A_to_B,,Phải biết tải trọng xe để xếp thứ tự chất hàng
124,rieng_Thu,http://data.europa.eu/esco/skill/a2b5dcf3-5b6a-453d-876c-cff540c0faf1__http://data.europa.eu/esco/skill/c5422318-3218-4ce9-9bdd-f38b93ff63a3,CAD software,"The computer-aided design (CAD) software for creating, modifying, analysing or optimising a design.",knowledge > cross-sector,design electromechanical systems,"Draft sketches and design electromechanical systems, products, and components using Computer Aided Design (CAD) software and equipment.",skill/competence > cross-sector,"CAD software. The computer-aided design (CAD) software for creating, modifying, analysing or optimising a design.","design electromechanical systems. Draft sketches and design electromechanical systems, products, and components using Computer Aided Design (CAD) software and equipment.",1,A_to_B,,"Mô tả B: ""using Computer Aided Design (CAD) software"""
125,rieng_Thu,http://data.europa.eu/esco/skill/c1f29568-f2bb-49d2-b6c2-28748bd1629b__http://data.europa.eu/esco/skill/be40c4c3-a855-4d67-9ca5-6f4428c34b0d,manage online content,"Ensure the website content is up to date, organised, attractive and meets the target audience needs, the requirements of the company and international standards by checking the links, setting the publishing time framework and order.",skill/competence > sector-specific,provide written content,Communicate information in written form via digital or print media according to the needs of the target group. Structure the content according to specifications and standards. Apply grammar and spelling rules.,skill/competence > cross-sector,"manage online content. Ensure the website content is up to date, organised, attractive and meets the target audience needs, the requirements of the company and i",provide written content. Communicate information in written form via digital or print media according to the needs of the target group. Structure the content accor,3,none,,"Hai kỹ năng nội dung gần nhau, không rõ chiều"
126,rieng_Thu,http://data.europa.eu/esco/skill/b78f324d-e16c-43f8-97d2-50d3a7cd1fb3__http://data.europa.eu/esco/skill/16636767-c215-4cf0-b126-e144fea20926,work with virtual learning environments,Incorporate the use of online learning environments and platforms into the process of instruction.,skill/competence > cross-sector,use e-health and mobile health technologies,Use mobile health technologies and e-health (online applications and services) in order to enhance the provided healthcare.,skill/competence > sector-specific,work with virtual learning environments. Incorporate the use of online learning environments and platforms into the process of instruction.,use e-health and mobile health technologies. Use mobile health technologies and e-health (online applications and services) in order to enhance the provided healthcare.,0,none,,
127,IAA_chung,http://data.europa.eu/esco/skill/f143bbc9-cc9d-4629-87d5-4d747838ddb3__http://data.europa.eu/esco/skill/e90c83be-ccb7-4752-af5e-7f58cd0ac399,strategies for handling cases of sexual assault,"The range of strategies and approaches utilised in the identification, termination, and prevention of instances of sexual assault. This incudes understanding of the methods and procedures used to recognise instances of sexual assault, the legal implications, and possible intervention and rehabilitation activities. Sexual assault includes all kinds of practice of forcing a person into sexual acts against their will or without their consent, as well as cases when children and minors are involved i",knowledge > sector-specific,facilitate the healing process related to sexual assault,"Intervene to support and facilitate the healing and growth of individuals who have experienced sexual assault by allowing them to recognise their memories and pain, identifying their influence on behaviour and learning to integrate them in their lives.",skill/competence > sector-specific,"strategies for handling cases of sexual assault. The range of strategies and approaches utilised in the identification, termination, and prevention of instances of sexual assault. This in",facilitate the healing process related to sexual assault. Intervene to support and facilitate the healing and growth of individuals who have experienced sexual assault by allowing them to recognis,3,none,,Không rõ
128,rieng_Thu,http://data.europa.eu/esco/skill/960c4aae-82d5-4820-a583-c3bf2908a357__http://data.europa.eu/esco/skill/70ed0119-0a2d-46bc-b1e8-da11a5ccdfbe,foreign languages for international careers,Languages of the countries in which a potential target labour market would exist to facilitate your career.,knowledge > cross-sector,apply foreign language for international trade,Communicate in foreign languages to facilitate international trade operations such as the importation of food and beverages.,skill/competence > cross-sector,foreign languages for international careers. Languages of the countries in which a potential target labour market would exist to facilitate your career.,apply foreign language for international trade. Communicate in foreign languages to facilitate international trade operations such as the importation of food and beverages.,1,A_to_B,,Phải biết ngoại ngữ trước khi dùng trong thương mại
129,rieng_Thu,http://data.europa.eu/esco/skill/7ee4c2ea-b349-4bd2-81a3-ec31475d4833__http://data.europa.eu/esco/skill/ee8fee1a-75c1-43fb-b08d-779929f99249,statistics,"The study of statistical theory, methods and practices such as collection, organisation, analysis, interpretation and presentation of data. It deals with all aspects of data including the planning of data collection in terms of the design of surveys and experiments in order to forecast and plan work-related activities.",knowledge > cross-sector,apply control process statistical methods,Apply statistical methods from Design of Experiments (DOE) and Statistical Process Control (SPC) in order to control manufacturing processes.,skill/competence > cross-sector,"statistics. The study of statistical theory, methods and practices such as collection, organisation, analysis, interpretation and presentation of data",apply control process statistical methods. Apply statistical methods from Design of Experiments (DOE) and Statistical Process Control (SPC) in order to control manufacturing process,2,A_to_B,apply statistical analysis techniques,"DOE/SPC cần thống kê suy diễn trước; trung gian có trong phiếu (hàng 6, 120)"
130,IAA_chung,http://data.europa.eu/esco/skill/8df3dcf5-8ede-4e03-a69c-c8cf01eff429__http://data.europa.eu/esco/skill/d8a0bd55-b701-4284-b075-43c098ff1d77,meat and meat products,"The offered meat and meat products, their properties and legal and regulatory requirements.",knowledge > sector-specific,handle knives for meat processing activities,"Handle knives for meat processing activities. Use the correct knives and cutting instruments for meat preparations, prepared meat products, or meat products made by a butcher.",skill/competence > sector-specific,"meat and meat products. The offered meat and meat products, their properties and legal and regulatory requirements.","handle knives for meat processing activities. Handle knives for meat processing activities. Use the correct knives and cutting instruments for meat preparations, prepared meat products",0,none,,
131,IAA_chung,http://data.europa.eu/esco/skill/4c1e403a-554d-4548-8a93-3d80ec625748__http://data.europa.eu/esco/skill/997ad9db-84cc-48af-af23-a7cb4bba35a3,electroplating,"The process of plating together different types of metals through hydrolysis, silver plating, chromium plating, or copper plating. Electroplating allows for the combination of different metals with different properties in product manufacturing.",knowledge > cross-sector,monitor electroplating baths,Control the temperature and changing composition of the solution composed of different chemical components and used to cover a surface with a thin layer of metal.,skill/competence > cross-sector,"monitor electroplating baths. Control the temperature and changing composition of the solution composed of different chemical components and used to cover a surfa | electroplating. The process of plating together different types of metals through hydrolysis, silver plating, chromium plating, or copper plating. Electro | ent types of metals through hydrolysis, silver plating, chromium plating, or copper plating. Electroplating allows for the combination of different metals with different properties in product manufacturing.",monitor electroplating baths. Control the temperature and changing composition of the solution composed of different chemical components and used to cover a surface wit,1,A_to_B,,Span A→B nêu cả hai mục
132,rieng_Thu,http://data.europa.eu/esco/skill/b387bca8-0f61-4548-b41c-2fe6887d1534__http://data.europa.eu/esco/skill/1f551366-dd12-4a80-8913-865276149e42,air traffic control operations,"The procedures for organising air traffic, preventing collisions and ensuring smooth operations during flights, and the tasks performed by air traffic controllers, including Interaction and effective communication between aircraft and air traffic controllers.",knowledge > sector-specific,deal with air traffic issues,Deal with issues affecting the airline e.g. air traffic control problems and adverse weather conditions. This may involve rearranging flight slots when delays occur.,skill/competence > sector-specific,"air traffic control operations. The procedures for organising air traffic, preventing collisions and ensuring smooth operations during flights, and the tasks performed by",deal with air traffic issues. Deal with issues affecting the airline e.g. air traffic control problems and adverse weather conditions. This may involve rearranging flig,1,A_to_B,,Kiến thức vận hành ATC → xử lý vấn đề ATC; độ tin cậy trung bình
133,IAA_chung,http://data.europa.eu/esco/skill/705f5906-9b08-4562-9544-46f6ab944a7e__http://data.europa.eu/esco/skill/22fedbdc-8103-4ade-9c83-f0f861c8b900,forest conservation,The practice of planting and maintaining forested areas for preserving and protecting forests and the environment.,knowledge > cross-sector,maintain forest inventory,Recognise growing crops in forests and woodlands. Record their numbers in a formal inventory. Take measures applying the appropriate techniques.,skill/competence > sector-specific,forest conservation. The practice of planting and maintaining forested areas for preserving and protecting forests and the environment.,maintain forest inventory. Recognise growing crops in forests and woodlands. Record their numbers in a formal inventory. Take measures applying the appropriate techn,3,none,,Không rõ
134,IAA_chung,http://data.europa.eu/esco/skill/29cd7e7b-215c-483a-b67a-6bdad0647de9__http://data.europa.eu/esco/skill/bd698bbe-7003-4508-b422-46c2ff4d5e95,develop procurement strategy,"Design the procurement strategy and define the most appropriate and impactful procedure in order to reach the organisation's objectives and ensure genuine competition. Define element such as features, scope and duration of the procedure, division into lots, techniques and instruments for electronic submission and types of contract and contract performance clauses.",skill/competence > sector-specific,business strategy concepts,"The terminology related to the design and implementation of major trends and aims which are taken by an organisation's executives, while keeping in mind its resources, competition and environments.",knowledge > cross-sector,develop procurement strategy. Design the procurement strategy and define the most appropriate and impactful procedure in order to reach the organisation's objectives an,"business strategy concepts. The terminology related to the design and implementation of major trends and aims which are taken by an organisation's executives, while k",1,B_to_A,,Khái niệm chiến lược kinh doanh → xây dựng chiến lược mua sắm
135,IAA_chung,http://data.europa.eu/esco/skill/5f5e9350-1d13-4391-b9e1-07f6b2047fc5__http://data.europa.eu/esco/skill/f78877d1-99f3-4649-addc-2d09c9183a1e,e-learning,The strategies and didactical methods of learning in which the main elements include the use of ICT technologies.,knowledge > sector-specific,advise on learning methods,"Provide advice to help students study in a way that suits them best, propose different techniques such as using visual highlighting or speaking out loud, and help them draw up summaries and create learning schedules.",skill/competence > sector-specific,e-learning. The strategies and didactical methods of learning in which the main elements include the use of ICT technologies.,"advise on learning methods. Provide advice to help students study in a way that suits them best, propose different techniques such as using visual highlighting or spe",0,none,,
136,rieng_Thu,http://data.europa.eu/esco/skill/3795f2ca-7c0a-4a80-88d9-052c9d1b36c3__http://data.europa.eu/esco/skill/d91cbd56-31d1-4a0d-a3dc-bb5c7e4eccd0,cameras,"Types of cameras, such as single-lens reflex cameras and point-and-shoot cameras.",knowledge > cross-sector,practise camera movements,Practise operating the camera and the required movements for pre-arranged shots.,skill/competence > occupation-specific,,,3,none,,Span trống → 3 theo hướng dẫn; nếu được áp quy tắc 1 (kiến thức → thao tác cùng đối tượng) thì sẽ là 1 A_to_B
137,rieng_Thu,http://data.europa.eu/esco/skill/8744f28f-59a9-45af-8ef6-6944cb5a1473__http://data.europa.eu/esco/skill/4394a7e8-ffec-4062-b679-a2570260a84f,risk identification,"The different types of risk and the related classification criteria such as their nature and scope, the activity to which they relate, their causes and consequences and their financing.",knowledge > cross-sector,types of vehicles,"Field of information which distinguishes rental agency classification systems, containing types and classes of vehicles and their functioning and components.",knowledge > cross-sector,"risk identification. The different types of risk and the related classification criteria such as their nature and scope, the activity to which they relate, the","types of vehicles. Field of information which distinguishes rental agency classification systems, containing types and classes of vehicles and their function",0,none,,
138,rieng_Thu,http://data.europa.eu/esco/skill/cdd8b6b2-2fd9-453c-8d62-8a1dc6efcd49__http://data.europa.eu/esco/skill/7f0b1a66-ebaf-4c8a-b606-4c1844eb692e,systems theory,"The principles that can be applied to all types of systems at all hierarchical levels, which describe the system's internal organisation, its mechanisms of maintaining identity and stability and achieving adaptation and self-regulation and its dependencies and interaction with the environment.",knowledge > sector-specific,attend to ICT systems quality,"Ensure correct operations which comply fully with specific needs and outcomes in terms of the development, integration, security and overall management of ICT systems.",skill/competence > sector-specific,,,3,none,,Span trống; quan hệ thứ tự không rõ
139,IAA_chung,http://data.europa.eu/esco/skill/a4bead49-86a0-4849-8b6a-77cdcc157808__http://data.europa.eu/esco/skill/51927003-a757-4552-804f-c045e21fdaf2,manufacturer's instructions for audiovisual equipment,"Manufacturer's instructions required to install audio and video equipment, as specified in the user's manual.",knowledge > sector-specific,set up audiovisual peripheral equipment,"Set up audiovisual peripheral equipment such as tripods, cables, microphones, monitors, and others.",skill/competence > cross-sector,"manufacturer's instructions for audiovisual equipment. Manufacturer's instructions required to install audio and video equipment, as specified in the user's manual.","set up audiovisual peripheral equipment. Set up audiovisual peripheral equipment such as tripods, cables, microphones, monitors, and others.",1,A_to_B,,Hướng dẫn nhà sản xuất → lắp đặt thiết bị ngoại vi AV
140,IAA_chung,http://data.europa.eu/esco/skill/d04e4bde-05fa-499c-9237-1fe5e4560525__http://data.europa.eu/esco/skill/ef1e63c9-f8c1-46ad-8c74-3cea311c9377,secondary school procedures,"The inner workings of a secondary school, such as the structure of the relevant education support and management, the policies, and the regulations.",knowledge > cross-sector,special needs education,"The teaching methods, equipment and settings used to support students with special needs in achieving succes in school or community.",knowledge > cross-sector,"secondary school procedures. The inner workings of a secondary school, such as the structure of the relevant education support and management, the policies, and the re","special needs education. The teaching methods, equipment and settings used to support students with special needs in achieving succes in school or community.",0,none,,
141,rieng_Thu,http://data.europa.eu/esco/skill/e24dc99b-f82a-4a98-a140-2e016edafe7f__http://data.europa.eu/esco/skill/e5ad0cce-e3d5-4c60-8504-5d1c7e3b55b9,collect control panel components,"Select the appropriate control panel components, such as wires and circuit breakers, to meet the specified requirements.",skill/competence > occupation-specific,electrical equipment components,"The essential components of a certain electrical product, such as electrical wires, circuit breakers, and switches.",knowledge > sector-specific,"collect control panel components. Select the appropriate control panel components, such as wires and circuit breakers, to meet the specified requirements.","electrical equipment components. The essential components of a certain electrical product, such as electrical wires, circuit breakers, and switches.",1,B_to_A,,"Cùng đối tượng: wires, circuit breakers"
142,IAA_chung,http://data.europa.eu/esco/skill/06e347f2-2504-4ee8-b7f7-8d9542f56207__http://data.europa.eu/esco/skill/130d8246-5d34-4cbf-93c6-c02990a26532,translate keywords into full texts,"Draft e-mails, letters and other written documents on the basis of keywords or key concepts outlining the content. Choose the appropriate format and language style according to the type of document.",skill/competence > cross-sector,type error-free documents,Type documents and written content in general avoiding any grammatical or spelling errors. Type documents in a fast pace without compromising the quality of the outcome.,skill/competence > cross-sector,"translate keywords into full texts. Draft e-mails, letters and other written documents on the basis of keywords or key concepts outlining the content. Choose the appropriate",type error-free documents. Type documents and written content in general avoiding any grammatical or spelling errors. Type documents in a fast pace without compromis,3,none,,"Hai kỹ năng soạn thảo gần nhau, không rõ chiều"
143,IAA_chung,http://data.europa.eu/esco/skill/1ffdea5d-cd82-490f-bebe-22db7e0a5f45__http://data.europa.eu/esco/skill/31634929-4549-4109-b1ae-f56a068f546c,types of concrete pumps,The types of machines used to pump liquid concrete such as the boom concrete pumps used for large construction projects or line pumps generally used for small-scale works.,knowledge > sector-specific,operate concrete pumps,Operate the remote control of the robotic arm of a concrete pump while monitoring the pouring process.,skill/competence > sector-specific,types of concrete pumps. The types of machines used to pump liquid concrete such as the boom concrete pumps used for large construction projects or line pumps gene,operate concrete pumps. Operate the remote control of the robotic arm of a concrete pump while monitoring the pouring process.,1,A_to_B,,Kiến thức loại bơm bê tông → vận hành bơm
144,IAA_chung,http://data.europa.eu/esco/skill/4309a39d-af97-4e56-8d0e-5351b7b8dd01__http://data.europa.eu/esco/skill/87da57a8-ae40-41e3-998e-f517daa95c9a,develop chemical products,"Research and create new chemicals and plastics used in the production of a variety of goods such as pharmaceuticals, textile, building materials and household products.",skill/competence > cross-sector,handling chemical products for soil and plants,"Handling chemical products for soil and plants includes cleaning the equipment used for spreading and spraying, mixing of chemicals, preparing pesticides and herbicides for spraying, preparing fertilisers for spreading.",skill/competence > cross-sector,"develop chemical products. Research and create new chemicals and plastics used in the production of a variety of goods such as pharmaceuticals, textile, building mat","handling chemical products for soil and plants. Handling chemical products for soil and plants includes cleaning the equipment used for spreading and spraying, mixing of chemicals, prepa",0,none,,
145,IAA_chung,http://data.europa.eu/esco/skill/8df3dcf5-8ede-4e03-a69c-c8cf01eff429__http://data.europa.eu/esco/skill/23b355ee-94db-4831-b16d-935adc5de1cd,meat and meat products,"The offered meat and meat products, their properties and legal and regulatory requirements.",knowledge > sector-specific,prepare meat products for use in a dish,"Make meat products for use in a dish by cleaning, cutting or using other methods.",skill/competence > sector-specific,"meat and meat products. The offered meat and meat products, their properties and legal and regulatory requirements.","prepare meat products for use in a dish. Make meat products for use in a dish by cleaning, cutting or using other methods.",3,none,,Mô tả A thiên về sản phẩm/quy định thương mại
146,rieng_Thu,http://data.europa.eu/esco/skill/3362724b-fe06-4c5d-89a4-76fe62b9268e__http://data.europa.eu/esco/skill/e3d02758-7621-424f-8538-d558e8edf754,scaffolding components,"The different components of which scaffolding is constructed, their usage cases and limitations. Weight bearing properties of each component and how they are assembled.",knowledge > cross-sector,install scaffolding pump jacks,"Install pump jacks, which can be pumped manually of automatically to move equipment or workers up and down scaffolding.",skill/competence > sector-specific,"scaffolding components. The different components of which scaffolding is constructed, their usage cases and limitations. Weight bearing properties of each compone","install scaffolding pump jacks. Install pump jacks, which can be pumped manually of automatically to move equipment or workers up and down scaffolding.",1,A_to_B,,Kiến thức cấu kiện giàn giáo → lắp kích bơm giàn giáo
147,rieng_Thu,http://data.europa.eu/esco/skill/e258707b-7676-4e9b-9c36-20c38018b349__http://data.europa.eu/esco/skill/c2d48b3a-1f91-4442-8f18-6c43a589737b,publishing market,The trends in the publishing market and the type of books that are are appealing to a certain audience.,knowledge > sector-specific,develop media strategy,"Create the strategy on the type of content to be delivered to the target groups and which media to be used, taking into account the characteristics of the target audience and the media that will be used for content delivery.",skill/competence > cross-sector,publishing market. The trends in the publishing market and the type of books that are are appealing to a certain audience.,"develop media strategy. Create the strategy on the type of content to be delivered to the target groups and which media to be used, taking into account the charac",0,none,,
148,IAA_chung,http://data.europa.eu/esco/skill/6050ffaa-88b8-45d5-99c7-3fa882ea596a__http://data.europa.eu/esco/skill/b4e4bee5-439e-4b2e-909a-50be1979b5ec,manufacture woven fabrics,"Perform the operation, monitoring and maintenance of machines and processes to manufacture woven fabrics.",skill/competence > sector-specific,use weaving machine technologies,"Operate machines that enable weaving processes turning threads into fabrics. Setup weaving machine programmes for the machine to produce fabrics with the adequate pattern, colour and fabric density.",skill/competence > sector-specific,"manufacture woven fabrics. Perform the operation, monitoring and maintenance of machines and processes to manufacture woven fabrics. | oven fabrics. Perform the operation, monitoring and maintenance of machines and processes to manufacture woven fabrics.",use weaving machine technologies. Operate machines that enable weaving processes turning threads into fabrics. Setup weaving machine programmes for the machine to produce f,1,B_to_A,,A vận hành máy dệt → cần B
149,rieng_Thu,http://data.europa.eu/esco/skill/fed2fe77-623b-42f7-9d46-a2e5454f069a__http://data.europa.eu/esco/skill/27fabb9a-3294-4ddb-9844-9214b77d9084,lasers,"Devices that are able to produce light through the optical amplification of the stimulated emission of electromagnetic radiation, such as gas lasers, solid-state lasers, fiber lasers, photonic lasers and semiconductor lasers. The spatial and temporal coherence of lasers allows for the concentration of light in one place, such as laser pointers, as well as the concentration of light in time, so that light can be produced in a much shorter time than other light and can also emit as single colour o",knowledge > cross-sector,optomechanical devices,"Devices which combine mechanical and optical properties, such as precision mirror mounts used in the construction of lasers, optical mounts used in the manufacture of cameras, and optical tables used for optics experiments and engineering.",knowledge > sector-specific,"lasers. Devices that are able to produce light through the optical amplification of the stimulated emission of electromagnetic radiation, such as | e optical amplification of the stimulated emission of electromagnetic radiation, such as gas lasers, solid-state lasers, fiber lasers, photonic lasers and semiconductor lasers. The spatial and temporal coherence of lasers allows for the co | ion of the stimulated emission of electromagnetic radiation, such as gas lasers, solid-state lasers, fiber lasers, photonic lasers and semiconductor lasers. The spatial and temporal coherence of lasers allows for the concentration of light","optomechanical devices. Devices which combine mechanical and optical properties, such as precision mirror mounts used in the construction of lasers, optical mount",3,none,,"Hai mục kiến thức quang học, không rõ chiều"
150,rieng_Thu,http://data.europa.eu/esco/skill/3398504d-9137-4a38-a91c-b37416eba276__http://data.europa.eu/esco/skill/f8fc167b-20e6-4bb8-a93f-096275e09cc1,security requirements of goods transported via pipelines,"The security requirements and safety measures necessary to avoid accidents during the transportation of goods such as oil and petroleum products, olefin, ammonia, CO2, hydrogen, and others via pipelines.",knowledge > sector-specific,analyse requirements for moving goods,Analyse goods to be relocated and their moving requirements. Check requirements and prepare actions to ensure appropriate transport of goods.,skill/competence > sector-specific,security requirements of goods transported via pipelines. The security requirements and safety measures necessary to avoid accidents during the transportation of goods such as oil and petroleum pr,analyse requirements for moving goods. Analyse goods to be relocated and their moving requirements. Check requirements and prepare actions to ensure appropriate transport of goo,0,none,,
151,rieng_Thu,http://data.europa.eu/esco/skill/08bd8e7b-9f94-4c94-b98f-9c1aedc483af__http://data.europa.eu/esco/skill/d8d3622a-aaae-4d5a-9382-8969aad4c11f,quality prototype of a tobacco leaf,"Characteristics and properties of a tobacco leaf to grade and consider it of high, medium, or low quality product taking into account colour variations, tears, tar spots, tight grain, and size of the leaf.",knowledge > sector-specific,assure quality of tobacco leaves,"Assure quality of tobacco leaves by examining leaves for colour variations, tears, tar spots, tight grain, and size under specifications. Place leaves not suitable for wrapper in separate pile. Fold wrapper leaves into bundles for stripping.",skill/competence > sector-specific,"quality prototype of a tobacco leaf. Characteristics and properties of a tobacco leaf to grade and consider it of high, medium, or low quality product taking into account colo","assure quality of tobacco leaves. Assure quality of tobacco leaves by examining leaves for colour variations, tears, tar spots, tight grain, and size under specifications.",1,A_to_B,,Tiêu chí trong A trùng nguyên văn tiêu chí kiểm tra trong B
152,rieng_Thu,http://data.europa.eu/esco/skill/dc57f705-75b6-4232-b531-1f020afa0364__http://data.europa.eu/esco/skill/5838d780-c9fd-4b97-b9e2-2ccc64b4ce3c,food and beverage industry,"The respective industry and the processes involved in the food and beverage industry, such as raw material selection, processing, packaging, and storage.",knowledge > sector-specific,manage communications with food industry governmental bodies,"Manage communications with regulatory authorities for the food industry for all aspects of food safety, limits on potentially hazardous ingredients, labelling requirements and legislation.",skill/competence > sector-specific,"food and beverage industry. The respective industry and the processes involved in the food and beverage industry, such as raw material selection, processing, packagin","manage communications with food industry governmental bodies. Manage communications with regulatory authorities for the food industry for all aspects of food safety, limits on potentially hazardous in",3,none,,Không rõ
153,rieng_Thu,http://data.europa.eu/esco/skill/20e16be3-80b0-46bd-8b5e-ad9aa1ddf608__http://data.europa.eu/esco/skill/a1eb3da8-df3c-41d2-8d5b-4f10768a7804,water pressure,"Physical laws, qualities and applications of liquid or water pressure.",knowledge > cross-sector,select spraying pressure,"Select the optimal spraying pressure taking into account the kind of paint or primer being sprayed, the sprayed material, the spraying environment and other factors.",skill/competence > cross-sector,,,3,none,,Span trống; quan hệ thứ tự không rõ
154,rieng_Thu,http://data.europa.eu/esco/skill/dcf81972-ccc9-4e42-b2e8-7cfd9ac8eb67__http://data.europa.eu/esco/skill/7dda0798-1fb5-40ed-982a-ebd2825082b2,liaise with animal welfare agencies,Liaise with animal welfare agencies about the animal's conditions and situation in order to comply with regulations and gain insight regarding the next steps that should be taken. Negotiate an end result on how to fix the situation.,skill/competence > occupation-specific,maintain relationships with animal welfare establishments,Ensure good relations with other animal welfare establishments and agencies.,skill/competence > sector-specific,liaise with animal welfare agencies. Liaise with animal welfare agencies about the animal's conditions and situation in order to comply with regulations and gain insight regar,maintain relationships with animal welfare establishments. Ensure good relations with other animal welfare establishments and agencies.,3,none,,"Hai kỹ năng quan hệ đối tác gần nhau, không rõ chiều"
155,IAA_chung,http://data.europa.eu/esco/skill/1493ddb4-9a46-4e00-b9c8-d8e1c64e8f34__http://data.europa.eu/esco/skill/19c1237d-8760-4820-b245-9648ba7abf62,conditions for professional practice of clinical psychology,"The institutional, legal and psychosocial conditions for professional practice of clinical psychology with the aim to apply them in the exercise of the psychological profession in health care.",knowledge > sector-specific,apply clinical psychological treatment,Apply clinical psychological treatment for people of all ages and groups based on clinical psychological assessment.,skill/competence > sector-specific,"conditions for professional practice of clinical psychology. The institutional, legal and psychosocial conditions for professional practice of clinical psychology with the aim to apply them in the ex | for professional practice of clinical psychology. The institutional, legal and psychosocial conditions for professional practice of clinical psychology with the aim to apply them in the exercise of the psychological profession in health care.",apply clinical psychological treatment. Apply clinical psychological treatment for people of all ages and groups based on clinical psychological assessment.,3,none,,"Điều kiện hành nghề có thể là tiên quyết pháp lý, không phải thứ tự học"
156,rieng_Thu,http://data.europa.eu/esco/skill/4170dc71-def4-41be-9001-43fcb3ea1c29__http://data.europa.eu/esco/skill/adcde86b-023a-4865-afec-45e1c343388e,develop new bakery products,"Invent new bakery products to be developed, taking customer demands and suggestions into account.",skill/competence > occupation-specific,administer lactic ferment cultures to manufacturing products,"Add specified quantity of lactic ferment cultures to food preparations such as pasteurised milk to obtain starter for sour dairy products, such as buttermilk, cheese, and sour cream. Also, to dough making in bakery.",skill/competence > sector-specific,"develop new bakery products. Invent new bakery products to be developed, taking customer demands and suggestions into account.","administer lactic ferment cultures to manufacturing products. Add specified quantity of lactic ferment cultures to food preparations such as pasteurised milk to obtain starter for sour dairy products,",0,none,,
157,IAA_chung,http://data.europa.eu/esco/skill/574032f3-e427-49ad-8d88-2341ac6e1a7d__http://data.europa.eu/esco/skill/49fcd628-1025-4e11-9feb-a24f64d0fced,operate seismic equipment,Move seismic equipment to different locations. Utilise seismometers. Observe recording equipment in order to detect anomalies and irregularities. Process and interpret seismic data both in 2D as in 3D.,skill/competence > occupation-specific,seismic measurement techniques,Variety of seismic measurement and data-processing techniques. Seismic mapping in two or three dimensions.,knowledge > occupation-specific,operate seismic equipment. Move seismic equipment to different locations. Utilise seismometers. Observe recording equipment in order to detect anomalies and irregula,seismic measurement techniques. Variety of seismic measurement and data-processing techniques. Seismic mapping in two or three dimensions.,1,B_to_A,,Kiến thức kỹ thuật đo địa chấn → vận hành thiết bị
158,rieng_Thu,http://data.europa.eu/esco/skill/9126d3d3-dd5b-4639-a1bc-400d93ccb063__http://data.europa.eu/esco/skill/2aeadb90-7ddc-4329-9268-8d5a6bf76b99,history of dance style,"The origins, history and development of the dance styles and forms used, including current manifestations, current practices and methods of delivery in a chosen dance style.",knowledge > sector-specific,perform dances,"Perform in artistic productions of differents disciplines such as classical ballet, modern dance, contemporary dance, early dance, ethnic dance, folk dance, acrobatic dances and street dance.",skill/competence > sector-specific,,,3,none,,Span trống; quan hệ thứ tự không rõ
159,rieng_Thu,http://data.europa.eu/esco/skill/d2810e30-951b-4cfa-b7dc-06f81e5f4763__http://data.europa.eu/esco/skill/c7f7d806-9243-4200-b496-adcba53e0a8c,staple spinning machine technology,"Technologies, operations, monitoring and maintenance of machines during the yarn spinning process.",knowledge > sector-specific,tend spinning machines,Operate spinning machines keeping efficiency and productivity at high levels.,skill/competence > sector-specific,"staple spinning machine technology. Technologies, operations, monitoring and maintenance of machines during the yarn spinning process.",tend spinning machines. Operate spinning machines keeping efficiency and productivity at high levels.,1,A_to_B,,Kiến thức công nghệ máy kéo sợi → vận hành máy
160,rieng_Thu,http://data.europa.eu/esco/skill/52c3a6cf-90b1-4cba-b5b6-30561f298314__http://data.europa.eu/esco/skill/c29fed5c-f03b-4389-b110-29b6db00cd01,configure plants for food industry,"Design plants configuration, including sources and equipment for the food industry so that they can be readily adapted to suit the product range and the process technologies involved. Take environmental and economic aspects into account.",skill/competence > sector-specific,dispose non-food waste within the food industry,Dispose non-food waste within the food industry applying environmentally accepted procedures to dispose it.,skill/competence > sector-specific,"configure plants for food industry. Design plants configuration, including sources and equipment for the food industry so that they can be readily adapted to suit the product",dispose non-food waste within the food industry. Dispose non-food waste within the food industry applying environmentally accepted procedures to dispose it.,0,none,,
