stt,batch,pair_id,ky_nang_A,mo_ta_A,taxonomy_A,ky_nang_B,mo_ta_B,taxonomy_B,span_A_truoc_B,span_B_truoc_A,nhan,huong,trung_gian,ghi_chu
1,IAA_chung,http://data.europa.eu/esco/skill/4b38ae9d-28a3-467f-a8bb-88ac4696d8cf__http://data.europa.eu/esco/skill/3592e67f-fff1-4a62-9f4e-96edcfe10152,equine dental diseases,"Prevention, diagnosis and treatment of dental diseases for horses.",knowledge > sector-specific,use equine dental equipment,"Ensure that equine dental equipment is maintained to high standards, prepared and assembled ready for use, including personal protective equipment with the aim of minimising risk of transmission of animal diseases.",skill/competence > occupation-specific,"equine dental diseases. Prevention, diagnosis and treatment of dental diseases for horses.","use equine dental equipment. Ensure that equine dental equipment is maintained to high standards, prepared and assembled ready for use, including personal protective e",3,none,,B chủ yếu bảo dưỡng/lắp chuẩn bị dụng cụ và PPE để giảm lây bệnh; chưa chứng minh kiến thức chẩn đoán/điều trị bệnh răng ngựa A bắt buộc cho công việc đó.
2,rieng_Tuan,http://data.europa.eu/esco/skill/13d96098-2ff0-46b8-b326-b7c0e18cc1f1__http://data.europa.eu/esco/skill/657b4b35-7d90-4f91-be1e-be69a61e7adb,nutrition,"The science that investigates the various substances and nutrients (proteins, carbohydrates, tannins, anthocyanins, vitamins, and minerals) and their interaction in food products.",knowledge > sector-specific,support individuals on nutrition changes,Encourage and support individuals in their strive to keep realistic nutritional goals and practices in their day to day diet.,skill/competence > cross-sector,"support individuals on nutrition changes. Encourage and support individuals in their strive to keep realistic nutritional goals and practices in their day to day diet. | nutrition. The science that investigates the various substances and nutrients (proteins, carbohydrates, tannins, anthocyanins, vitamins, and minerals | ls on nutrition changes. Encourage and support individuals in their strive to keep realistic nutritional goals and practices in their day to day diet.",support individuals on nutrition changes. Encourage and support individuals in their strive to keep realistic nutritional goals and practices in their day to day diet.,3,none,,Hỗ trợ duy trì mục tiêu dinh dưỡng có thể cần kiến thức dinh dưỡng hoặc chỉ hỗ trợ mục tiêu đã được đặt; span chưa xác định vai trò và mức kiến thức bắt buộc.
3,IAA_chung,http://data.europa.eu/esco/skill/d874115e-2668-4619-a0a8-6022feb47aec__http://data.europa.eu/esco/skill/a379672f-0c83-4858-8bfc-8a68adc8030e,manufacturing of jewellery,"The manufacturing of different type of jewellery such as rings or necklaces out of various metal types such as silver, gold, diamond and other precious stones.",knowledge > sector-specific,build jewellery models,"Construct preliminary jewel models using wax, plaster or clay. Create sample castings in moulds.",skill/competence > sector-specific,,,3,none,,Hai span trống; mô tả liên quan sản xuất/mô hình trang sức nhưng chưa xác định tiên quyết hoặc kỹ năng trung gian bắt buộc.
4,IAA_chung,http://data.europa.eu/esco/skill/c8ab7e5b-b786-412f-a519-dfd93517b698__http://data.europa.eu/esco/skill/b0560439-14eb-41d1-aa53-1938efc24123,study media sources,"Study various media sources such as broadcasts, print media, and online media in order to gather inspiration for the development of creative concepts.",skill/competence > sector-specific,content marketing strategy,The process of creation and share of media and publishing content in order to acquire customers.,knowledge > cross-sector,"study media sources. Study various media sources such as broadcasts, print media, and online media in order to gather inspiration for the development of creati",content marketing strategy. The process of creation and share of media and publishing content in order to acquire customers.,0,none,,Nghiên cứu nguồn truyền thông lấy cảm hứng không phải điều kiện học kiến thức chiến lược tiếp thị nội dung; chiều ngược cũng không bắt buộc.
5,rieng_Tuan,http://data.europa.eu/esco/skill/c5d018ca-f6fa-4cc0-b209-43df46e56d48__http://data.europa.eu/esco/skill/46cb7282-7fb0-4d3c-b6b8-bfe81fab077e,analyse customer service surveys,Analyse results from surveys completed by passengers/customer. Analyse results to identify trends and draw conclusions.,skill/competence > cross-sector,draw conclusions from market research results,"Analyse, draw conclusions and present major observations from the results of market research. Suggest on potential markets, prices, target groups, or investments.",skill/competence > cross-sector,analyse customer service surveys. Analyse results from surveys completed by passengers/customer. Analyse results to identify trends and draw conclusions.,"draw conclusions from market research results. Analyse, draw conclusions and present major observations from the results of market research. Suggest on potential markets, prices, target",0,none,,Hai dạng phân tích khảo sát/nghiên cứu thị trường chồng lấn nhưng khác phạm vi; không cần thành thạo dạng này trước dạng kia.
6,IAA_chung,http://data.europa.eu/esco/skill/4c1e403a-554d-4548-8a93-3d80ec625748__http://data.europa.eu/esco/skill/997ad9db-84cc-48af-af23-a7cb4bba35a3,electroplating,"The process of plating together different types of metals through hydrolysis, silver plating, chromium plating, or copper plating. Electroplating allows for the combination of different metals with different properties in product manufacturing.",knowledge > cross-sector,monitor electroplating baths,Control the temperature and changing composition of the solution composed of different chemical components and used to cover a surface with a thin layer of metal.,skill/competence > cross-sector,"monitor electroplating baths. Control the temperature and changing composition of the solution composed of different chemical components and used to cover a surfa | electroplating. The process of plating together different types of metals through hydrolysis, silver plating, chromium plating, or copper plating. Electro | ent types of metals through hydrolysis, silver plating, chromium plating, or copper plating. Electroplating allows for the combination of different metals with different properties in product manufacturing.",monitor electroplating baths. Control the temperature and changing composition of the solution composed of different chemical components and used to cover a surface wit,1,A_to_B,,Kiến thức quá trình mạ điện cần để kiểm soát nhiệt độ/thành phần bể mạ cùng quá trình.
7,IAA_chung,http://data.europa.eu/esco/skill/db036259-fc59-4bc4-9c7f-8c414c88f2c7__http://data.europa.eu/esco/skill/c3cb7aef-952f-4278-97da-e9f7ef230e5d,prepare surface for plastering,"Prepare the wall or other surface to be plastered. Make sure the wall is free of impurities and moisture, and is not too smooth as this will prevent proper adherence of the plastering materials. Decide whether an adhesive wall coating is called for, especially if the wall is damp or very porous.",skill/competence > cross-sector,coat food products,"Cover the surface of the food product with a coating: a preparation based on sugar, chocolate, or any other product.",skill/competence > sector-specific,"prepare surface for plastering. Prepare the wall or other surface to be plastered. Make sure the wall is free of impurities and moisture, and is not too smooth as this wi","coat food products. Cover the surface of the food product with a coating: a preparation based on sugar, chocolate, or any other product.",0,none,,Chuẩn bị tường trát và phủ thực phẩm khác đối tượng; cùng thao tác phủ bề mặt không tạo tiên quyết.
8,IAA_chung,http://data.europa.eu/esco/skill/a16e3fc6-c77d-46e3-aa18-c691fed47fd1__http://data.europa.eu/esco/skill/5b1fe532-70b3-40e4-8bb3-2cad8dc2d517,freight transport methods,"The different modalities of freight transport such as air, sea, or intermodal freight transport, including the details and procedures specific to them.",knowledge > cross-sector,adjust weight of cargo to capacity of freight transport vehicles,Adapt weight of cargo to capacity of freight transport vehicles. Oversee the maximum load capacity of the vehicle in question and the weight of each individual crate in the shipment.,skill/competence > sector-specific,"freight transport methods. The different modalities of freight transport such as air, sea, or intermodal freight transport, including the details and procedures spec",adjust weight of cargo to capacity of freight transport vehicles. Adapt weight of cargo to capacity of freight transport vehicles. Oversee the maximum load capacity of the vehicle in question and the weig,3,none,,"B cần trọng lượng/sức tải xe; A là các phương thức vận tải rộng. Chưa xác định phần kiến thức A bắt buộc, không suy ra qua kỹ năng xếp hàng."
9,IAA_chung,http://data.europa.eu/esco/skill/9d74924b-bb58-4998-9112-19da9238687b__http://data.europa.eu/esco/skill/ef069fe6-305b-4452-8f7d-0c572e98effc,develop footwear and leather goods marketing plans,"Be able to develop marketing plans and provide directions for marketing strategies of the company, as well as be able to identify potential markets and to perform marketing activities to promote the footwear products of the company.",skill/competence > sector-specific,mobile marketing,"The study of marketing which uses mobile devices as a communication channel. This approach can provide potential customers with personalised information (using location or time context) which promotes products, services or ideas.",knowledge > sector-specific,"develop footwear and leather goods marketing plans. Be able to develop marketing plans and provide directions for marketing strategies of the company, as well as be able to identify potentia",mobile marketing. The study of marketing which uses mobile devices as a communication channel. This approach can provide potential customers with personalis,0,none,,"Marketing di động là một kênh tùy chọn, không bắt buộc để lập kế hoạch marketing giày/da."
10,IAA_chung,http://data.europa.eu/esco/skill/5f5e9350-1d13-4391-b9e1-07f6b2047fc5__http://data.europa.eu/esco/skill/f78877d1-99f3-4649-addc-2d09c9183a1e,e-learning,The strategies and didactical methods of learning in which the main elements include the use of ICT technologies.,knowledge > sector-specific,advise on learning methods,"Provide advice to help students study in a way that suits them best, propose different techniques such as using visual highlighting or speaking out loud, and help them draw up summaries and create learning schedules.",skill/competence > sector-specific,e-learning. The strategies and didactical methods of learning in which the main elements include the use of ICT technologies.,"advise on learning methods. Provide advice to help students study in a way that suits them best, propose different techniques such as using visual highlighting or spe",0,none,,B có thể tư vấn phương pháp học không dùng ICT; e-learning không bắt buộc trước B.
11,rieng_Tuan,http://data.europa.eu/esco/skill/400719bd-481b-4549-b634-7e03697887b3__http://data.europa.eu/esco/skill/a13c6c28-d876-4364-ac3f-450dbceae06c,inland waterway police regulations,"The rules, legal requirements, and relevant police regulations applicable to the traffic on inland waterways.",knowledge > sector-specific,implement inland water transport regulations,"Implement Inland Water Transport (IWT) regulations into practice, based on a clear understanding of full legal compliance required.",skill/competence > occupation-specific,"inland waterway police regulations. The rules, legal requirements, and relevant police regulations applicable to the traffic on inland waterways.","implement inland water transport regulations. Implement Inland Water Transport (IWT) regulations into practice, based on a clear understanding of full legal compliance required.",1,A_to_B,,B nêu rõ thực hiện quy định dựa trên hiểu biết tuân thủ pháp luật; A cung cấp quy định giao thông đường thủy.
12,rieng_Tuan,http://data.europa.eu/esco/skill/94d2c592-e580-4729-84e5-3c2aface2d30__http://data.europa.eu/esco/skill/cd7f6863-34cb-40fa-96d9-1de80b6c862b,tend botanical milling machines,Operate botanical milling machines using techniques that preserve their flavour and aroma.,skill/competence > occupation-specific,operate patternmaking machinery,"Operate various kinds of machinery and equipment involved in the production of patterns, such as drilling machines, milling machines, lathe machines, cutting machines, grinding machines, hand drills, and others.",skill/competence > occupation-specific,tend botanical milling machines. Operate botanical milling machines using techniques that preserve their flavour and aroma.,"operate patternmaking machinery. Operate various kinds of machinery and equipment involved in the production of patterns, such as drilling machines, milling machines, lath",0,none,,Nghiền thực vật và gia công mẫu khác máy/đối tượng; cùng từ milling không tạo tiên quyết.
13,rieng_Tuan,http://data.europa.eu/esco/skill/8a89f107-a773-4b0e-820f-1e83d10cc8ea__http://data.europa.eu/esco/skill/6e16c525-3985-496f-a167-a877aa659e1a,process from cacao to chocolate,"Process to transform cacao to chocolate where the seeds of the cacao tree are fermented to develop the flavour. Process from beginning to the end including the drying of the beans, cleaning and roasting, the grinding of the nibs to obtain cocoa mass and processing accordingly.",knowledge > sector-specific,control gas-fired furnace for malt roasting,Light and control gas-fired furnace that heats malt drying kilns.,skill/competence > sector-specific,process from cacao to chocolate. Process to transform cacao to chocolate where the seeds of the cacao tree are fermented to develop the flavour. Process from beginning to,control gas-fired furnace for malt roasting. Light and control gas-fired furnace that heats malt drying kilns.,0,none,,Quy trình cacao/chocolate và lò rang malt khác nguyên liệu/quy trình; không có tiên quyết.
14,IAA_chung,http://data.europa.eu/esco/skill/1a160710-2143-496f-9dae-99814e69e65c__http://data.europa.eu/esco/skill/00e895f4-b9d3-4a1a-8c36-baf10fbfb982,use textile technique for hand-made products,"Using textile technique to produce hand-made products, such as carpets, tapestry, embroidery, lace, silk screen printing, wearing apparel, etc.",skill/competence > sector-specific,manufacture wearing apparel products,"Manufacture either mass-product or bespoke wearing apparels of various types, assembling and joining together wearing apparel components using processes such as sewing, gluing, bonding. Assemble wearing apparel components using stitches, seams such as collars, sleeves, top fronts, top backs, pockets.",skill/competence > sector-specific,"use textile technique for hand-made products. Using textile technique to produce hand-made products, such as carpets, tapestry, embroidery, lace, silk screen printing, wearing apparel,","manufacture wearing apparel products. Manufacture either mass-product or bespoke wearing apparels of various types, assembling and joining together wearing apparel components u",3,none,,Hai mô tả chồng lấn ở sản xuất quần áo nhưng A bao gồm nhiều kỹ thuật thủ công không cần cho mọi cách sản xuất B; chưa xác định thứ tự học.
15,rieng_Tuan,http://data.europa.eu/esco/skill/77390acd-7cf6-4cb2-895a-16bc6b6d2058__http://data.europa.eu/esco/skill/5bf97b49-74b4-4d4d-9d07-5b51ab1cd704,wildlife,"Undomesticated animal species, as well as all plants, fungi and other organisms that grow or live wild in an area without being introduced by humans. Wildlife can be found in all ecosystems such as deserts, forests, rain forests, plains, grasslands and other areas, including the most developed urban areas, which all have distinct forms of wildlife.",knowledge > sector-specific,develop wildlife programs,Educate the public and respond to requests for aid and information about an area's wildlife.,skill/competence > occupation-specific,"develop wildlife programs. Educate the public and respond to requests for aid and information about an area's wildlife. | wildlife. Undomesticated animal species, as well as all plants, fungi and other organisms that grow or live wild in an area without being introduced | gi and other organisms that grow or live wild in an area without being introduced by humans. Wildlife can be found in all ecosystems such as deserts, forests, rain forests, plains, grasslands and other areas, including the most developed urb",develop wildlife programs. Educate the public and respond to requests for aid and information about an area's wildlife.,1,A_to_B,,B giáo dục công chúng và cung cấp thông tin về động vật hoang dã; A cung cấp kiến thức đối tượng cần giải thích.
16,IAA_chung,http://data.europa.eu/esco/skill/303a54a3-ff8a-4f29-b598-e54ce54c2b48__http://data.europa.eu/esco/skill/be48353d-25c7-4f86-bea9-7b9e248fbc6e,analyse legal evidence,"Analyse evidence, such as evidence in criminal cases, legal documentation regarding a case, or other documentation that can be regarded as evidence, in order to obtain a clear image of the case and reach resolutions.",skill/competence > cross-sector,interpret technical requirements,"Analyse, understand and apply the information provided regarding technical conditions.",skill/competence > sector-specific,"analyse legal evidence. Analyse evidence, such as evidence in criminal cases, legal documentation regarding a case, or other documentation that can be regarded as","interpret technical requirements. Analyse, understand and apply the information provided regarding technical conditions.",0,none,,Phân tích chứng cứ pháp lý và yêu cầu kỹ thuật khác mục tiêu; cùng thao tác phân tích không tạo tiên quyết.
17,IAA_chung,http://data.europa.eu/esco/skill/4309a39d-af97-4e56-8d0e-5351b7b8dd01__http://data.europa.eu/esco/skill/87da57a8-ae40-41e3-998e-f517daa95c9a,develop chemical products,"Research and create new chemicals and plastics used in the production of a variety of goods such as pharmaceuticals, textile, building materials and household products.",skill/competence > cross-sector,handling chemical products for soil and plants,"Handling chemical products for soil and plants includes cleaning the equipment used for spreading and spraying, mixing of chemicals, preparing pesticides and herbicides for spraying, preparing fertilisers for spreading.",skill/competence > cross-sector,"develop chemical products. Research and create new chemicals and plastics used in the production of a variety of goods such as pharmaceuticals, textile, building mat","handling chemical products for soil and plants. Handling chemical products for soil and plants includes cleaning the equipment used for spreading and spraying, mixing of chemicals, prepa",0,none,,Phát triển hóa chất và sử dụng hóa chất nông nghiệp khác năng lực; không cần tự phát triển hóa chất để xử lý chúng.
18,rieng_Tuan,http://data.europa.eu/esco/skill/8ad2b7ca-42c3-4bfe-939a-056a90bdd2d8__http://data.europa.eu/esco/skill/c178e14b-c76c-42bd-9e00-4db4e4d4ead2,interview parties in relation to animal welfare investigations,Conduct interviews of suspects and witnesses in relation to cases of alleged breach of animal related legislation.,skill/competence > sector-specific,inspect animal welfare management,"Monitor animal health and welfare management and husbandry, and analyse risk factors in relation to animal health, disease and welfare status.",skill/competence > sector-specific,interview parties in relation to animal welfare investigations. Conduct interviews of suspects and witnesses in relation to cases of alleged breach of animal related legislation.,"inspect animal welfare management. Monitor animal health and welfare management and husbandry, and analyse risk factors in relation to animal health, disease and welfare sta",0,none,,Phỏng vấn vụ vi phạm và kiểm tra quản lý phúc lợi động vật là kỹ năng riêng; không bắt buộc học một kỹ năng trước kỹ năng kia.
19,IAA_chung,http://data.europa.eu/esco/skill/d3e63bd9-cc29-4e46-92b1-c2b6fa491624__http://data.europa.eu/esco/skill/3818c3ab-c20b-404e-b59b-09ef2d34c263,principles of cargo stowage,"The principles of cargo stowage. The procedures by which containers should be efficiently loaded and unloaded, taking into account gravitational forces that are exerted during transportation.",knowledge > sector-specific,secure cargo in stowage,Secure cargo stowage with basic knowledge of stowing methods; ensure efficient and safe transport of goods.,skill/competence > sector-specific,"principles of cargo stowage. The principles of cargo stowage. The procedures by which containers should be efficiently loaded and unloaded, taking into account gravita",secure cargo in stowage. Secure cargo stowage with basic knowledge of stowing methods; ensure efficient and safe transport of goods.,1,A_to_B,,B yêu cầu kiến thức cơ bản về phương pháp xếp hàng; A cung cấp nguyên tắc và tác động trọng lực tương ứng.
20,IAA_chung,http://data.europa.eu/esco/skill/ee6cf279-3609-4fcd-a6bd-c9da3757f027__http://data.europa.eu/esco/skill/21946b7e-7d3e-4ac8-b0c5-4734764f65a8,pultrusion process,"The process where a cluster of fibre is coated in resin and forced through a mold, then cured with heat to produce a fibre-reinforced polymer.",knowledge > occupation-specific,feed glass fibre into pultrusion machine,Make sure the glass fibre material is taken in by the pultrusion machine without jams or defects.,skill/competence > occupation-specific,"pultrusion process. The process where a cluster of fibre is coated in resin and forced through a mold, then cured with heat to produce a fibre-reinforced poly",feed glass fibre into pultrusion machine. Make sure the glass fibre material is taken in by the pultrusion machine without jams or defects.,1,A_to_B,,"Hiểu quá trình pultrusion là nền tảng cấp sợi vào đúng máy, nhận biết kẹt/lỗi cùng quá trình; suy luận kiến thức → thao tác."
21,rieng_Tuan,http://data.europa.eu/esco/skill/9328d71d-e46c-47ff-b48a-af0da294d4f4__http://data.europa.eu/esco/skill/934226ed-71a3-4970-9f78-abb6a7b4d30d,european classification of inland waterways,The European classification of inland waterways and the related regulatory framework.,knowledge > sector-specific,navigate European inland waterways,Navigate European waterways in accordance with navigation agreements.,skill/competence > sector-specific,european classification of inland waterways. The European classification of inland waterways and the related regulatory framework.,navigate European inland waterways. Navigate European waterways in accordance with navigation agreements.,1,A_to_B,,B điều hướng đường thủy châu Âu theo thỏa thuận; A cung cấp phân loại và khung quy định áp dụng cùng hệ đường thủy.
22,IAA_chung,http://data.europa.eu/esco/skill/574032f3-e427-49ad-8d88-2341ac6e1a7d__http://data.europa.eu/esco/skill/49fcd628-1025-4e11-9feb-a24f64d0fced,operate seismic equipment,Move seismic equipment to different locations. Utilise seismometers. Observe recording equipment in order to detect anomalies and irregularities. Process and interpret seismic data both in 2D as in 3D.,skill/competence > occupation-specific,seismic measurement techniques,Variety of seismic measurement and data-processing techniques. Seismic mapping in two or three dimensions.,knowledge > occupation-specific,operate seismic equipment. Move seismic equipment to different locations. Utilise seismometers. Observe recording equipment in order to detect anomalies and irregula,seismic measurement techniques. Variety of seismic measurement and data-processing techniques. Seismic mapping in two or three dimensions.,1,B_to_A,,"A vận hành, xử lý và diễn giải dữ liệu địa chấn 2D/3D; B cung cấp kỹ thuật đo/xử lý/lập bản đồ đó."
23,rieng_Tuan,http://data.europa.eu/esco/skill/493b20c2-c435-449a-896e-0af057c41fef__http://data.europa.eu/esco/skill/d4fb21d4-7cb5-4974-982b-2da386b30338,film production process,"The various development stages of making a film, such as scriptwriting, financing, shooting, editing, and distribution.",knowledge > sector-specific,make film shooting schedule,"Decide when the shooting will start on each location, how long it will take, and when to move to another location.",skill/competence > sector-specific,"film production process. The various development stages of making a film, such as scriptwriting, financing, shooting, editing, and distribution.","make film shooting schedule. Decide when the shooting will start on each location, how long it will take, and when to move to another location.",3,none,,Hiểu các giai đoạn làm phim có thể hỗ trợ lập lịch quay; span không chứng minh toàn bộ A bắt buộc trước việc lập lịch từng địa điểm.
24,IAA_chung,http://data.europa.eu/esco/skill/fe1c2b32-7fe9-4668-affa-07ff658a68cf__http://data.europa.eu/esco/skill/7e1f9657-ab4e-407c-842f-b846197060e3,identify ICT security risks,"Apply methods and techniques to identify potential security threats, security breaches and risk factors using ICT tools for surveying ICT systems, analysing risks, vulnerabilities and threats and evaluating contingency plans.",skill/competence > sector-specific,execute ICT audits,"Organise and execute audits in order to evaluate ICT systems, compliance of components of systems, information processing systems and information security. Identify and collect potential critical issues and recommend solutions based on required standards and solutions.",skill/competence > sector-specific,"identify ICT security risks. Apply methods and techniques to identify potential security threats, security breaches and risk factors using ICT tools for surveying ICT","execute ICT audits. Organise and execute audits in order to evaluate ICT systems, compliance of components of systems, information processing systems and info",3,none,,Nhận diện rủi ro bảo mật có thể cần cho phần an ninh của kiểm toán; span chưa xác định kiểm toán nào bắt buộc thực hiện đầy đủ A.
25,rieng_Tuan,http://data.europa.eu/esco/skill/3120b759-2707-4d88-bfbd-71c95460d62c__http://data.europa.eu/esco/skill/5f08fb30-a657-44d4-988e-13f84801936b,trade sector policies,"The public administration and regulatory aspects of the wholesale and retail trade sector, and requirements necessary to create policies.",knowledge > sector-specific,develop trade policies,Develop strategies which support economic growth and facilitate productive trade relations both nationally and internationally.,skill/competence > sector-specific,"trade sector policies. The public administration and regulatory aspects of the wholesale and retail trade sector, and requirements necessary to create policies.",develop trade policies. Develop strategies which support economic growth and facilitate productive trade relations both nationally and internationally.,1,A_to_B,,A mô tả cả yêu cầu cần để tạo chính sách thương mại; B phát triển chính sách trong lĩnh vực đó.
26,IAA_chung,http://data.europa.eu/esco/skill/25410a05-6907-4a4e-ab99-f2ace65fdfce__http://data.europa.eu/esco/skill/ea3f280c-ec1c-41dd-910a-1ae3c3d0eeb6,ink printing plates,"Cover the plate with a thin coat of water and apply oil-based inks with a rubber roller, repelling and sticking the ink to the image area. This image can then further be transferred to paper in various printing processes.",skill/competence > sector-specific,offset printing,"Technological printing process where the ink is spread onto a plate with etched images, then to a rubber blanket, and finally onto the target medium, usually paper. This method is used for mass printing on large scales.",knowledge > sector-specific,"ink printing plates. Cover the plate with a thin coat of water and apply oil-based inks with a rubber roller, repelling and sticking the ink to the image area.","offset printing. Technological printing process where the ink is spread onto a plate with etched images, then to a rubber blanket, and finally onto the tar",1,B_to_A,,"A phủ nước/mực lên bản in; B mô tả nguyên lý in offset tương ứng. Gán hướng kiến thức B → thao tác A, không gán thao tác → kiến thức."
27,rieng_Tuan,http://data.europa.eu/esco/skill/e31ff919-3923-481d-82b5-2008a695710a__http://data.europa.eu/esco/skill/84bdef0f-b989-4f9e-84ef-40306f20cfbb,features of sporting equipment,"Types of sporting, fitness and recreational equipment and sporting supplies and their characteristics.",knowledge > sector-specific,supervise maintenance of sport facilities,Ensure sport equipment and facilities are properly checked and maintained. It also covers supervising major and minor repairs and improvements to equipment and facilities.,skill/competence > occupation-specific,,,3,none,,Hai span trống; kiến thức thiết bị có thể hỗ trợ giám sát bảo trì nhưng chưa đủ bằng chứng để gán trực tiếp/bắc cầu.
28,rieng_Tuan,http://data.europa.eu/esco/skill/d11fd23b-ad01-4f12-85f4-e0d2ed16d5af__http://data.europa.eu/esco/skill/6c6dbc9f-5607-4fba-b831-8c814dc71cd6,functional properties of foods,"Structure, quality, nutritional value and/or acceptability of a food product. A food functional property is determined by physical, chemical and/or organoleptic properties of a food. Examples of a functional property may include solubility, absorption, water retention, frothing ability, elasticity, and absorptive capacity for fats and foreign particles.",knowledge > sector-specific,evaluate nutritional value of feeds,"Evaluate the chemical and nutritional value of feeds, feed supplements, grass and forage for commercial animals.",skill/competence > occupation-specific,"functional properties of foods. Structure, quality, nutritional value and/or acceptability of a food product. A food functional property is determined by physical, chemic","evaluate nutritional value of feeds. Evaluate the chemical and nutritional value of feeds, feed supplements, grass and forage for commercial animals.",3,none,,"Kiến thức giá trị dinh dưỡng thực phẩm có thể hỗ trợ đánh giá thức ăn vật nuôi, nhưng các tính chất chức năng rộng không được chứng minh bắt buộc."
29,rieng_Tuan,http://data.europa.eu/esco/skill/c4b626c1-e71c-44ec-9f88-042766f37fcc__http://data.europa.eu/esco/skill/be0ff6d8-5e61-4021-9c89-e40cf0b75cc6,application usability,"The process through which the learnability, efficiency, usefulness and ease of use of a software application can be defined and measured.",knowledge > sector-specific,measure software usability,Check the convenience of the software product for the end user. Identify user problems and make adjustments to improve usability practice. Collect input data on how users evaluate software products.,skill/competence > sector-specific,,,3,none,,"Hai span trống; mô tả gần đồng nghĩa về định nghĩa/đo độ khả dụng, chưa xác định quan hệ tiên quyết riêng."
30,rieng_Tuan,http://data.europa.eu/esco/skill/bb992d83-2d7d-4618-9109-0f0e04881a8e__http://data.europa.eu/esco/skill/680f271f-4a7e-410a-aaaf-4f42c8f48251,food product ingredients,Technical features of the formulation of ingredients for food products.,knowledge > sector-specific,administer ingredients in food production,Ingredients to be added and the required amounts according to the recipe and the way those ingredients are to be administered.,skill/competence > sector-specific,food product ingredients. Technical features of the formulation of ingredients for food products.,administer ingredients in food production. Ingredients to be added and the required amounts according to the recipe and the way those ingredients are to be administered.,1,A_to_B,,Kiến thức thành phần/công thức A cần cho lựa chọn lượng và cách bổ sung thành phần B.
31,IAA_chung,http://data.europa.eu/esco/skill/68e66ed6-a171-4350-8ec1-2cfc4cae50e4__http://data.europa.eu/esco/skill/8eebf05f-4495-4fd5-b1f0-cb85750295be,hydraulics,The power transmission systems that use the force of flowing liquids to transmit power.,knowledge > cross-sector,maintain hydraulic systems,Perform routine maintenance and repairs on systems which use pressurised fluids to provide power to machines and equipment.,skill/competence > cross-sector,,,3,none,,"Hai span trống; mô tả cùng hệ thủy lực nhưng không dùng sự gần nhãn để gán 1, cũng chưa có trung gian bắt buộc."
32,rieng_Tuan,http://data.europa.eu/esco/skill/53f5e93b-a7f7-4315-9130-857bd62e6ee4__http://data.europa.eu/esco/skill/a6145363-e52f-4f82-bac7-800fb268e54c,applied music therapy,"The manifestations, symptoms and causes of illnesses and how they can be treated through music therapy.",knowledge > occupation-specific,apply music therapy assessment methods,Apply specific music therapy procedures and methods for client evaluation and possible preliminary diagnosis.,skill/competence > sector-specific,"applied music therapy. The manifestations, symptoms and causes of illnesses and how they can be treated through music therapy.",apply music therapy assessment methods. Apply specific music therapy procedures and methods for client evaluation and possible preliminary diagnosis.,1,A_to_B,,A cung cấp triệu chứng/nguyên nhân và ứng dụng trị liệu âm nhạc; B áp dụng phương pháp đánh giá/chẩn đoán sơ bộ cùng lĩnh vực.
33,IAA_chung,http://data.europa.eu/esco/skill/da34f93c-c75d-49a6-9f8a-4ca2ac450694__http://data.europa.eu/esco/skill/11dc8e6b-dffa-42e4-9de1-c47293a848ff,control glass fibres flow,"Control and adjust the parameters to maintain the appropriate pressure, temperature and flow rate of the molten fibreglass through the spray jets.",skill/competence > occupation-specific,operate pumping equipment,"Operate pumping equipment and control oil and gas pumping systems. Manipulate control panels to adjust pressure and temperature, as well as to direct product flow rate and to monitor liquid circulation in petroleum refinery. Oversee gas and oil transport from wellheads to refineries or storage facilities.",skill/competence > sector-specific,"control glass fibres flow. Control and adjust the parameters to maintain the appropriate pressure, temperature and flow rate of the molten fibreglass through the spr","operate pumping equipment. Operate pumping equipment and control oil and gas pumping systems. Manipulate control panels to adjust pressure and temperature, as well a",0,none,,Điều khiển dòng sợi thủy tinh và bơm dầu/khí khác đối tượng/hệ thống.
34,IAA_chung,http://data.europa.eu/esco/skill/705f5906-9b08-4562-9544-46f6ab944a7e__http://data.europa.eu/esco/skill/22fedbdc-8103-4ade-9c83-f0f861c8b900,forest conservation,The practice of planting and maintaining forested areas for preserving and protecting forests and the environment.,knowledge > cross-sector,maintain forest inventory,Recognise growing crops in forests and woodlands. Record their numbers in a formal inventory. Take measures applying the appropriate techniques.,skill/competence > sector-specific,forest conservation. The practice of planting and maintaining forested areas for preserving and protecting forests and the environment.,maintain forest inventory. Recognise growing crops in forests and woodlands. Record their numbers in a formal inventory. Take measures applying the appropriate techn,3,none,,Kiến thức bảo tồn rừng có thể hỗ trợ kiểm kê; span B yêu cầu nhận diện/ghi số lượng chứ không xác lập A bắt buộc trước.
35,rieng_Tuan,http://data.europa.eu/esco/skill/2f1a7c08-e148-45e8-a258-44174a7becc5__http://data.europa.eu/esco/skill/196e6fb8-cc19-4045-92d8-02d52c60e328,hear legal arguments,"Hear legal arguments presented during a court hearing or other context in which legal cases are handled and decided upon, in a manner which provides both sides equal opportunity to present their arguments, and making a decision based on the arguments in an honest and impartial manner.",skill/competence > sector-specific,supervise court hearings,"Supervise the procedures during a court hearing to ensure they are compliant with regulations, occur in an orderly and honest manner, and to ensure that no moral or ethical boundaries are crossed during questioning or the presentation of legal arguments.",skill/competence > sector-specific,"hear legal arguments. Hear legal arguments presented during a court hearing or other context in which legal cases are handled and decided upon, in a manner whic","supervise court hearings. Supervise the procedures during a court hearing to ensure they are compliant with regulations, occur in an orderly and honest manner, and",3,none,,Nghe/đánh giá lập luận và giám sát trình tự phiên tòa có thể phối hợp; chưa rõ năng lực nào cần trước hoặc có thể học độc lập.
36,rieng_Tuan,http://data.europa.eu/esco/skill/6fa1c2c0-a012-4ca0-9642-e01569ba322c__http://data.europa.eu/esco/skill/7f0b1a66-ebaf-4c8a-b606-4c1844eb692e,ICT system integration,"The principles of integrating ICT components and products from a number of sources to create an operational ICT system, techniques which ensure interoperability and interfaces between components and the system.",knowledge > sector-specific,attend to ICT systems quality,"Ensure correct operations which comply fully with specific needs and outcomes in terms of the development, integration, security and overall management of ICT systems.",skill/competence > sector-specific,"ICT system integration. The principles of integrating ICT components and products from a number of sources to create an operational ICT system, techniques which e","attend to ICT systems quality. Ensure correct operations which comply fully with specific needs and outcomes in terms of the development, integration, security and overa",1,A_to_B,,B bảo đảm chất lượng cả tích hợp hệ thống; A cung cấp nguyên tắc tương tác/giao diện cần đánh giá phần tích hợp.
37,IAA_chung,http://data.europa.eu/esco/skill/439e7bd6-3898-4579-941f-0ebb1e8e644f__http://data.europa.eu/esco/skill/37ba5509-9665-4947-a5ae-f124d5769473,strain paper on mould,"Adjust the paper to the size of the frame and insert a cover paper screen and grid on top of it. Strain the whole, and dump the paper pulp in the opening of the 'mould and deckle'. Distribute the paper pulp, let the water drain out on a metal sheet or cover and remove the mould without the grid.",skill/competence > occupation-specific,make paper slurry,Create paper slurry or pulp from recycled or used paper with water in mixers and blenders or other equipment. Add colors by adding papers in different colors.,skill/competence > occupation-specific,"strain paper on mould. Adjust the paper to the size of the frame and insert a cover paper screen and grid on top of it. Strain the whole, and dump the paper pulp",make paper slurry. Create paper slurry or pulp from recycled or used paper with water in mixers and blenders or other equipment. Add colors by adding papers,3,none,,"B tạo bột giấy, A dùng bột giấy; nguồn không yêu cầu người tạo hình phải tự biết tạo bột. Đầu vào vật chất có trước chưa đủ chứng minh tiên quyết kỹ năng."
38,rieng_Tuan,http://data.europa.eu/esco/skill/21d2f96d-35f7-4e3f-9745-c533d2dd6e97__http://data.europa.eu/esco/skill/3cd569a2-4f88-4c1e-9995-8dce8c5e51a7,computer programming,"The techniques and principles of software development, such as analysis, algorithms, coding, testing and compiling of programming paradigms (e.g. object oriented programming, functional programming) and of programming languages.",knowledge > cross-sector,JavaScript,"The techniques and principles of software development, such as analysis, algorithms, coding, testing and compiling of programming paradigms in JavaScript.",knowledge > sector-specific,"computer programming. The techniques and principles of software development, such as analysis, algorithms, coding, testing and compiling of programming paradigm","JavaScript. The techniques and principles of software development, such as analysis, algorithms, coding, testing and compiling of programming paradigm | ent, such as analysis, algorithms, coding, testing and compiling of programming paradigms in JavaScript.",0,none,,"Kiến thức lập trình chung và JavaScript là quan hệ khái quát–chuyên biệt; có thể học nguyên lý trong JavaScript, không bắt buộc hoàn tất A riêng trước."
39,IAA_chung,http://data.europa.eu/esco/skill/604671e1-89a6-42a0-a3a2-075e52899131__http://data.europa.eu/esco/skill/75719644-f285-4060-b42b-9ed9c4a70375,laboratory methods in biomedical sciences,"The types, characteristics and procedures of laboratory techniques used for a wide range of medical tests such as serological tests.",knowledge > cross-sector,validate biomedical analysis results,"Clinically validate the results of the biomedical analysis, according to the expertise and authorization level.",skill/competence > sector-specific,,,3,none,,"Hai span trống; chưa xác định phương pháp xét nghiệm nào cần cho xác nhận kết quả, không tự dựng trung gian phân tích xét nghiệm."
40,rieng_Tuan,http://data.europa.eu/esco/skill/2ad48f69-f54e-40c6-84ba-0e01e3aac4ab__http://data.europa.eu/esco/skill/a8604296-8796-40e9-aa42-3f4f1b0b252d,instructions of aerodrome operations,"The labels, signs and instructions for the supervision of airport operations.",knowledge > occupation-specific,address potential aerodrome hazards,"Address potential aerodrome hazards such as foreign objects, debris, and wildlife interference.",skill/competence > sector-specific,"instructions of aerodrome operations. The labels, signs and instructions for the supervision of airport operations.","address potential aerodrome hazards. Address potential aerodrome hazards such as foreign objects, debris, and wildlife interference.",3,none,,"Hiểu chỉ dẫn sân bay có thể cần cho xử lý nguy cơ, nhưng span chưa liên kết loại chỉ dẫn với thủ tục xử lý bắt buộc."
41,rieng_Tuan,http://data.europa.eu/esco/skill/e574c14e-eeb2-4db7-b7ce-a1b46d98f42b__http://data.europa.eu/esco/skill/45da162b-c721-4282-983a-9c29293a96fc,install lift controller,"Install the lift controller, which processes and transmits lift control signals to the motor, in the machine room at the top of the shaft. Connect it to the hoist motor, a source of electricity, and the control input signal wires.",skill/competence > cross-sector,install lift shaft support equipment,"Securely install the necessary equipment to guide the movement of a lift in the shaft, and to facilitate maintenance. Attach rails to the sides of the shaft to guide the movement of the car. Install service ladders for maintenance and emergency purposes.",skill/competence > cross-sector,"install lift controller. Install the lift controller, which processes and transmits lift control signals to the motor, in the machine room at the top of the shaft.","install lift shaft support equipment. Securely install the necessary equipment to guide the movement of a lift in the shaft, and to facilitate maintenance. Attach rails to the",0,none,,"Lắp bộ điều khiển và ray/thiết bị hỗ trợ thang máy có thể theo thứ tự thi công, nhưng không chứng minh kỹ năng này phải thành thạo trước kỹ năng kia."
42,rieng_Tuan,http://data.europa.eu/esco/skill/b215031a-dd21-48b1-a998-75d6373838d8__http://data.europa.eu/esco/skill/75dfe1ee-5935-42ce-b820-697f827825c3,communicate with customer service department,Communicate with customer service in a transparent and collaborative manner; monitor how service is operating; relay real-time information to customers.,skill/competence > sector-specific,maintain customer service,Keep the highest possible customer service and make sure that the customer service is at all times performed in a professional way. Help customers or participants feel at ease and support special requirements.,skill/competence > cross-sector,communicate with customer service department. Communicate with customer service in a transparent and collaborative manner; monitor how service is operating; relay real-time information,maintain customer service. Keep the highest possible customer service and make sure that the customer service is at all times performed in a professional way. Help c,0,none,,"Trao đổi với bộ phận CSKH có thể hỗ trợ chất lượng dịch vụ, không bắt buộc cho mọi cách cung cấp dịch vụ khách hàng."
43,rieng_Tuan,http://data.europa.eu/esco/skill/efe9be37-2433-4b58-95f4-283f2c048104__http://data.europa.eu/esco/skill/905b6acd-377b-46b9-9d80-e47e9ca789ca,advise on participation in financial markets,"Consult and provide guidance on the legal changes the company has to undergo in order to participate in the financial market such as writing dividend policies, defining the ownership and structure of the company, and the compliance with the standards set by organisms regulating the market the company is entering to.",skill/competence > cross-sector,financial markets,The financial infrastructure which permits trading securities offered by companies and individuals govern by regulatory financial frameworks.,knowledge > cross-sector,advise on participation in financial markets. Consult and provide guidance on the legal changes the company has to undergo in order to participate in the financial market such as writi,advise on participation in financial markets. Consult and provide guidance on the legal changes the company has to undergo in order to participate in the financial market such as writi | financial markets. The financial infrastructure which permits trading securities offered by companies and individuals govern by regulatory financial framewor,1,B_to_A,,A tư vấn điều kiện pháp lý tham gia thị trường tài chính; B cung cấp hiểu biết thị trường và khung quy định đó.
44,rieng_Tuan,http://data.europa.eu/esco/skill/5f5e9350-1d13-4391-b9e1-07f6b2047fc5__http://data.europa.eu/esco/skill/4c5d616e-f6d8-4fb4-8ce6-89a4b048b916,e-learning,The strategies and didactical methods of learning in which the main elements include the use of ICT technologies.,knowledge > sector-specific,create training materials,Develop and compile training items and resources according to didactical methods and training needs and using specific types of media.,skill/competence > cross-sector,,,3,none,,Hai span trống; tạo tài liệu đào tạo không được giới hạn ở e-learning nên chưa chứng minh kiến thức e-learning bắt buộc.
45,IAA_chung,http://data.europa.eu/esco/skill/3a5275f4-67e5-4371-a31e-68291aa86691__http://data.europa.eu/esco/skill/ec7ec825-4d6d-4cd1-9993-a96c479e049e,vehicle electrical systems,"The vehicle electrical systems, including components such as the battery, starter, and alternator. The battery provides energy to the starter. The alternator provides the battery the energy it requires to power the vehicle.",knowledge > sector-specific,maintain vehicle electrical equipment,"Maintain and repair electrical equipment, switchboards, electric motors, generators and other electrical and electronic devices used in vehicles. Detect electric malfunctions, locate faults, and take measures to prevent damage. Operate electrical testing and measuring equipment. Interpret electrical and simple electronic diagrams.",skill/competence > occupation-specific,"vehicle electrical systems. The vehicle electrical systems, including components such as the battery, starter, and alternator. The battery provides energy to the star","maintain vehicle electrical equipment. Maintain and repair electrical equipment, switchboards, electric motors, generators and other electrical and electronic devices used in ve",1,A_to_B,,"A cung cấp thành phần và hoạt động hệ điện xe; B chẩn đoán, bảo dưỡng và sửa chính hệ đó."
46,IAA_chung,http://data.europa.eu/esco/skill/b5a7c34c-96f4-4136-9c6c-96a4d0f1df37__http://data.europa.eu/esco/skill/5e1ae060-3827-403b-b875-2f45a054ce03,methods of drying timber,"Be acquainted with methods of chamber drying timber, such as air and artificial drying.",knowledge > occupation-specific,acclimatise timber,"Acclimatise wooden materials to make sure they will not change size after installation, which may cause damage or produce an otherwise inadequate result. Leave the material in climatic circumstances very similar to those in the location where they will be used. Allow several days for the wood to acclimatise, depending on the type and circumstances.",skill/competence > cross-sector,,,0,none,,"Hai span trống; làm khô trong buồng và thích nghi gỗ với khí hậu sử dụng là hai quá trình khác, không có thứ tự học bắt buộc."
47,rieng_Tuan,http://data.europa.eu/esco/skill/901360e7-81ff-408c-8f0a-cc18c2cef1dd__http://data.europa.eu/esco/skill/2aeeacd6-eb3d-4ace-a6f3-ef3e5fdb7978,manufacturing of fur products,"The process required to produce fur products, from choosing pelts, the techniques depending on the pelt, the chemicals for preservation and treatment, and the handling during the manufacturing process.",knowledge > sector-specific,manufacture nonwoven staple products,"Perform the operation, monitoring and maintenance of machines and processes to manufacture nonwoven staple products, keeping efficiency and productivity at high levels.",skill/competence > sector-specific,,,0,none,,Hai span trống; sản xuất lông thú và sản xuất vải không dệt staple khác vật liệu/công nghệ.
48,IAA_chung,http://data.europa.eu/esco/skill/7ee4c2ea-b349-4bd2-81a3-ec31475d4833__http://data.europa.eu/esco/skill/382c11ed-20d5-4ae7-b60e-15fec527fa6c,statistics,"The study of statistical theory, methods and practices such as collection, organisation, analysis, interpretation and presentation of data. It deals with all aspects of data including the planning of data collection in terms of the design of surveys and experiments in order to forecast and plan work-related activities.",knowledge > cross-sector,apply statistical analysis techniques,"Use models (descriptive or inferential statistics) and techniques (data mining or machine learning) for statistical analysis and ICT tools to analyse data, uncover correlations and forecast trends.",skill/competence > cross-sector,"apply statistical analysis techniques. Use models (descriptive or inferential statistics) and techniques (data mining or machine learning) for statistical analysis and ICT tools to analyse data, uncover correlations and forecast | statistics. The study of statistical theory, methods and practices such as collection, organisation, analysis, interpretation and presentation of data",apply statistical analysis techniques. Use models (descriptive or inferential statistics) and techniques (data mining or machine learning) for statistical analysis and ICT tools,1,A_to_B,,B dùng mô hình/phương pháp thống kê; A cung cấp lý thuyết và phương pháp cần áp dụng trực tiếp.
49,rieng_Tuan,http://data.europa.eu/esco/skill/5b1c2df7-93aa-4b7a-ae13-9f84cff79ba4__http://data.europa.eu/esco/skill/dbdafb2b-c6ab-451e-abe3-81bd73994394,describe artistic experience,Take into consideration other areas of expertise or experience and identify elements relevant to your artistic approach.,skill/competence > sector-specific,manage artistic career,Present and promote one's artistic approach and position one's work in target markets.,skill/competence > sector-specific,describe artistic experience. Take into consideration other areas of expertise or experience and identify elements relevant to your artistic approach.,manage artistic career. Present and promote one's artistic approach and position one's work in target markets.,3,none,,Nhận diện cách tiếp cận nghệ thuật có thể giúp tự giới thiệu/promote; span không xác định phải thành thạo kỹ năng A trước B.
50,IAA_chung,http://data.europa.eu/esco/skill/0b071b01-4b40-4936-9d6d-d8c5609481b4__http://data.europa.eu/esco/skill/48d73e89-b231-4bb4-9f3c-5c900a1e37a1,identify support mechanisms to develop your professional practice,Identify sources of support to develop your professional practice. Stay aware of current trends in funding that could support you to finance your professional development.,skill/competence > occupation-specific,manage personal professional development in sport,"Take responsibility for developing own knowledge, skills and competence to meet the current and future requirements of the work and to support personal and career development in sport.",skill/competence > sector-specific,identify support mechanisms to develop your professional practice. Identify sources of support to develop your professional practice. Stay aware of current trends in funding that could support you to finan,"manage personal professional development in sport. Take responsibility for developing own knowledge, skills and competence to meet the current and future requirements of the work and to sup",0,none,,"Tìm nguồn hỗ trợ/tài trợ là một phương án phát triển nghề nghiệp, không bắt buộc trước tự quản lý phát triển trong thể thao."
51,rieng_Tuan,http://data.europa.eu/esco/skill/96ae5ab6-d696-4d4f-be1c-d02e722c6f55__http://data.europa.eu/esco/skill/75b3de5a-631e-4f03-be48-3808397dc165,apply grammar and spelling rules,Apply the rules of spelling and grammar and ensure consistency throughout texts.,skill/competence > cross-sector,apply publicity code,"Apply legislation and rules to present products to a public in texts, pictures and other symbols.",skill/competence > occupation-specific,apply grammar and spelling rules. Apply the rules of spelling and grammar and ensure consistency throughout texts.,"apply publicity code. Apply legislation and rules to present products to a public in texts, pictures and other symbols.",0,none,,Tuân thủ chính tả/ngữ pháp và áp dụng luật quảng bá là yêu cầu độc lập; B còn áp dụng cho hình ảnh/ký hiệu.
52,IAA_chung,http://data.europa.eu/esco/skill/a4bead49-86a0-4849-8b6a-77cdcc157808__http://data.europa.eu/esco/skill/51927003-a757-4552-804f-c045e21fdaf2,manufacturer's instructions for audiovisual equipment,"Manufacturer's instructions required to install audio and video equipment, as specified in the user's manual.",knowledge > sector-specific,set up audiovisual peripheral equipment,"Set up audiovisual peripheral equipment such as tripods, cables, microphones, monitors, and others.",skill/competence > cross-sector,"manufacturer's instructions for audiovisual equipment. Manufacturer's instructions required to install audio and video equipment, as specified in the user's manual.","set up audiovisual peripheral equipment. Set up audiovisual peripheral equipment such as tripods, cables, microphones, monitors, and others.",1,A_to_B,,A nêu hướng dẫn cần để lắp thiết bị audio/video; B lắp các thiết bị ngoại vi audio/video tương ứng.
53,IAA_chung,http://data.europa.eu/esco/skill/a1bbc0e9-58d1-4bbc-bf68-de5679bef07f__http://data.europa.eu/esco/skill/88ba6ce6-d285-49ef-80db-07ecfaec03db,outdoor advertising,"Types and characteristics of advertising performed in the public domain such as on street furniture, public transportation vehicles, stations and airports and on billboards.",knowledge > sector-specific,examine advertisement layout,Examine and approve the layout of advertisements to ensure that they are according to customer and target audience requirements and specifications.,skill/competence > cross-sector,,,3,none,,Hai span trống; kiểm tra bố cục quảng cáo không được giới hạn ở quảng cáo ngoài trời.
54,rieng_Tuan,http://data.europa.eu/esco/skill/69554db4-90aa-4b97-bd4d-3cba4b658bed__http://data.europa.eu/esco/skill/2aeadb90-7ddc-4329-9268-8d5a6bf76b99,link between dance and music style,The relation of a practiced dance style with music structure and musicians.,knowledge > sector-specific,perform dances,"Perform in artistic productions of differents disciplines such as classical ballet, modern dance, contemporary dance, early dance, ethnic dance, folk dance, acrobatic dances and street dance.",skill/competence > sector-specific,link between dance and music style. The relation of a practiced dance style with music structure and musicians.,"perform dances. Perform in artistic productions of differents disciplines such as classical ballet, modern dance, contemporary dance, early dance, ethnic",3,none,,"Hiểu quan hệ nhạc–múa có thể cần cho một hình thức biểu diễn, nhưng span không xác định phần bắt buộc cho phạm vi B."
55,IAA_chung,http://data.europa.eu/esco/skill/d04e4bde-05fa-499c-9237-1fe5e4560525__http://data.europa.eu/esco/skill/ef1e63c9-f8c1-46ad-8c74-3cea311c9377,secondary school procedures,"The inner workings of a secondary school, such as the structure of the relevant education support and management, the policies, and the regulations.",knowledge > cross-sector,special needs education,"The teaching methods, equipment and settings used to support students with special needs in achieving succes in school or community.",knowledge > cross-sector,"secondary school procedures. The inner workings of a secondary school, such as the structure of the relevant education support and management, the policies, and the re","special needs education. The teaching methods, equipment and settings used to support students with special needs in achieving succes in school or community.",0,none,,Quy trình trường THCS và phương pháp giáo dục đặc biệt không có thứ tự học bắt buộc được mô tả.
56,IAA_chung,http://data.europa.eu/esco/skill/27536739-c38b-45d2-9e96-1573b1d32fdd__http://data.europa.eu/esco/skill/07dcecd9-b629-40cf-aea9-dbd62e77f841,use packaging equipment,"Use fastening and packaging tools such as plastic strapping, applicators and adhesives, marking and labelling equipment, and tape.",skill/competence > sector-specific,use snow-removal equipment,"Use equipment such as shovels, snow rakes, snow blowers, ladders or aerial lifts to remove snow from various structures such as rooftops and other building structures and public spaces.",skill/competence > sector-specific,"use packaging equipment. Use fastening and packaging tools such as plastic strapping, applicators and adhesives, marking and labelling equipment, and tape.","use snow-removal equipment. Use equipment such as shovels, snow rakes, snow blowers, ladders or aerial lifts to remove snow from various structures such as rooftops a",0,none,,Thiết bị đóng gói và thiết bị dọn tuyết khác công việc/đối tượng.
57,rieng_Tuan,http://data.europa.eu/esco/skill/359b5031-74da-418f-bd97-6f4e66eb9851__http://data.europa.eu/esco/skill/b7e543e5-3f3e-4f01-8c45-8f872d09bf09,printing on large scale machines,"Methods, processes, and restrictions related to printing on machines that produce large quantities and sizes of graphic print materials.",knowledge > sector-specific,prepare offset printing machine,"Adjust, set, and prepare machines for offset printing by calibrating each part of the machine.",skill/competence > cross-sector,"printing on large scale machines. Methods, processes, and restrictions related to printing on machines that produce large quantities and sizes of graphic print materials.","prepare offset printing machine. Adjust, set, and prepare machines for offset printing by calibrating each part of the machine.",3,none,,A nói các máy in số lượng/kích thước lớn nói chung; B cần hiểu máy offset cụ thể. Chưa đủ liên kết để xác định A hoặc trung gian bắt buộc.
58,rieng_Tuan,http://data.europa.eu/esco/skill/f2d9677b-ba41-4b02-9db9-b2e05a462830__http://data.europa.eu/esco/skill/d14570e5-da58-4d27-8866-a54d92889ef2,quality of fish products,"Factors affecting the quality of fish products. For instance, differences between species, impact of the fishing gears and parasite influence on the preservation of quality.",knowledge > cross-sector,handle harvested fish,Handle harvested fish in a manner which maintains flesh quality. Effectively store fish in chilled storage.,skill/competence > sector-specific,"quality of fish products. Factors affecting the quality of fish products. For instance, differences between species, impact of the fishing gears and parasite influe",handle harvested fish. Handle harvested fish in a manner which maintains flesh quality. Effectively store fish in chilled storage.,1,A_to_B,,B phải giữ chất lượng thịt cá; A cung cấp yếu tố ảnh hưởng chất lượng cá cần cho xử lý/bảo quản.
59,IAA_chung,http://data.europa.eu/esco/skill/95ee5e38-5c1e-4cd2-a21d-6921390025a9__http://data.europa.eu/esco/skill/fd33c66c-70c4-40e6-b87c-5495bd3bf26e,usability engineering,The methods of assessing usability and deriving structured recommendations from the results of an usability test with respect to user needs and behaviours in order to achieve efficient and elegant user interface design.,knowledge > sector-specific,design user interface,"Create software or device components which enable interaction between humans and systems or machines, using appropriate techniques, languages and tools so as to streamline interaction while using the system or machine.",skill/competence > sector-specific,usability engineering. The methods of assessing usability and deriving structured recommendations from the results of an usability test with respect to user need,"design user interface. Create software or device components which enable interaction between humans and systems or machines, using appropriate techniques, langua",3,none,,"A mô tả đánh giá khả dụng để đề xuất thiết kế, nhưng B không yêu cầu phải hoàn tất kiểm thử trước thiết kế; chưa có chuỗi trung gian bắt buộc."
60,IAA_chung,http://data.europa.eu/esco/skill/dc3d679e-c46e-4ecd-881d-1d3aa0581525__http://data.europa.eu/esco/skill/fc2eea22-5bd1-4b78-aafe-4eb117c6bdd3,types of alarm systems,"Characteristics, price, workings and installation of various alarm systems such as landline, cellular or broadband, wired or wireless.",knowledge > occupation-specific,repair alarm system,"Following the investigation activity, reset and repair the alarm system in place in order to restore its functional properties for future use.",skill/competence > occupation-specific,,,3,none,,Hai span trống; không tự suy ra chuỗi loại báo động → chẩn đoán lỗi → sửa khi chưa có bằng chứng từng bước bắt buộc.
61,IAA_chung,http://data.europa.eu/esco/skill/c4949dcf-bbcc-40f2-8584-6c6299beb7fb__http://data.europa.eu/esco/skill/6f728d63-5c45-40b3-8bfd-e17c5dba28ad,tend computer numerical control lathe machine,"Tend a computer numerical controlled (CNC) lathe and turn machine designed for cutting manufacturing processes on metal, wooden, plastic materials and others, monitor and operate it, according to regulations.",skill/competence > cross-sector,tend CNC grinding machine,"Tend a computer numerical controlled (CNC) grinding machine designed for manufacturing processes on metal, wooden, plastic materials and others, monitor and operate it, according to regulations.",skill/competence > cross-sector,"tend computer numerical control lathe machine. Tend a computer numerical controlled (CNC) lathe and turn machine designed for cutting manufacturing processes on metal, wooden, plastic m","tend CNC grinding machine. Tend a computer numerical controlled (CNC) grinding machine designed for manufacturing processes on metal, wooden, plastic materials and o",0,none,,Máy tiện CNC và máy mài CNC khác thao tác; không cần biết vận hành máy này trước máy kia.
62,rieng_Tuan,http://data.europa.eu/esco/skill/4d5c38e4-6687-48b5-942a-7b7c018ea9d5__http://data.europa.eu/esco/skill/a6d728e6-d6ba-424c-ad92-d6831290faf0,develop personalised massage plan,"Determine the massage treatment to be applied based on the medical diagnosis, the prescription plan, and according to the condition of the patient.",skill/competence > cross-sector,medical oncology,"The characteristics, development, diagnosis and treatment of tumors and cancer in human organisms.",knowledge > sector-specific,"develop personalised massage plan. Determine the massage treatment to be applied based on the medical diagnosis, the prescription plan, and according to the condition of the","medical oncology. The characteristics, development, diagnosis and treatment of tumors and cancer in human organisms.",0,none,,Kế hoạch massage không giới hạn bệnh nhân ung thư; chuyên ngành ung bướu không phải tiên quyết chung.
63,rieng_Tuan,http://data.europa.eu/esco/skill/b80b624d-8fa5-4a88-a12f-9d56880eddef__http://data.europa.eu/esco/skill/1f551366-dd12-4a80-8913-865276149e42,aviation meteorology,"The scientific field of study that interprets the impact of weather on air traffic management (ATM) and how thorough changes in pressure and temperature values at airports can create variations in head and tail-wind components, and may impose low visibility operating conditions. Knowledge of aviation meteorology can help to reduce negative impact on the ATM system by diminishing disruption and the consequent problems of disturbed flow rates, lost capacity and induced additional costs.",knowledge > sector-specific,deal with air traffic issues,Deal with issues affecting the airline e.g. air traffic control problems and adverse weather conditions. This may involve rearranging flight slots when delays occur.,skill/competence > sector-specific,"aviation meteorology. The scientific field of study that interprets the impact of weather on air traffic management (ATM) and how thorough changes in pressure a | d and tail-wind components, and may impose low visibility operating conditions. Knowledge of aviation meteorology can help to reduce negative impact on the ATM system by diminishing disruption and the consequent problems of disturbed flow rates, lost ca",deal with air traffic issues. Deal with issues affecting the airline e.g. air traffic control problems and adverse weather conditions. This may involve rearranging flig,1,A_to_B,,B xử lý vấn đề thời tiết bất lợi và luồng không lưu; A cung cấp ảnh hưởng thời tiết lên quản lý không lưu.
64,rieng_Tuan,http://data.europa.eu/esco/skill/ed8dbdd1-5b40-4eaf-adaf-3b1f6d16a37b__http://data.europa.eu/esco/skill/4f4ca760-970a-4839-9ce2-ab85ed66772e,hazardous waste storage,The regulations and procedures surrounding the safekeeping of materials and substances which pose health and safety risks.,knowledge > cross-sector,dispose of cutting waste material,"Dispose of possibly hazardous waste material created in the cutting process, such as swarf, scrap and slugs, sort according to regulations, and clean up workplace.",skill/competence > cross-sector,hazardous waste storage. The regulations and procedures surrounding the safekeeping of materials and substances which pose health and safety risks.,"dispose of cutting waste material. Dispose of possibly hazardous waste material created in the cutting process, such as swarf, scrap and slugs, sort according to regulations",3,none,,B xử lý/phân loại phế liệu có thể nguy hại; A nói lưu giữ an toàn. Chưa xác định B có bắt buộc lưu giữ hoặc dùng chính quy định A.
65,rieng_Tuan,http://data.europa.eu/esco/skill/8ed0f653-795d-422b-8856-a55ec250bb88__http://data.europa.eu/esco/skill/050dc15e-a41f-4958-bb2c-3fa46c2182be,research welding techniques,"Use a wide network to inform yourself of the various existing techniques used for welding metal pieces, their qualities and applications.",skill/competence > cross-sector,weld in hyperbaric conditions,"Use arc welding techniques to make welds in conditions of very high pressure, usually in an underwater dry chamber such as a diving bell. Compensate for the negative consequences of high pressure on a weld, such as the shorter and less steady welding arc.",skill/competence > occupation-specific,"research welding techniques. Use a wide network to inform yourself of the various existing techniques used for welding metal pieces, their qualities and applications.","weld in hyperbaric conditions. Use arc welding techniques to make welds in conditions of very high pressure, usually in an underwater dry chamber such as a diving bell.",0,none,,Nghiên cứu/cập nhật các kỹ thuật hàn không đồng nghĩa đã biết hàn hồ quang cao áp; không bắt buộc kỹ năng nghiên cứu A trước thao tác B.
66,rieng_Tuan,http://data.europa.eu/esco/skill/3dfa5c1e-a2cc-4c09-9e60-d21b28072c37__http://data.europa.eu/esco/skill/74399ae8-d058-44ee-8f79-aa316de010d4,trade union regulations,The compilation of legal agreements and practices for operations of trade unions. Legal scope of trade unions in their quest of protecting the rights and minimum working standards of workers.,knowledge > cross-sector,represent union members,Replace and speak for the members in negotiations with management about workplace topics and represent the union at conferences and negotiations.,skill/competence > sector-specific,,,3,none,,Hai span trống; có liên hệ quy định và đại diện công đoàn nhưng chưa đủ bằng chứng gán hướng tiên quyết.
67,rieng_Tuan,http://data.europa.eu/esco/skill/7f107a85-d6ac-410f-a995-d635c5aa418b__http://data.europa.eu/esco/skill/d1041406-2c24-4177-9b64-406621a8865e,types of metal,"Qualities, specifications, applications and reactions to different fabricating processes of various types of metal, such as steel, aluminium, brass, copper and others.",knowledge > cross-sector,assess suitability of metal types for specific application,"Assess the physical nature and structural composition of various metals and alloys, and analyse how the materials behave in different circumstances.",skill/competence > cross-sector,"types of metal. Qualities, specifications, applications and reactions to different fabricating processes of various types of metal, such as steel, alumini | es, specifications, applications and reactions to different fabricating processes of various types of metal, such as steel, aluminium, brass, copper and others.","assess suitability of metal types for specific application. Assess the physical nature and structural composition of various metals and alloys, and analyse how the materials behave in different circ",1,A_to_B,,B đánh giá tính chất/cấu trúc và hành vi kim loại; A cung cấp đúng đặc tính và phản ứng cần đánh giá.
68,rieng_Tuan,http://data.europa.eu/esco/skill/9c6e951f-aa88-4890-983d-e7a6ee49f5bb__http://data.europa.eu/esco/skill/d5493cca-ee21-4e43-8bcd-ec38680746cc,plan marketing campaigns,"Develop a method to promote a product through different channels, such as television, radio, print and online platforms, social media with the aim to communicate and deliver value to customers.",skill/competence > cross-sector,execute marketing plan,Carry out all the activities involved in achieving specific marketing objectives within a given timeframe,skill/competence > cross-sector,"plan marketing campaigns. Develop a method to promote a product through different channels, such as television, radio, print and online platforms, social media with",execute marketing plan. Carry out all the activities involved in achieving specific marketing objectives within a given timeframe,0,none,,Người thực hiện có thể dùng kế hoạch do người khác lập; không bắt buộc tự biết lập chiến dịch trước thực hiện kế hoạch.
69,IAA_chung,http://data.europa.eu/esco/skill/60493b7f-8613-431e-91ea-6a2c0410c6d4__http://data.europa.eu/esco/skill/1c45c221-6da5-4bba-a74f-0a0b1bbf890f,vehicle cargo capacity,"The capacity and the limits of the commissioned vehicle in terms of weight, type of cargo it can handle, and other cargo loading specifications.",knowledge > sector-specific,determine cargo loading sequence,Determine freight loading sequence aiming to increase the efficiency of operations. Arrange loading so that maximum amount of goods can be stored.,skill/competence > sector-specific,"vehicle cargo capacity. The capacity and the limits of the commissioned vehicle in terms of weight, type of cargo it can handle, and other cargo loading specifica",determine cargo loading sequence. Determine freight loading sequence aiming to increase the efficiency of operations. Arrange loading so that maximum amount of goods can be,1,A_to_B,,B chọn thứ tự xếp để tối ưu lượng hàng; A cung cấp giới hạn tải và đặc tả xếp hàng cần tuân thủ.
70,rieng_Tuan,http://data.europa.eu/esco/skill/8f411286-a9d4-485a-9c1a-535f683c76aa__http://data.europa.eu/esco/skill/a57d3310-3d0f-4678-aa8b-88df49e74f36,metal hot rolling technology,"The various techniques and technology used in hot rolling processes for metal fabrication, such as blank heating, rough rolling (reverse rolling), fine rolling (continuous rolling), strip cooling, receiving, and others.",knowledge > occupation-specific,tend cold rolling mill,"Tend a rolling mill designed for forming cold metal whilst right below its recrystallisation temperature, being cooled after casting, monitor and operate it, according to regulations.",skill/competence > occupation-specific,,,0,none,,"Hai span trống; cán nóng và cán nguội là công nghệ khác, không phải thứ tự học bắt buộc."
71,rieng_Tuan,http://data.europa.eu/esco/skill/f874149a-1d76-43ba-a3b9-338c6d83da30__http://data.europa.eu/esco/skill/6b6c6b8f-3a1d-43af-a40a-73fb50518d00,livestock,"The various types of animals that are bred, held captive and killed for human consumption.",knowledge > sector-specific,carry out artificial insemination of livestock,"Carry out insemination ensuring excellent hygiene, prevention of injury, minimal discomfort, and welfare.",skill/competence > occupation-specific,"carry out artificial insemination of livestock. Carry out insemination ensuring excellent hygiene, prevention of injury, minimal discomfort, and welfare. | livestock. The various types of animals that are bred, held captive and killed for human consumption.","carry out artificial insemination of livestock. Carry out insemination ensuring excellent hygiene, prevention of injury, minimal discomfort, and welfare.",3,none,,"A chỉ định nghĩa loại vật nuôi, không cung cấp giải phẫu/sinh sản; chưa chứng minh kiến thức nhãn rộng này đủ liên kết tiên quyết với thụ tinh."
72,rieng_Tuan,http://data.europa.eu/esco/skill/a4bead49-86a0-4849-8b6a-77cdcc157808__http://data.europa.eu/esco/skill/39b00008-3c6b-4395-b5dd-9d325283a885,manufacturer's instructions for audiovisual equipment,"Manufacturer's instructions required to install audio and video equipment, as specified in the user's manual.",knowledge > sector-specific,manufacturer's instructions for electrical household appliances,"The manufacturer's instructions needed to install household devices such as washing machines, dishwashers, refrigerators etc.",knowledge > sector-specific,"manufacturer's instructions for audiovisual equipment. Manufacturer's instructions required to install audio and video equipment, as specified in the user's manual.","manufacturer's instructions for electrical household appliances. The manufacturer's instructions needed to install household devices such as washing machines, dishwashers, refrigerators etc.",0,none,,Hướng dẫn thiết bị audio/video và thiết bị gia dụng khác đối tượng; không có tiên quyết.
73,rieng_Tuan,http://data.europa.eu/esco/skill/0e2c082a-056c-413c-94d1-581a0133e614__http://data.europa.eu/esco/skill/46ba79a2-a040-4b8d-9d9d-1abc072fc8d1,provide domestic care,"Assess the support needs of individuals and provide care to people who are usually disabled, in their own homes.",skill/competence > sector-specific,types of ceiling,"Various types of ceiling, such as tile ceilings, coffer ceilings and drop ceilings, each with their own advantages and disadvantages, risks, and costs.",knowledge > occupation-specific,"provide domestic care. Assess the support needs of individuals and provide care to people who are usually disabled, in their own homes.","types of ceiling. Various types of ceiling, such as tile ceilings, coffer ceilings and drop ceilings, each with their own advantages and disadvantages, risk",0,none,,Chăm sóc tại nhà và kiến thức loại trần nhà khác nội dung; chung bối cảnh nhà không tạo tiên quyết.
74,IAA_chung,http://data.europa.eu/esco/skill/68e66ed6-a171-4350-8ec1-2cfc4cae50e4__http://data.europa.eu/esco/skill/33e63e00-43c8-42af-b66b-c10847111e99,hydraulics,The power transmission systems that use the force of flowing liquids to transmit power.,knowledge > cross-sector,maintain hydraulic press,Tend hydraulic press to extract oil from seeds.,skill/competence > occupation-specific,,,3,none,,Hai span trống; nhãn B nói bảo trì nhưng mô tả chỉ vận hành máy ép dầu. Thiếu bằng chứng để xác định quan hệ học.
75,rieng_Tuan,http://data.europa.eu/esco/skill/73c22209-d78f-4847-b213-e48409d704a9__http://data.europa.eu/esco/skill/f6643a4f-05c7-430f-b13a-14e403169e3c,outdoor activities,"Sportive activities performed outdoors, often in nature, such as hiking, climbing, skiing, snowboarding, canoeing, rafting, and rope course climbing.",knowledge > sector-specific,give feedback on changing circumstances,Respond appropriately to changing circumstances in an activity session.,skill/competence > sector-specific,,,3,none,,Hai span trống; phản hồi thay đổi không được mô tả riêng cho hoạt động ngoài trời nên chưa xác định tiên quyết.
76,IAA_chung,http://data.europa.eu/esco/skill/3fa0a100-66ea-4bb3-a33e-2044d4a43df3__http://data.europa.eu/esco/skill/6bf4f085-82d2-4b21-9aa5-9c1f955becab,bakery ingredients,The raw materials and other ingredients used in baked goods.,knowledge > sector-specific,place orders for bakery ingredients,"Calculate and order proper amount of supplies and ingredients (flour, salt, butter,...) necessary for bakery activities.",skill/competence > occupation-specific,"place orders for bakery ingredients. Calculate and order proper amount of supplies and ingredients (flour, salt, butter,...) necessary for bakery activities. | bakery ingredients. The raw materials and other ingredients used in baked goods.","place orders for bakery ingredients. Calculate and order proper amount of supplies and ingredients (flour, salt, butter,...) necessary for bakery activities.",1,A_to_B,,B tính và đặt đúng nguyên liệu làm bánh; A cung cấp hiểu biết về nguyên liệu tương ứng.
77,IAA_chung,http://data.europa.eu/esco/skill/f143bbc9-cc9d-4629-87d5-4d747838ddb3__http://data.europa.eu/esco/skill/e90c83be-ccb7-4752-af5e-7f58cd0ac399,strategies for handling cases of sexual assault,"The range of strategies and approaches utilised in the identification, termination, and prevention of instances of sexual assault. This incudes understanding of the methods and procedures used to recognise instances of sexual assault, the legal implications, and possible intervention and rehabilitation activities. Sexual assault includes all kinds of practice of forcing a person into sexual acts against their will or without their consent, as well as cases when children and minors are involved i",knowledge > sector-specific,facilitate the healing process related to sexual assault,"Intervene to support and facilitate the healing and growth of individuals who have experienced sexual assault by allowing them to recognise their memories and pain, identifying their influence on behaviour and learning to integrate them in their lives.",skill/competence > sector-specific,"strategies for handling cases of sexual assault. The range of strategies and approaches utilised in the identification, termination, and prevention of instances of sexual assault. This in",facilitate the healing process related to sexual assault. Intervene to support and facilitate the healing and growth of individuals who have experienced sexual assault by allowing them to recognis,1,A_to_B,,B hỗ trợ hồi phục sau xâm hại; A bao gồm chiến lược can thiệp và phục hồi cùng tình huống.
78,rieng_Tuan,http://data.europa.eu/esco/skill/8c454cb2-09b2-4b1c-b556-f57c9d90952c__http://data.europa.eu/esco/skill/eac31d4d-7802-4229-8c4d-f9332074ca04,deburring processes,"The various types of processes removing burrs from fabricated workpieces, such as grinding, media blasting, sanding, mass-finishing, spindle finishing, electrochemical deburring, abrasive flow machining, manual deburring, and others.",knowledge > cross-sector,operate file for deburring,Operate various sizes and types of files used for removing burrs from and smoothening the edges of a workpiece.,skill/competence > cross-sector,"deburring processes. The various types of processes removing burrs from fabricated workpieces, such as grinding, media blasting, sanding, mass-finishing, spind",operate file for deburring. Operate various sizes and types of files used for removing burrs from and smoothening the edges of a workpiece.,1,A_to_B,,"B dùng giũa để tẩy ba via; A cung cấp nguyên tắc/các phương pháp tẩy ba via, gồm phương pháp thủ công."
79,IAA_chung,http://data.europa.eu/esco/skill/53f5e93b-a7f7-4315-9130-857bd62e6ee4__http://data.europa.eu/esco/skill/5538b28d-7f3e-4645-a26d-c5de81edbace,applied music therapy,"The manifestations, symptoms and causes of illnesses and how they can be treated through music therapy.",knowledge > occupation-specific,apply music therapy treatment methods,"Use various active and receptive intervention techniques in music therapy such as singing, playing instruments, improvising or rhythmic based experiences.",skill/competence > sector-specific,"applied music therapy. The manifestations, symptoms and causes of illnesses and how they can be treated through music therapy.","apply music therapy treatment methods. Use various active and receptive intervention techniques in music therapy such as singing, playing instruments, improvising or rhythmic ba",1,A_to_B,,B áp dụng can thiệp trị liệu âm nhạc; A cung cấp kiến thức bệnh và khả năng điều trị bằng âm nhạc.
80,IAA_chung,http://data.europa.eu/esco/skill/06e347f2-2504-4ee8-b7f7-8d9542f56207__http://data.europa.eu/esco/skill/130d8246-5d34-4cbf-93c6-c02990a26532,translate keywords into full texts,"Draft e-mails, letters and other written documents on the basis of keywords or key concepts outlining the content. Choose the appropriate format and language style according to the type of document.",skill/competence > cross-sector,type error-free documents,Type documents and written content in general avoiding any grammatical or spelling errors. Type documents in a fast pace without compromising the quality of the outcome.,skill/competence > cross-sector,"translate keywords into full texts. Draft e-mails, letters and other written documents on the basis of keywords or key concepts outlining the content. Choose the appropriate",type error-free documents. Type documents and written content in general avoiding any grammatical or spelling errors. Type documents in a fast pace without compromis,0,none,,Soạn nội dung từ từ khóa và đánh máy chính xác có thể học độc lập; không có thứ tự kỹ năng bắt buộc.
81,IAA_chung,http://data.europa.eu/esco/skill/98d7a8fd-62a7-45eb-acfb-84531967bc5d__http://data.europa.eu/esco/skill/6f0b7ef6-3561-408c-973c-e5d3d7231ccb,variety of tobacco leaves,Types of tobacco cultivars and varieties and their characteristics. Connection of attributes with cigar or cigarettes product requirements.,knowledge > sector-specific,flavour tobacco leaves,Flavour tobacco leaves to set off the taste of tobacco and to maintain the quality of the product.,skill/competence > sector-specific,variety of tobacco leaves. Types of tobacco cultivars and varieties and their characteristics. Connection of attributes with cigar or cigarettes product requirements,flavour tobacco leaves. Flavour tobacco leaves to set off the taste of tobacco and to maintain the quality of the product.,1,A_to_B,,B tạo hương và giữ chất lượng lá thuốc; A cung cấp đặc tính lá và liên hệ với yêu cầu sản phẩm cần lựa chọn xử lý.
82,rieng_Tuan,http://data.europa.eu/esco/skill/adc6dc11-3376-467b-96c5-9b0a21edc869__http://data.europa.eu/esco/skill/a5c20674-0471-45fa-8055-8d1d81aed0c4,solve problems,"Find solutions to practical, operational or conceptual problems in a wide range of contexts.",skill/competence > transversal,collaborate with stakeholders in leading community arts,"Collaborate with a chosen team, gathering artists from other disciplines, art mediation coordinator, and/or health workers, physiotherapists and learning support workers, etc. in order to maximise the community arts program’s impact. Be clear about your collective roles, and evaluate their performance as a whole combining reflexive and reflective in your practice.",skill/competence > occupation-specific,,,0,none,,Hai span trống; giải quyết vấn đề rộng không được chứng minh là kỹ năng riêng bắt buộc trước hợp tác dự án nghệ thuật cộng đồng.
83,rieng_Tuan,http://data.europa.eu/esco/skill/0d6714c6-720e-4985-9791-5ab85d28da79__http://data.europa.eu/esco/skill/57231a22-4da7-49c8-97b8-75672feadf1e,gather data,Extract exportable data from multiple sources.,skill/competence > cross-sector,manage quantitative data,"Gather, process and present quantitative data. Use the appropriate programs and methods for validating, organising and interpreting data.",skill/competence > cross-sector,gather data. Extract exportable data from multiple sources.,"manage quantitative data. Gather, process and present quantitative data. Use the appropriate programs and methods for validating, organising and interpreting data.",1,A_to_B,,"B nêu thu thập, xử lý và trình bày dữ liệu; A là năng lực thu thập cần để thực hiện phần đó. Không chỉ là dữ liệu đã có sẵn."
84,IAA_chung,http://data.europa.eu/esco/skill/5f08605b-aa03-45ed-bc49-395477783a38__http://data.europa.eu/esco/skill/817aac8a-a0e2-46ad-adef-02338830e052,prevent fire in a performance environment,"Take steps to prevent fire in a performance environment. Make sure the space complies with fire safety rules, with sprinklers and fire extinguishers installed where necessary. Make sure staff are aware of fire prevention measures.",skill/competence > sector-specific,install stretch ceiling,Fix a stretch ceiling to the installed profiles. Heat the room to temporarily increase the stretchability of the material. Take care to prevent wrinkles or uneven stresses.,skill/competence > occupation-specific,"prevent fire in a performance environment. Take steps to prevent fire in a performance environment. Make sure the space complies with fire safety rules, with sprinklers and fire ext",install stretch ceiling. Fix a stretch ceiling to the installed profiles. Heat the room to temporarily increase the stretchability of the material. Take care to pr,0,none,,Phòng cháy trong môi trường biểu diễn và lắp trần căng khác phạm vi; việc B dùng nhiệt không bắt buộc kỹ năng A chuyên biệt.
85,rieng_Tuan,http://data.europa.eu/esco/skill/11e7b341-ecd9-445c-b1fe-ba220b706b21__http://data.europa.eu/esco/skill/5f08fb30-a657-44d4-988e-13f84801936b,develop competition policies,"Develop policies and programmes which regulate practices of free trade and competition between businesses and ban practices which impede free trade, by controlling firms attempting to dominate a market, monitoring operations of cartels, and supervising mergers and acquisitions of large firms.",skill/competence > sector-specific,develop trade policies,Develop strategies which support economic growth and facilitate productive trade relations both nationally and internationally.,skill/competence > sector-specific,develop competition policies. Develop policies and programmes which regulate practices of free trade and competition between businesses and ban practices which impede f,develop trade policies. Develop strategies which support economic growth and facilitate productive trade relations both nationally and internationally.,0,none,,"Chính sách cạnh tranh và chính sách thương mại khác mục tiêu, có thể phát triển song song."
86,rieng_Tuan,http://data.europa.eu/esco/skill/5898d99a-62a4-4e10-a2e3-0d815ce44248__http://data.europa.eu/esco/skill/6044d62b-7499-4c5d-81ae-2fea443013b2,cyber attack counter-measures,"Methods, technologies and techniques used to defend (detect, monitor and recover) against cyber attacks. These cyber attacks include several attack vectors such as malware, denial of service (DoS) attacks and phishing. Intrusion prevention systems (IPS), firewall, antivirus, intrusion detection systems (IDS), cybersecurity training, backup, Information Security Management System (ISM), multi-factor authentication and employ awareness, are some examples of the methods used.",knowledge > sector-specific,wood preservation,"Measures and techniques used to ensure the wood's durability and resistance against humidity, insects, and fungi.",knowledge > sector-specific,"cyber attack counter-measures. Methods, technologies and techniques used to defend (detect, monitor and recover) against cyber attacks. These cyber attacks include sever","wood preservation. Measures and techniques used to ensure the wood's durability and resistance against humidity, insects, and fungi.",0,none,,Đối phó tấn công mạng và bảo quản gỗ khác đối tượng; cùng ý bảo vệ không tạo tiên quyết.
87,IAA_chung,http://data.europa.eu/esco/skill/786378b4-6661-4f51-b03c-3006a2bc2d62__http://data.europa.eu/esco/skill/0023e7a5-43da-4b68-bee3-726ef21f986d,monitor political conflicts,"Monitor the possibility and development of political conflicts in specific contexts, such as in or between political parties, governments, or between different countries, as well as identifying its potential impact on government operations, and public safety.",skill/competence > cross-sector,apply diplomatic principles,"Apply the processes involved in the creation of international treaties by conducting negotiations between representatives of different countries, protecting the home government's interests, and facilitating compromise.",skill/competence > cross-sector,"monitor political conflicts. Monitor the possibility and development of political conflicts in specific contexts, such as in or between political parties, governments,",apply diplomatic principles. Apply the processes involved in the creation of international treaties by conducting negotiations between representatives of different cou,0,none,,Theo dõi xung đột có thể hỗ trợ ngoại giao nhưng không bắt buộc trước mọi thương lượng hiệp ước.
88,rieng_Tuan,http://data.europa.eu/esco/skill/095656c3-7a65-4c17-8a05-14c660c62a06__http://data.europa.eu/esco/skill/0c5d2db1-6b19-4620-950a-b31a13b936d9,assist with geophysical surveys,"Assist with a range of specific, geophysical surveys, using diverse methods such as seismic, magnetic and electromagnetic methods.",skill/competence > sector-specific,perform gravity measurements,"Perform geophysical measurements using gravity meters which are either on the ground or airborne. Measure deviations from the normal gravity field, or anomalies, to determine the structure and composition of the earth.",skill/competence > sector-specific,"assist with geophysical surveys. Assist with a range of specific, geophysical surveys, using diverse methods such as seismic, magnetic and electromagnetic methods.",perform gravity measurements. Perform geophysical measurements using gravity meters which are either on the ground or airborne. Measure deviations from the normal gravi,0,none,,Hỗ trợ khảo sát địa vật lý rộng và đo trọng lực là quan hệ phạm vi; không phải chuỗi tiên quyết được chứng minh.
89,IAA_chung,http://data.europa.eu/esco/skill/15d76317-c71a-4fa2-aadc-2ecc34e627b7__http://data.europa.eu/esco/skill/1f6eac42-e5aa-4fa7-a75d-a4eea12c618e,communication,"The exchange and conveying of information, ideas, concepts, thoughts, and feelings through the use of a shared system of words, signs, and semiotic rules via a medium.",knowledge > cross-sector,disseminate internal communications,Disseminate internal communications using the different communication channels that a company has at its disposal.,skill/competence > cross-sector,,,3,none,,Hai span trống; kiến thức giao tiếp chung và phân phối thông tin nội bộ liên quan nhưng chưa có bằng chứng hướng học.
90,rieng_Tuan,http://data.europa.eu/esco/skill/c299e8b0-5b02-4119-a49b-65143da23e90__http://data.europa.eu/esco/skill/adcde86b-023a-4865-afec-45e1c343388e,dairy manufacturing specifications,"Specifications, regulations and standards to be followed in the field of dairy manufacturing. Safety of products from raw materials through to packaged state.",knowledge > sector-specific,administer lactic ferment cultures to manufacturing products,"Add specified quantity of lactic ferment cultures to food preparations such as pasteurised milk to obtain starter for sour dairy products, such as buttermilk, cheese, and sour cream. Also, to dough making in bakery.",skill/competence > sector-specific,"dairy manufacturing specifications. Specifications, regulations and standards to be followed in the field of dairy manufacturing. Safety of products from raw materials throug","administer lactic ferment cultures to manufacturing products. Add specified quantity of lactic ferment cultures to food preparations such as pasteurised milk to obtain starter for sour dairy products,",3,none,,A liên quan yêu cầu sản xuất sữa; B còn áp dụng lên men bột làm bánh. Chưa xác định phạm vi B bắt buộc kiến thức riêng ngành sữa.
91,rieng_Tuan,http://data.europa.eu/esco/skill/08ee68b2-0a6d-4bdf-a870-a36c0dc8064e__http://data.europa.eu/esco/skill/1b70a55d-b8a4-49fc-96c6-15ab4cff2522,produce statistical financial records,Review and analyse individual and company financial data in order to produce statistical reports or records.,skill/competence > cross-sector,use data processing techniques,"Gather, process and analyse relevant data and information, properly store and update data and represent figures and data using charts and statistical diagrams.",skill/competence > cross-sector,produce statistical financial records. Review and analyse individual and company financial data in order to produce statistical reports or records.,"use data processing techniques. Gather, process and analyse relevant data and information, properly store and update data and represent figures and data using charts and",1,B_to_A,,A phân tích dữ liệu tài chính để tạo báo cáo thống kê; B cung cấp thao tác xử lý/phân tích và biểu diễn dữ liệu cần thực hiện trực tiếp.
92,IAA_chung,http://data.europa.eu/esco/skill/37533674-1751-4c5c-882f-f0ff935a8cae__http://data.europa.eu/esco/skill/9b5297a6-baa9-481d-b508-82287b0a6e5f,dip-coating process,"The various steps in the process of dipping a workpiece in a coating material solution, including immersion, start-up, deposition, drainage, and, possibly, evaporation.",knowledge > cross-sector,remove coating,"Remove the thin layer made of paint, lacquer, metal or other elements covering an object through chemical, mechanical or other processes.",skill/competence > cross-sector,,,0,none,,Hai span trống; biết quy trình nhúng phủ không bắt buộc để gỡ lớp phủ có thể tạo bằng phương pháp khác.
93,rieng_Tuan,http://data.europa.eu/esco/skill/f88d8667-d476-43bb-980f-2dbd01ae00cf__http://data.europa.eu/esco/skill/60713654-adc6-4a46-a1b4-2965e641d27c,types of audiological equipment,"Types and brands of audiological equipment and accessories for audiometers and hearing tests, foam tips, bone conductors, etc.",knowledge > sector-specific,order supplies for audiology services,Order supplies and devices related to hearing aids and similar audiology-related equipment.,skill/competence > sector-specific,"types of audiological equipment. Types and brands of audiological equipment and accessories for audiometers and hearing tests, foam tips, bone conductors, etc.",order supplies for audiology services. Order supplies and devices related to hearing aids and similar audiology-related equipment.,1,A_to_B,,B đặt thiết bị/vật tư thính học; A cung cấp loại/nhãn và phụ kiện cần nhận biết để đặt đúng.
94,rieng_Tuan,http://data.europa.eu/esco/skill/dbe6fdf0-d776-4dd2-95b6-d7a9dd799603__http://data.europa.eu/esco/skill/b4e4bee5-439e-4b2e-909a-50be1979b5ec,textile techniques,The various steps and methods of the manufacturing process of textile. The techniques applied to the finishing of textile products based on the type of textile used.,knowledge > sector-specific,use weaving machine technologies,"Operate machines that enable weaving processes turning threads into fabrics. Setup weaving machine programmes for the machine to produce fabrics with the adequate pattern, colour and fabric density.",skill/competence > sector-specific,,,3,none,,Hai span trống; kiến thức kỹ thuật dệt rộng/hoàn thiện vải chưa xác định nền tảng bắt buộc cho vận hành máy dệt.
95,rieng_Tuan,http://data.europa.eu/esco/skill/3df2a92c-1c34-4044-9a0c-227af9026837__http://data.europa.eu/esco/skill/4e8a2547-c91e-41ff-ad92-170e02e95a8d,evaluate outdoor activities,Identify and report problems and incidents according to outdoor programme safety national and local regulations.,skill/competence > sector-specific,assess risk in the outdoors,Elaborate and accomplish risk analysis for outdoor activities.,skill/competence > sector-specific,evaluate outdoor activities. Identify and report problems and incidents according to outdoor programme safety national and local regulations.,assess risk in the outdoors. Elaborate and accomplish risk analysis for outdoor activities.,3,none,,"B phân tích rủi ro, A ghi nhận sự cố theo quy định; có thể hỗ trợ nhau nhưng span chưa xác định thứ tự học hoặc cả hai cạnh qua trung gian."
96,rieng_Tuan,http://data.europa.eu/esco/skill/53456d90-8c0d-4bd2-9f1b-312619b6e2a6__http://data.europa.eu/esco/skill/c77db25e-bb51-4a10-b2ad-99b48b1b4a37,hardware testing methods,"Those processes in which hardware components or systems are tested, such as the system test (ST), the ongoing reliability test (ORT), and the in-circuit test (ICT).",knowledge > cross-sector,maintain computer hardware,"Diagnose and detect malfunctions in computer hardware components and systems and remove, replace, or repair these components when necessary. Execute preventative equipment maintenance tasks, such as storing hardware components in clean, dust free, and non-humid spaces.",skill/competence > cross-sector,,,3,none,,Hai span trống; chưa chứng minh chuỗi phương pháp kiểm thử → test hardware → bảo trì là bắt buộc cho toàn bộ B.
97,rieng_Tuan,http://data.europa.eu/esco/skill/1bd03b9b-835e-4719-ac20-d2d547840061__http://data.europa.eu/esco/skill/60555243-213b-44df-ab2e-3a79639c0123,conduct cancer screening tests,"Undertake screening test at an early stage, before cancer symptoms appear, taking physical exams, laboratory tests, imaging procedures and genetic tests.",skill/competence > sector-specific,conduct specialised orthoptic tests,"Conduct specialised tests such as colour vision test, Ishihara, Farnsworth, D-15, Pseudo-isochromatic colour plates, ophthalmic photography and corneal light reflex testing, analysing the information obtained from these tests to determine the effects of general pathology on the eyes and effects of eye diseases.",skill/competence > occupation-specific,"conduct cancer screening tests. Undertake screening test at an early stage, before cancer symptoms appear, taking physical exams, laboratory tests, imaging procedures and","conduct specialised orthoptic tests. Conduct specialised tests such as colour vision test, Ishihara, Farnsworth, D-15, Pseudo-isochromatic colour plates, ophthalmic photograph",0,none,,Sàng lọc ung thư và kiểm tra chỉnh thị chuyên biệt khác mục tiêu; không có thứ tự học bắt buộc.
98,IAA_chung,http://data.europa.eu/esco/skill/fd4abe0c-4c20-424d-b8b7-b2e6c2ceb344__http://data.europa.eu/esco/skill/60a63e4c-f71d-48ec-8b57-c1e059370478,provide genetic counselling,Provide patients affected by genetic diseases with support and help them manage their disease and improve their quality of life.,skill/competence > occupation-specific,analyse psychological aspects of illness,"Analyse the psychological impact of illness on individuals, close ones, and caregivers and use psychological interventions to promote self-management, helping patients cope with pain or illness, improve their quality of life and mitigate the effects of disability and handicap.",skill/competence > sector-specific,provide genetic counselling. Provide patients affected by genetic diseases with support and help them manage their disease and improve their quality of life.,"analyse psychological aspects of illness. Analyse the psychological impact of illness on individuals, close ones, and caregivers and use psychological interventions to promote self",3,none,,Cùng hỗ trợ người bệnh và cải thiện chất lượng sống; chưa chứng minh tư vấn di truyền bắt buộc có toàn bộ kỹ năng can thiệp tâm lý B.
99,IAA_chung,http://data.europa.eu/esco/skill/1236128d-9bb4-4d94-bc1e-40fd14824280__http://data.europa.eu/esco/skill/8ee6763c-ca7b-4c0d-9208-b8f26f100e72,medicines,"The medicines, their nomenclature and the substances used in the manufacture of medicines.",knowledge > cross-sector,manufacture medicines,"Formulate and compound medicines performing pharmaceutical calculations, selecting the appropriate route of administration and dosage form for the medicine, the appropriate ingredients and excipients of the required quality standard, and preparing pharmaceutical products.",skill/competence > cross-sector,"manufacture medicines. Formulate and compound medicines performing pharmaceutical calculations, selecting the appropriate route of administration and dosage form | medicines. The medicines, their nomenclature and the substances used in the manufacture of medicines.","manufacture medicines. Formulate and compound medicines performing pharmaceutical calculations, selecting the appropriate route of administration and dosage form",1,A_to_B,,B chọn thành phần/tá dược và bào chế thuốc; A cung cấp danh pháp và chất dùng để sản xuất thuốc.
100,rieng_Tuan,http://data.europa.eu/esco/skill/c359a936-2782-48d3-ac5f-e2ce6d6a6032__http://data.europa.eu/esco/skill/1f8da935-0e8f-4d93-a2f8-2d0f727c7167,operate dairy farms,"Operate farms for the long-term production of milk and other dairy products, such as butter, cheese, yogurt, and other common household staples, which will be used for human consumption.",skill/competence > occupation-specific,variety of cheese,"Variety of cheeses and the production process behind it. Formulation of cheese by coagulation of the milk protein casein. Classifications of cheese according to criteria such as length of ageing, country or region of origin, texture, methods of making, fat content, suitability for vegetarians and animal from which the milk comes.",knowledge > sector-specific,"operate dairy farms. Operate farms for the long-term production of milk and other dairy products, such as butter, cheese, yogurt, and other common household st",variety of cheese. Variety of cheeses and the production process behind it. Formulation of cheese by coagulation of the milk protein casein. Classifications,0,none,,Vận hành trang trại sữa có thể chỉ sản xuất sữa; không bắt buộc biết mọi loại/quy trình phô mai.
101,IAA_chung,http://data.europa.eu/esco/skill/7f2c62b0-928a-4da2-a578-674940a14063__http://data.europa.eu/esco/skill/dcf821b6-812e-49de-a7a9-3643c35b13ce,crane load charts,Crane load charts detail the features of the crane and how its lift capacity varies depending on distance and angle.,knowledge > sector-specific,guide cranes,"Guide a crane operator in operating the crane. Stay in contact with the operator visually, vocally, or using communication equipment to make sure the crane operation is completed in a safe and efficient manner.",skill/competence > sector-specific,,,3,none,,Hai span trống; hướng dẫn cần cẩu có thể cần biết tải nhưng chưa đủ bằng chứng kiến thức biểu đồ tải là tiên quyết riêng.
102,IAA_chung,http://data.europa.eu/esco/skill/17c9a790-5664-4673-8237-c4cf3c5a8da5__http://data.europa.eu/esco/skill/9e84a506-df06-4be3-874a-fa01293e3dd5,conduct impact evaluation of ICT processes on business,Evaluate the tangible consequences of the implementation of new ICT systems and functions on the current business structure and organisational procedures.,skill/competence > cross-sector,business processes,"Processes which an organisation applies to improve efficiency, set new objectives and reach goals in a profitable and timely manner.",knowledge > cross-sector,conduct impact evaluation of ICT processes on business. Evaluate the tangible consequences of the implementation of new ICT systems and functions on the current business structure and organisati,"business processes. Processes which an organisation applies to improve efficiency, set new objectives and reach goals in a profitable and timely manner.",1,B_to_A,,A đánh giá tác động ICT lên quy trình kinh doanh; B cung cấp kiến thức về quy trình là đối tượng cần đánh giá.
103,rieng_Tuan,http://data.europa.eu/esco/skill/43117c55-4b23-4f9b-9a37-6d36e2c28d2b__http://data.europa.eu/esco/skill/7ffe5ddd-abf1-4047-91e9-37c4e9f43d9c,ceramic ware,"The production process and characteristics of various types of ceramic ware such as pottery, whiteware, stoneware, chinaware, porcelain or earthenware.",knowledge > sector-specific,create ceramic objects,"Create functional, decorative or artistic ceramic objects by hand or by using sophisticated industrial tools for part of the creative process, applying a variety of techniques and materials.",skill/competence > occupation-specific,"ceramic ware. The production process and characteristics of various types of ceramic ware such as pottery, whiteware, stoneware, chinaware, porcelain or earthenware.","create ceramic objects. Create functional, decorative or artistic ceramic objects by hand or by using sophisticated industrial tools for part of the creative proc",1,A_to_B,,B tạo vật thể gốm bằng kỹ thuật/vật liệu; A cung cấp quy trình và đặc tính đồ gốm cùng đối tượng.
104,rieng_Tuan,http://data.europa.eu/esco/skill/cea4dfd6-58a5-4d83-9e7d-137a26965673__http://data.europa.eu/esco/skill/11683adc-56fa-4408-84aa-8f02eb991628,operation of lifting gears,"The methods used to operate different types of lifting gears, such as winches, telescopic loaders, sea cranes, forklift trucks.",knowledge > sector-specific,operate maritime lifting equipment,Operate motorised winches and hoists used by marine riggers; assist in the operation of sail-powered systems.,skill/competence > occupation-specific,"operation of lifting gears. The methods used to operate different types of lifting gears, such as winches, telescopic loaders, sea cranes, forklift trucks.",operate maritime lifting equipment. Operate motorised winches and hoists used by marine riggers; assist in the operation of sail-powered systems.,1,A_to_B,,"B vận hành tời/thiết bị nâng hàng hải; A cung cấp phương pháp vận hành, có nêu tời/cần cẩu biển."
105,IAA_chung,http://data.europa.eu/esco/skill/0f850624-ae28-47c2-ab80-484290a96aea__http://data.europa.eu/esco/skill/29d762da-1711-4a3c-b424-f0a404f4bf2d,metal and metal ore products,"The offered metal and metal ore products, their functionalities, properties and legal and regulatory requirements.",knowledge > sector-specific,join metals,Join together pieces of metal using soldering and welding materials.,skill/competence > sector-specific,,,3,none,,Hai span trống; chưa xác định đặc tính sản phẩm/quặng nào cần để hàn/hàn thiếc kim loại.
106,rieng_Tuan,http://data.europa.eu/esco/skill/676fdcdf-c4ae-4bdd-af92-444392b06a31__http://data.europa.eu/esco/skill/adcde86b-023a-4865-afec-45e1c343388e,dairy and edible oil products,"The offered dairy products and edible oil products, their functionalities, properties and legal and regulatory requirements.",knowledge > sector-specific,administer lactic ferment cultures to manufacturing products,"Add specified quantity of lactic ferment cultures to food preparations such as pasteurised milk to obtain starter for sour dairy products, such as buttermilk, cheese, and sour cream. Also, to dough making in bakery.",skill/competence > sector-specific,"dairy and edible oil products. The offered dairy products and edible oil products, their functionalities, properties and legal and regulatory requirements.","administer lactic ferment cultures to manufacturing products. Add specified quantity of lactic ferment cultures to food preparations such as pasteurised milk to obtain starter for sour dairy products,",3,none,,A là kiến thức sản phẩm sữa/dầu ăn; B bổ sung men vào sữa hoặc bột. Phạm vi và kiến thức thực sự bắt buộc chưa được xác định.
107,IAA_chung,http://data.europa.eu/esco/skill/63095511-1841-4483-8224-f31a30bcdb85__http://data.europa.eu/esco/skill/4f411d0f-e723-4815-b7f9-d0fc3540169d,legal standards in gambling,"The legal requirements, rules and limitations in gambling and betting activities.",knowledge > sector-specific,prevent money laundering in gambling,Take steps to prevent the abuse of the casino for avoiding taxation or obscuring the origin of money.,skill/competence > cross-sector,,,3,none,,Hai span trống; không tự dựng chuỗi luật → nhận diện giao dịch đáng ngờ → phòng chống rửa tiền.
108,IAA_chung,http://data.europa.eu/esco/skill/6050ffaa-88b8-45d5-99c7-3fa882ea596a__http://data.europa.eu/esco/skill/b4e4bee5-439e-4b2e-909a-50be1979b5ec,manufacture woven fabrics,"Perform the operation, monitoring and maintenance of machines and processes to manufacture woven fabrics.",skill/competence > sector-specific,use weaving machine technologies,"Operate machines that enable weaving processes turning threads into fabrics. Setup weaving machine programmes for the machine to produce fabrics with the adequate pattern, colour and fabric density.",skill/competence > sector-specific,"manufacture woven fabrics. Perform the operation, monitoring and maintenance of machines and processes to manufacture woven fabrics. | oven fabrics. Perform the operation, monitoring and maintenance of machines and processes to manufacture woven fabrics.",use weaving machine technologies. Operate machines that enable weaving processes turning threads into fabrics. Setup weaving machine programmes for the machine to produce f,1,B_to_A,,A bao gồm vận hành máy để sản xuất vải dệt; B là thao tác vận hành/lập chương trình máy dệt được cần trong phần đó.
109,IAA_chung,http://data.europa.eu/esco/skill/59fe85c4-8202-46ac-b6a5-e28ea25d1848__http://data.europa.eu/esco/skill/c07a22bb-565e-4eb6-bb1e-a333b4297946,forecast account metrics,Make predictions on the movement of account measurements and data which give insight into an organisation's financial state in order to aid analyses and evaluate potential risks.,skill/competence > cross-sector,assess art therapy sessions,Evaluate the effectiveness of art therapy sessions to aid the planning of subsequent sessions.,skill/competence > sector-specific,forecast account metrics. Make predictions on the movement of account measurements and data which give insight into an organisation's financial state in order to ai,assess art therapy sessions. Evaluate the effectiveness of art therapy sessions to aid the planning of subsequent sessions.,0,none,,Dự báo số liệu tài khoản và đánh giá trị liệu nghệ thuật khác nội dung.
110,IAA_chung,http://data.europa.eu/esco/skill/42cb7669-c371-4903-9c0b-13db67b2e4bb__http://data.europa.eu/esco/skill/8327754d-3990-4056-b07e-4faa49cfcd26,emergent technologies,"The recent trends, developments and innovations in modern technologies such as biotechnology, artificial intelligence and robotics.",knowledge > cross-sector,innovate in ICT,"Create and describe new original research and innovation ideas within the field of information and communication technologies, compare to the emerging technologies and trends and plan the development of new ideas.",skill/competence > sector-specific,"emergent technologies. The recent trends, developments and innovations in modern technologies such as biotechnology, artificial intelligence and robotics.","innovate in ICT. Create and describe new original research and innovation ideas within the field of information and communication technologies, compare to",1,A_to_B,,B yêu cầu so sánh ý tưởng với công nghệ/xu hướng mới; A cung cấp kiến thức công nghệ/xu hướng mới đó.
111,IAA_chung,http://data.europa.eu/esco/skill/6d97f20a-88b5-49b2-b34e-4c4476e535a6__http://data.europa.eu/esco/skill/53559aee-73ee-4fd2-9da9-57ddf1ed751f,inspect repaired tyres,Inspect the rebuffed and fully vulcanized tyres in order to detect if any flaws are still present.,skill/competence > cross-sector,map the mantle of the Earth,Study seismic waves in order to map the mantle of the Earth and detect tectonic movement.,skill/competence > occupation-specific,inspect repaired tyres. Inspect the rebuffed and fully vulcanized tyres in order to detect if any flaws are still present.,map the mantle of the Earth. Study seismic waves in order to map the mantle of the Earth and detect tectonic movement.,0,none,,Kiểm tra lốp và lập bản đồ lớp phủ Trái Đất khác nội dung.
112,IAA_chung,http://data.europa.eu/esco/skill/41daf4d3-33b8-4199-b814-e54964d277b6__http://data.europa.eu/esco/skill/b4e4bee5-439e-4b2e-909a-50be1979b5ec,properties of textile materials,"The characteristics and properties of different textile and fabric materials. These include strength, flexibility, elasticity, softness, durability, heat insulation, low weight, water absorbency/repellence, dyeability and resistance to chemicals. Moreover, the influence of chemical composition and molecular arrangement of yarn and fibre properties and fabric structure on the physical properties of textile fabrics; the different fibre types; the materials used in different processes and the effec",knowledge > sector-specific,use weaving machine technologies,"Operate machines that enable weaving processes turning threads into fabrics. Setup weaving machine programmes for the machine to produce fabrics with the adequate pattern, colour and fabric density.",skill/competence > sector-specific,,,3,none,,"Hai span trống; kiến thức vật liệu có thể góp phần đặt thông số máy, nhưng thiếu chứng cứ cho các cạnh trực tiếp/trung gian."
113,rieng_Tuan,http://data.europa.eu/esco/skill/3a5275f4-67e5-4371-a31e-68291aa86691__http://data.europa.eu/esco/skill/1b6197c8-a08b-412b-8be0-ed6de108b17e,vehicle electrical systems,"The vehicle electrical systems, including components such as the battery, starter, and alternator. The battery provides energy to the starter. The alternator provides the battery the energy it requires to power the vehicle.",knowledge > sector-specific,develop improvements to the electrical systems,"Design, propose and implement modifications to improve electrical systems; focus on sustainability, quality and safety.",skill/competence > occupation-specific,"vehicle electrical systems. The vehicle electrical systems, including components such as the battery, starter, and alternator. The battery provides energy to the star","develop improvements to the electrical systems. Design, propose and implement modifications to improve electrical systems; focus on sustainability, quality and safety.",3,none,,"A giới hạn hệ điện xe, B không giới hạn loại hệ điện; chưa chứng minh A là tiên quyết cho toàn bộ B."
114,IAA_chung,http://data.europa.eu/esco/skill/4a92d8ce-ffd6-4da5-a50e-ef1bff5cc219__http://data.europa.eu/esco/skill/f28c3e9b-8666-48d4-a5e4-542ac193879b,government social security programmes,"The different areas of social security provided by the government, the different rights which citizens have, which benefits are available, the rules which regulate social security and the different situations in which they apply.",knowledge > cross-sector,advise on social security benefits,"Advise citizens on government-regulated benefits they are eligible for, such as unemployment benefits, family benefits, and other social security benefits.",skill/competence > cross-sector,"government social security programmes. The different areas of social security provided by the government, the different rights which citizens have, which benefits are available,","advise on social security benefits. Advise citizens on government-regulated benefits they are eligible for, such as unemployment benefits, family benefits, and other social s",1,A_to_B,,"B tư vấn quyền hưởng trợ cấp; A cung cấp quyền, điều kiện và quy định trợ cấp chính phủ tương ứng."
115,rieng_Tuan,http://data.europa.eu/esco/skill/25a11048-dc43-4696-8a71-2428233d68b6__http://data.europa.eu/esco/skill/df487cde-38d4-4e7f-a9e7-d60711aa522f,riveting machine types,"The various types of machines used for riveting purposes, their qualities and applications, such as the impact riveting machine, radial riveting machine, orbital riveting machine, rollerform riveting machine, and others.",knowledge > cross-sector,tend riveting machine,"Tend a metalworking machine designed to join metal pieces by automatically shooting mechanical fasteners, rivets, into them, monitor and operate it according to regulations.",skill/competence > cross-sector,"riveting machine types. The various types of machines used for riveting purposes, their qualities and applications, such as the impact riveting machine, radial ri","tend riveting machine. Tend a metalworking machine designed to join metal pieces by automatically shooting mechanical fasteners, rivets, into them, monitor and o",1,A_to_B,,A cung cấp tính chất/ứng dụng các máy tán đinh; B vận hành máy tán đinh cùng đối tượng.
116,IAA_chung,http://data.europa.eu/esco/skill/b22828a8-18e7-4639-8fbd-f2b33594382d__http://data.europa.eu/esco/skill/382c11ed-20d5-4ae7-b60e-15fec527fa6c,collect statistics on medical records,"Perform statistical analysis of various medical records of the healthcare facility, referring to the number of hospital admissions, discharges or waiting lists.",skill/competence > sector-specific,apply statistical analysis techniques,"Use models (descriptive or inferential statistics) and techniques (data mining or machine learning) for statistical analysis and ICT tools to analyse data, uncover correlations and forecast trends.",skill/competence > cross-sector,"collect statistics on medical records. Perform statistical analysis of various medical records of the healthcare facility, referring to the number of hospital admissions, discha",apply statistical analysis techniques. Use models (descriptive or inferential statistics) and techniques (data mining or machine learning) for statistical analysis and ICT tools,1,B_to_A,,"A thực hiện phân tích thống kê hồ sơ y tế; B là năng lực áp dụng phương pháp phân tích thống kê cần cho phần này, không bắt buộc mọi phương pháp ML."
117,rieng_Tuan,http://data.europa.eu/esco/skill/b2b31eeb-a6b6-49cf-aa4a-3307d13fbac2__http://data.europa.eu/esco/skill/1274596d-f537-4ec9-90b3-e0c7a73ee55b,care for the new-born infant,"Take care of the newly born baby by performing actions such as feeding him/her at regular hours, checking his/her vital signs and changing diapers.",skill/competence > sector-specific,maintain vacuum chamber,"Maintain the chamber or tank used in production processes to manufacture a workpiece in vacuum by preconditioning it, cleaning it, performing gas purging, changing the door seals, changing the filters, and others.",skill/competence > cross-sector,"care for the new-born infant. Take care of the newly born baby by performing actions such as feeding him/her at regular hours, checking his/her vital signs and changing","maintain vacuum chamber. Maintain the chamber or tank used in production processes to manufacture a workpiece in vacuum by preconditioning it, cleaning it, perform",0,none,,Chăm trẻ sơ sinh và bảo dưỡng buồng chân không khác công việc.
118,rieng_Tuan,http://data.europa.eu/esco/skill/68e66ed6-a171-4350-8ec1-2cfc4cae50e4__http://data.europa.eu/esco/skill/1d52ab5a-56b7-4b14-b84d-9e7583602b39,hydraulics,The power transmission systems that use the force of flowing liquids to transmit power.,knowledge > cross-sector,maintain hydraulic forging press,"Tend a hydraulic forging press, designed for forming hot or cold metal by use of a high energy force hydraulically, monitor and operate it, according to regulations.",skill/competence > cross-sector,hydraulics. The power transmission systems that use the force of flowing liquids to transmit power.,"maintain hydraulic forging press. Tend a hydraulic forging press, designed for forming hot or cold metal by use of a high energy force hydraulically, monitor and operate it",1,A_to_B,,B vận hành máy ép rèn thủy lực; A cung cấp nguyên lý truyền lực bằng chất lỏng của máy đó.
119,rieng_Tuan,http://data.europa.eu/esco/skill/10026df1-670d-4c75-b3d5-ee0037f9d59b__http://data.europa.eu/esco/skill/e135f4ad-2eed-448c-8f39-beb44238177c,lead process optimisation,Lead process optimisation using statistical data. Design experiments on the production line and functional process control models.,skill/competence > sector-specific,evaluate genetic data,Evaluate genetic data by applying statistical calculations and analysing the results.,skill/competence > cross-sector,lead process optimisation. Lead process optimisation using statistical data. Design experiments on the production line and functional process control models.,evaluate genetic data. Evaluate genetic data by applying statistical calculations and analysing the results.,0,none,,Tối ưu dây chuyền và đánh giá dữ liệu di truyền đều có thống kê nhưng không phải tiên quyết của nhau.
120,rieng_Tuan,http://data.europa.eu/esco/skill/b1578674-6e79-4142-9673-63a29f847aa8__http://data.europa.eu/esco/skill/c6846331-2e11-45d6-ab8d-306c956332fc,assembling processes and techniques for goodyear footwear construction,"Technology, equipment, machines and tools for assembling Goodyear footwear construction types.",knowledge > sector-specific,footwear manufacturing technology,"Footwear processes technology and machinery involved. The footwear manufacturing starts in the cutting/clicking room , cutting the uppers and bottom components. The upper components are joined together in the closing room by following a precise order of specific operations: skiving, folding, sewing etc. The closed upper, the insole and other bottom components are brought together in the assembling room, where the main operations are lasting and soling. The process ends with finishing operations ",knowledge > sector-specific,"assembling processes and techniques for goodyear footwear construction. Technology, equipment, machines and tools for assembling Goodyear footwear construction types.","footwear manufacturing technology. Footwear processes technology and machinery involved. The footwear manufacturing starts in the cutting/clicking room , cutting the uppers",0,none,,Công nghệ Goodyear là một trường hợp của sản xuất giày; quan hệ bao hàm không chứng minh thứ tự học bắt buộc.
121,IAA_chung,http://data.europa.eu/esco/skill/1493ddb4-9a46-4e00-b9c8-d8e1c64e8f34__http://data.europa.eu/esco/skill/19c1237d-8760-4820-b245-9648ba7abf62,conditions for professional practice of clinical psychology,"The institutional, legal and psychosocial conditions for professional practice of clinical psychology with the aim to apply them in the exercise of the psychological profession in health care.",knowledge > sector-specific,apply clinical psychological treatment,Apply clinical psychological treatment for people of all ages and groups based on clinical psychological assessment.,skill/competence > sector-specific,"conditions for professional practice of clinical psychology. The institutional, legal and psychosocial conditions for professional practice of clinical psychology with the aim to apply them in the ex | for professional practice of clinical psychology. The institutional, legal and psychosocial conditions for professional practice of clinical psychology with the aim to apply them in the exercise of the psychological profession in health care.",apply clinical psychological treatment. Apply clinical psychological treatment for people of all ages and groups based on clinical psychological assessment.,1,A_to_B,,"A mô tả điều kiện pháp lý/thể chế để hành nghề tâm lý lâm sàng; B thực hiện điều trị trong chính nghề đó. Đây là điều kiện hành nghề, không phải chuỗi kỹ năng lâm sàng trung gian."
122,rieng_Tuan,http://data.europa.eu/esco/skill/075c68d7-efe4-4466-be4a-9acc726504df__http://data.europa.eu/esco/skill/7eb4c570-9dc7-4f4d-83d2-f4c4c87b6e49,mergers and acquisitions,"The process of joining together separate companies and relatively equal in size, and the purchase of a smaller company by a bigger one. The financial deals, the legal implications, and the consolidation of financial records and statements at the end of the fiscal year.",knowledge > cross-sector,handle mergers and acquisitions,Handle the negotiation of financial deals and the legal implications involved in the purchase of a company by another or in the merging to separate companies.,skill/competence > sector-specific,"handle mergers and acquisitions. Handle the negotiation of financial deals and the legal implications involved in the purchase of a company by another or in the merging to | mergers and acquisitions. The process of joining together separate companies and relatively equal in size, and the purchase of a smaller company by a bigger one. Th",handle mergers and acquisitions. Handle the negotiation of financial deals and the legal implications involved in the purchase of a company by another or in the merging to,1,A_to_B,,B xử lý thương lượng và hệ quả pháp lý M&A; A cung cấp kiến thức giao dịch và hệ quả tương ứng.
123,rieng_Tuan,http://data.europa.eu/esco/skill/02e1ca57-0715-438b-886d-f0f938ac3efc__http://data.europa.eu/esco/skill/d3a2f927-54af-482e-9e98-323a8cb0d77f,sand blasting machine parts,"The various parts of a type of sand blasting machinery, their qualities and applications, such as a treadle, blast nozzle, dust collecter, filter, abrasive materials and others.",knowledge > occupation-specific,operate sand blasting cabinet,"Operate an abrasive cabinet using sand and fine blasting abrasives, inside a cabinet containing the abrasive force, to erode and smoothen a rough surface.",skill/competence > cross-sector,"sand blasting machine parts. The various parts of a type of sand blasting machinery, their qualities and applications, such as a treadle, blast nozzle, dust collecter,","operate sand blasting cabinet. Operate an abrasive cabinet using sand and fine blasting abrasives, inside a cabinet containing the abrasive force, to erode and smoothen",1,A_to_B,,A cung cấp bộ phận/chức năng máy phun cát; B vận hành thiết bị phun cát cùng công nghệ.
124,rieng_Tuan,http://data.europa.eu/esco/skill/c435e2e8-e7ff-41ff-a8ed-4b8bd6936f18__http://data.europa.eu/esco/skill/9b4ed5f2-0cf8-47d6-b2cf-4b447978b4bf,parts of metal rolling mill,"The process involved in the construction of a rolling mill and various types of rolls used in the metalworking process of rolling, such as work rolls, backup rolls, roll changing devices, roll cooling and lubrication systems, pinions, rolling balance system, and others.",knowledge > occupation-specific,tend hot rolling mill,"Tend a rolling mill designed for forming hot metal whilst right above its recrystallisation temperature after casting, monitor and operate it, according to regulations.",skill/competence > occupation-specific,"parts of metal rolling mill. The process involved in the construction of a rolling mill and various types of rolls used in the metalworking process of rolling, such as","tend hot rolling mill. Tend a rolling mill designed for forming hot metal whilst right above its recrystallisation temperature after casting, monitor and operate",1,A_to_B,,A cung cấp hệ con/bộ phận máy cán; B vận hành máy cán nóng cần hiểu các bộ phận tương ứng.
125,IAA_chung,http://data.europa.eu/esco/skill/3eaa9732-ec2e-4057-81fc-5e8046511d07__http://data.europa.eu/esco/skill/0f6a4412-7517-4db9-bf3f-53597ff48f1e,casino policies,The policies and requirements that govern the activities of a casino.,knowledge > sector-specific,monitor casino finances,Monitor and review the finances and betting accounts of a casino.,skill/competence > sector-specific,casino policies. The policies and requirements that govern the activities of a casino.,monitor casino finances. Monitor and review the finances and betting accounts of a casino.,3,none,,Chính sách casino có thể ràng buộc theo dõi tài chính; span không chỉ rõ chính sách tài chính hay mức hiểu biết bắt buộc.
126,IAA_chung,http://data.europa.eu/esco/skill/7f2c62b0-928a-4da2-a578-674940a14063__http://data.europa.eu/esco/skill/2daed3cc-2246-421f-beef-b7ed8eb8b4d5,crane load charts,Crane load charts detail the features of the crane and how its lift capacity varies depending on distance and angle.,knowledge > sector-specific,determine the load's centre of gravity,Establish the centre of gravity of the load moved by a crane or other machinery or equipment in order to ensure optimal and safe movement.,skill/competence > occupation-specific,crane load charts. Crane load charts detail the features of the crane and how its lift capacity varies depending on distance and angle.,determine the load's centre of gravity. Establish the centre of gravity of the load moved by a crane or other machinery or equipment in order to ensure optimal and safe movement.,0,none,,"Biểu đồ tải mô tả sức nâng cần cẩu, không cung cấp phép xác định trọng tâm vật; hai đại lượng phục vụ an toàn nhưng không tạo tiên quyết."
127,IAA_chung,http://data.europa.eu/esco/skill/51826e07-64c9-4d2c-9964-88cfbf131ad2__http://data.europa.eu/esco/skill/7d35602d-bc94-4975-aa7c-f4e8e05ce8e0,work as a team in a hazardous environment,"Work together with others in a dangerous, sometimes noisy, environment, such as a building on fire or metal forging facilities, in order to achieve a higher degree of efficiency while heeding the co-workers' safety.",skill/competence > cross-sector,cost management,"The process of planning, monitoring and adjusting the expenses and revenues of a business in order to achieve cost efficiency and capability.",knowledge > sector-specific,"work as a team in a hazardous environment. Work together with others in a dangerous, sometimes noisy, environment, such as a building on fire or metal forging facilities, in order t","cost management. The process of planning, monitoring and adjusting the expenses and revenues of a business in order to achieve cost efficiency and capabili",0,none,,Làm việc nhóm trong nguy hiểm và quản lý chi phí khác năng lực.
128,IAA_chung,http://data.europa.eu/esco/skill/a16e3fc6-c77d-46e3-aa18-c691fed47fd1__http://data.europa.eu/esco/skill/5f8a6414-7095-410f-aee6-774cec68077e,freight transport methods,"The different modalities of freight transport such as air, sea, or intermodal freight transport, including the details and procedures specific to them.",knowledge > cross-sector,accommodate cargo in freight transport vehicle,"Properly position, cushion, restrain and balance cargo.",skill/competence > sector-specific,"freight transport methods. The different modalities of freight transport such as air, sea, or intermodal freight transport, including the details and procedures spec","accommodate cargo in freight transport vehicle. Properly position, cushion, restrain and balance cargo.",0,none,,Kiến thức phương thức vận tải rộng không được yêu cầu để định vị/chèn/chằng hàng; các nguyên tắc xếp hàng mới liên quan trực tiếp.
129,IAA_chung,http://data.europa.eu/esco/skill/98bcf04e-1129-4364-85d4-18004808571b__http://data.europa.eu/esco/skill/f5db895c-533b-421b-8e7a-0ea39aadf3e5,mount clock wheelwork,Mount the wheelwork components of clocks and watches and attach with screws.,skill/competence > sector-specific,components of clocks,"Components present in clocks and watches, such as the wheelwork, battery, dials, and hands.",knowledge > sector-specific,mount clock wheelwork. Mount the wheelwork components of clocks and watches and attach with screws.,"mount clock wheelwork. Mount the wheelwork components of clocks and watches and attach with screws. | components of clocks. Components present in clocks and watches, such as the wheelwork, battery, dials, and hands.",1,B_to_A,,"A lắp bộ bánh răng đồng hồ; B cung cấp kiến thức các bộ phận, có bộ bánh răng tương ứng."
130,rieng_Tuan,http://data.europa.eu/esco/skill/0c77bcd5-b94a-475d-98e9-5a4327e4d726__http://data.europa.eu/esco/skill/10026df1-670d-4c75-b3d5-ee0037f9d59b,statistical process control,Method of quality control that uses statistics to monitor processes.,knowledge > cross-sector,lead process optimisation,Lead process optimisation using statistical data. Design experiments on the production line and functional process control models.,skill/competence > sector-specific,statistical process control. Method of quality control that uses statistics to monitor processes.,lead process optimisation. Lead process optimisation using statistical data. Design experiments on the production line and functional process control models.,1,A_to_B,,B thiết kế mô hình kiểm soát quá trình và tối ưu bằng số liệu; A cung cấp phương pháp kiểm soát quá trình bằng thống kê trực tiếp cần dùng.
131,IAA_chung,http://data.europa.eu/esco/skill/bcef602c-c9d7-4251-98ba-ae92ba619689__http://data.europa.eu/esco/skill/9433da85-70fa-4a25-8f96-71fa59dd1989,understand different types of locks and their operation,Master various engineering constructions and functions of bridges and locks in the field of navigation. Conduct locking and entering procedures.,skill/competence > sector-specific,biology,"Tissues, cells, and functions of plant and animal organisms and their interdependencies and interactions with each other and the environment.",knowledge > cross-sector,understand different types of locks and their operation. Master various engineering constructions and functions of bridges and locks in the field of navigation. Conduct locking and entering proce,"biology. Tissues, cells, and functions of plant and animal organisms and their interdependencies and interactions with each other and the environme",0,none,,Công trình cầu/âu tàu và sinh học khác đối tượng.
132,IAA_chung,http://data.europa.eu/esco/skill/fd2930ce-cd21-4eb2-87f7-115c3d197e24__http://data.europa.eu/esco/skill/b25c3eb8-fd63-4d77-8308-7061dbd271c1,conserve water resource,Strive to conserve ground irrigation water. Meet with water conservation agencies and liaise with management on developments in conservation policy.,skill/competence > occupation-specific,conserve natural resources,Protect waters and natural resources and coordinate actions. Work with environmental agencies and resource management personnel.,skill/competence > sector-specific,conserve water resource. Strive to conserve ground irrigation water. Meet with water conservation agencies and liaise with management on developments in conservati,conserve natural resources. Protect waters and natural resources and coordinate actions. Work with environmental agencies and resource management personnel.,0,none,,Bảo tồn nước là phần của bảo tồn tài nguyên; quan hệ bao hàm không đủ xác lập thứ tự học.
133,IAA_chung,http://data.europa.eu/esco/skill/31c64efe-8ff9-4b10-bddc-eca2ad70860a__http://data.europa.eu/esco/skill/997ad9db-84cc-48af-af23-a7cb4bba35a3,electroplating processes,"The various metalworking processes using electric current to form metal coating on an electrode and on the workpiece, such as pulse electroplating, pulse electrodeposition, brush electroplating, and others.",knowledge > cross-sector,monitor electroplating baths,Control the temperature and changing composition of the solution composed of different chemical components and used to cover a surface with a thin layer of metal.,skill/competence > cross-sector,,,3,none,,"Hai span trống; không gán trực tiếp chỉ vì cùng mạ điện, dù mô tả có liên hệ rõ về đối tượng."
134,IAA_chung,http://data.europa.eu/esco/skill/deed7f6d-328d-4f67-b74e-9b83180c1c5c__http://data.europa.eu/esco/skill/72aed9bf-33ba-474d-a02e-5ae3de2d5e05,microscopic techniques,"The techniques, functions and limitations of microscopy to visualise objects that cannot be seen with the normal eye.",knowledge > cross-sector,operate microscope,"Operate a microscope, an instrument used to see objects that are too small for the naked eye to see.",skill/competence > cross-sector,"microscopic techniques. The techniques, functions and limitations of microscopy to visualise objects that cannot be seen with the normal eye.","operate microscope. Operate a microscope, an instrument used to see objects that are too small for the naked eye to see.",1,A_to_B,,A cung cấp kỹ thuật/chức năng/giới hạn hiển vi; B vận hành kính hiển vi cùng đối tượng.
135,rieng_Tuan,http://data.europa.eu/esco/skill/a9bf3699-e0ac-498e-9e9c-7e5a04def6a3__http://data.europa.eu/esco/skill/2bf2961c-4794-4713-a47e-f09dbc623e02,types of staining,"The different kinds of stains on fabrics such as invisible, perspirative, and oxidation stains. The nature of the stain, the type of fabric (absorbed, built up and compound staining) and the colour fastness of the dye.",knowledge > sector-specific,types of crosscut saws,"Be acquainted with the use of different kinds of crosscut saws, which consist mainly of felling and bucking saws.",knowledge > sector-specific,"types of staining. The different kinds of stains on fabrics such as invisible, perspirative, and oxidation stains. The nature of the stain, the type of fabri","types of crosscut saws. Be acquainted with the use of different kinds of crosscut saws, which consist mainly of felling and bucking saws.",0,none,,Loại vết bẩn vải và loại cưa cắt ngang khác nội dung.
136,rieng_Tuan,http://data.europa.eu/esco/skill/929a997b-d56c-4383-b36d-6de9fa0e1721__http://data.europa.eu/esco/skill/5d8b0aff-0599-470a-8eef-9e8cb3ad1626,work with chemicals,Handle chemicals and select specific ones for certain processes. Be aware of the reactions which arise from combining them.,skill/competence > cross-sector,create an artistic performance,"Create an artistic performance by combining elements such as singing, dancing, acting, or all of them together.",skill/competence > sector-specific,work with chemicals. Handle chemicals and select specific ones for certain processes. Be aware of the reactions which arise from combining them.,"create an artistic performance. Create an artistic performance by combining elements such as singing, dancing, acting, or all of them together.",0,none,,Xử lý hóa chất và tạo biểu diễn ca/múa/diễn không có tiên quyết.
137,rieng_Tuan,http://data.europa.eu/esco/skill/ce82b32c-53ad-4543-9315-7350a2ec059c__http://data.europa.eu/esco/skill/ab75d510-ac75-482d-b671-bb3bad741f07,diagnose hearing impairement,Measure hearing loss and balance disorders and determine their cause.,skill/competence > occupation-specific,carry out work-related measurements,"Use suitable units, tools and equipment to carry out calculations for length, area, volume, weight, time, geometric shapes and sketches.",skill/competence > cross-sector,,,0,none,,"Hai span trống; đo thính lực khác tính đo chiều dài/diện tích/thể tích nghề nghiệp, không suy ra từ cùng từ đo."
138,IAA_chung,http://data.europa.eu/esco/skill/5548401e-dbe9-4603-9917-1c8b3e0ad4ad__http://data.europa.eu/esco/skill/f351292a-db64-4b8b-8029-5687290bddc1,soil mechanics,Thoroughly understand the characteristics of soil in relation to analysing the deformations of fluids within soil that supports man-made structures.,knowledge > sector-specific,investigate soil stability,"Collect soil samples from the railway site, using bores and test pits in order to determine ground stress capability and stability.",skill/competence > cross-sector,,,3,none,,Hai span trống; không tự suy ra chuỗi cơ học đất → phân tích mẫu đất → điều tra ổn định khi chưa chứng minh các cạnh bắt buộc.
139,IAA_chung,http://data.europa.eu/esco/skill/53f5e93b-a7f7-4315-9130-857bd62e6ee4__http://data.europa.eu/esco/skill/ba58df00-0b43-42a3-89e4-0dca7aa069fb,applied music therapy,"The manifestations, symptoms and causes of illnesses and how they can be treated through music therapy.",knowledge > occupation-specific,apply music therapy methods,"Apply existing music therapy methods, techniques, materials, and equipment in line with the patient`s therapeutic needs and the treatment plan already created.",skill/competence > sector-specific,"applied music therapy. The manifestations, symptoms and causes of illnesses and how they can be treated through music therapy.","apply music therapy methods. Apply existing music therapy methods, techniques, materials, and equipment in line with the patient`s therapeutic needs and the treatment",1,A_to_B,,B áp dụng trị liệu âm nhạc theo nhu cầu/kế hoạch; A cung cấp kiến thức bệnh và điều trị bằng âm nhạc tương ứng.
140,IAA_chung,http://data.europa.eu/esco/skill/8df3dcf5-8ede-4e03-a69c-c8cf01eff429__http://data.europa.eu/esco/skill/23b355ee-94db-4831-b16d-935adc5de1cd,meat and meat products,"The offered meat and meat products, their properties and legal and regulatory requirements.",knowledge > sector-specific,prepare meat products for use in a dish,"Make meat products for use in a dish by cleaning, cutting or using other methods.",skill/competence > sector-specific,"meat and meat products. The offered meat and meat products, their properties and legal and regulatory requirements.","prepare meat products for use in a dish. Make meat products for use in a dish by cleaning, cutting or using other methods.",1,A_to_B,,A cung cấp đặc tính thịt/sản phẩm thịt; B làm sạch/cắt và chuẩn bị chính các sản phẩm đó.
141,rieng_Tuan,http://data.europa.eu/esco/skill/2be699a7-416a-4f32-967c-4edc65027b71__http://data.europa.eu/esco/skill/387ee646-0aaa-4161-ab3b-cde87ec09fdf,government policy implementation,The procedures related to the application of government policies at all levels of public administration.,knowledge > cross-sector,public finance,"The economic influence of the government, and the workings of government revenue and expenditures.",knowledge > cross-sector,government policy implementation. The procedures related to the application of government policies at all levels of public administration.,"public finance. The economic influence of the government, and the workings of government revenue and expenditures.",0,none,,Thực thi chính sách chính phủ và tài chính công có thể liên quan nhưng không có yêu cầu học trước; chính sách không luôn là chính sách tài chính.
142,IAA_chung,http://data.europa.eu/esco/skill/7244ccb8-d121-4462-b415-4d5930baace1__http://data.europa.eu/esco/skill/731ade90-4fdc-4509-9a1f-3f35a34f5141,screen printing process,"This consists of preparing the screen or image carrier, squeegee, and the ink. During this process, ink is pressed through a screen on a certain surface.",knowledge > sector-specific,operate screen printing press,"Operate a screen printing press to fabricate multiple copies of the designed screen, increasing production significantly.",skill/competence > occupation-specific,"screen printing process. This consists of preparing the screen or image carrier, squeegee, and the ink. During this process, ink is pressed through a screen on a c","operate screen printing press. Operate a screen printing press to fabricate multiple copies of the designed screen, increasing production significantly.",1,A_to_B,,A mô tả quy trình in lưới; B vận hành máy in lưới thực hiện cùng quy trình.
143,IAA_chung,http://data.europa.eu/esco/skill/656ae836-2075-459f-8967-03706d4ac2bb__http://data.europa.eu/esco/skill/9775c2f8-6c1f-4fb8-8c03-c7081dafc0b5,parking regulations,The up-to-date regulations and enforcement procedures in parking activities.,knowledge > sector-specific,manage car park operations,Monitor car park activities and parked vehicles.,skill/competence > sector-specific,,,3,none,,Hai span trống; hoạt động giám sát bãi xe có thể cần quy định nhưng chưa có span chứng minh tiên quyết.
144,IAA_chung,http://data.europa.eu/esco/skill/1ffdea5d-cd82-490f-bebe-22db7e0a5f45__http://data.europa.eu/esco/skill/31634929-4549-4109-b1ae-f56a068f546c,types of concrete pumps,The types of machines used to pump liquid concrete such as the boom concrete pumps used for large construction projects or line pumps generally used for small-scale works.,knowledge > sector-specific,operate concrete pumps,Operate the remote control of the robotic arm of a concrete pump while monitoring the pouring process.,skill/competence > sector-specific,types of concrete pumps. The types of machines used to pump liquid concrete such as the boom concrete pumps used for large construction projects or line pumps gene,operate concrete pumps. Operate the remote control of the robotic arm of a concrete pump while monitoring the pouring process.,1,A_to_B,,A cung cấp loại/chức năng máy bơm bê tông; B vận hành tay cần/giám sát đổ của máy đó.
145,rieng_Tuan,http://data.europa.eu/esco/skill/2fcd95a4-1f9a-41cf-95a9-4701bde476b4__http://data.europa.eu/esco/skill/de772347-b6f7-425e-8b1c-88a4f41f5ba9,operate welding equipment,"Use welding equipment to melt and join together pieces of metal or steel, wearing protective eyewear during the working process.",skill/competence > cross-sector,metalworking tools,"The equipment and tools used in metalworking processes, such as welding or soldering torches, saws, deburring files, and metal drills.",knowledge > cross-sector,"operate welding equipment. Use welding equipment to melt and join together pieces of metal or steel, wearing protective eyewear during the working process.","metalworking tools. The equipment and tools used in metalworking processes, such as welding or soldering torches, saws, deburring files, and metal drills.",1,B_to_A,,"A sử dụng thiết bị hàn; B cung cấp kiến thức dụng cụ gia công kim loại, có dụng cụ hàn. Chỉ phần dụng cụ hàn liên quan là nền tảng."
146,rieng_Tuan,http://data.europa.eu/esco/skill/e3b4b533-cc4d-4c70-adb6-128120f40c88__http://data.europa.eu/esco/skill/0b4d52be-fb79-4a6c-8177-799f1214aae5,handling of dangerous goods,"The handling procedures for a variety of potentially dangerous materials, such as explosives, flammable or toxic gases, flammable solids/liquids, infectious substances, radioactive substances, etc.",knowledge > cross-sector,ensure appropriate packaging of dangerous goods,"Know that packaging for different types of dangerous goods (other than for limited and excepted quantities) must be designed and constructed to UN specification standards and pass practical transport related tests, such as being dropped, stored in a stack, and being subjected to pressure. It must also meet the needs of the materials it is to contain. Packaging must be certified by a competent authority.",skill/competence > sector-specific,"handling of dangerous goods. The handling procedures for a variety of potentially dangerous materials, such as explosives, flammable or toxic gases, flammable solids/l",ensure appropriate packaging of dangerous goods. Know that packaging for different types of dangerous goods (other than for limited and excepted quantities) must be designed and construct,3,none,,"A là quy trình xử lý hàng nguy hiểm, B là yêu cầu bao bì UN/chứng nhận; chưa chứng minh kiến thức quy trình xử lý A bắt buộc trước đánh giá bao bì."
147,IAA_chung,http://data.europa.eu/esco/skill/edff6d20-660d-4d33-b412-9a5b664a14be__http://data.europa.eu/esco/skill/06aac0bf-3bfd-42b3-a334-39c4f4055da0,curriculum objectives,The goals identified in curricula and defined learning outcomes.,knowledge > cross-sector,monitor curriculum implementation,Monitor the steps taken in educational institutions to implement the approved learning curriculum for said institution to ensure adherence and the use of proper teaching methods and resources.,skill/competence > sector-specific,curriculum objectives. The goals identified in curricula and defined learning outcomes.,monitor curriculum implementation. Monitor the steps taken in educational institutions to implement the approved learning curriculum for said institution to ensure adherence,1,A_to_B,,B giám sát triển khai chương trình đã duyệt; A cung cấp mục tiêu/đầu ra cần biết để đối chiếu sự phù hợp.
148,IAA_chung,http://data.europa.eu/esco/skill/02e1ca57-0715-438b-886d-f0f938ac3efc__http://data.europa.eu/esco/skill/d49d5b8b-f445-4534-84f7-4665adc9c198,sand blasting machine parts,"The various parts of a type of sand blasting machinery, their qualities and applications, such as a treadle, blast nozzle, dust collecter, filter, abrasive materials and others.",knowledge > occupation-specific,blast surface,"Blast a surface with sand, metal shot, dry ice or other blasting material to remove impurities or rough up a smooth surface.",skill/competence > cross-sector,"sand blasting machine parts. The various parts of a type of sand blasting machinery, their qualities and applications, such as a treadle, blast nozzle, dust collecter,","blast surface. Blast a surface with sand, metal shot, dry ice or other blasting material to remove impurities or rough up a smooth surface.",3,none,,"B có thể phun cát, kim loại hoặc đá khô; kiến thức máy phun cát A không bắt buộc cho mọi phương án. Không gán 2 qua operate sand blasting cabinet chỉ vì có hàng 123."
149,IAA_chung,http://data.europa.eu/esco/skill/629c9139-8a87-447b-8f61-bfe678cf3e7c__http://data.europa.eu/esco/skill/3eefc2c7-d5a6-4340-9277-d908e4e0e1bd,types of maritime vessels,"Various types of maritime vessels such as container ships, passenger ships and fishing vessels, and their characteristics and specifications, security, technical, and maintenance requirements.",knowledge > sector-specific,ensure vessel security,Ensure that security requirements for vessels are met according to legal norms. Check if the security equipment is in place and operational. Communicate with marine engineers to ensure that the technical parts of the vessel functioning effectively and can perform as necessary for the upcoming journey.,skill/competence > sector-specific,"types of maritime vessels. Various types of maritime vessels such as container ships, passenger ships and fishing vessels, and their characteristics and specificatio",ensure vessel security. Ensure that security requirements for vessels are met according to legal norms. Check if the security equipment is in place and operationa,1,A_to_B,,A bao gồm yêu cầu an ninh/kỹ thuật theo loại tàu; B kiểm tra đáp ứng chính các yêu cầu đó.
150,rieng_Tuan,http://data.europa.eu/esco/skill/bffec73f-1877-43fd-b4c4-16521ecf2815__http://data.europa.eu/esco/skill/09dea77e-870c-49eb-9a97-1398bee57bd0,develop appropriate health and safety measures in accordance with available resources,"Develop measures to enhance health and safety matters, considering the available resources. Carry out a cost benefit analysis to find the proper balance between ensuring health and safety and the cost of these measures.",skill/competence > occupation-specific,cleaning industry health and safety measures,Preventive and interventional methods used in the cleaning industry to maintain health and safety for all workers and tertiary persons.,knowledge > cross-sector,"develop appropriate health and safety measures in accordance with available resources. Develop measures to enhance health and safety matters, considering the available resources. Carry out a cost benefit analysis to find the",cleaning industry health and safety measures. Preventive and interventional methods used in the cleaning industry to maintain health and safety for all workers and tertiary persons.,3,none,,A phát triển biện pháp an toàn nói chung; B chỉ ngành vệ sinh. Thiếu phạm vi chứng minh B bắt buộc trước A.
151,IAA_chung,http://data.europa.eu/esco/skill/ab1e97ed-2319-4293-a8b7-072d2648822f__http://data.europa.eu/esco/skill/4463a721-69f3-413d-8321-43e3af13a4f1,database management systems,"The tools for creating, updating and managing databases, such as Oracle, MySQL and Microsoft SQL Server.",knowledge > sector-specific,use databases,"Use software tools for managing and organising data in a structured environment which consists of attributes, tables and relationships in order to query and modify the stored data.",skill/competence > cross-sector,"database management systems. The tools for creating, updating and managing databases, such as Oracle, MySQL and Microsoft SQL Server.","use databases. Use software tools for managing and organising data in a structured environment which consists of attributes, tables and relationships in",1,A_to_B,,A cung cấp công cụ DBMS; B sử dụng công cụ quản lý dữ liệu để truy vấn/sửa dữ liệu.
152,rieng_Tuan,http://data.europa.eu/esco/skill/905b6acd-377b-46b9-9d80-e47e9ca789ca__http://data.europa.eu/esco/skill/3369d4f5-bfa7-47dc-b61f-e74d0d91bf74,financial markets,The financial infrastructure which permits trading securities offered by companies and individuals govern by regulatory financial frameworks.,knowledge > cross-sector,optimise financial performance,"Direct and coordinate the organisation's financial operations and budget activities, in order to optimise financial performance.",skill/competence > cross-sector,,,0,none,,"Hai span trống; tối ưu tài chính/budget tổ chức không bắt buộc tham gia thị trường chứng khoán, không dựng chuỗi kỹ năng giao dịch."
153,rieng_Tuan,http://data.europa.eu/esco/skill/949ced5f-7536-4614-ac60-563ffc91a2f2__http://data.europa.eu/esco/skill/f7b5d916-52f0-4865-b6a6-e1a3b711cb5e,strategic planning,"The elements defining the foundation and core of an organisation such as its mission, vision, values, and objectives.",knowledge > cross-sector,implement strategic planning,Take action on the goals and procedures defined at a strategic level in order to mobilise resources and pursue the established strategies.,skill/competence > cross-sector,"implement strategic planning. Take action on the goals and procedures defined at a strategic level in order to mobilise resources and pursue the established strategies. | strategic planning. The elements defining the foundation and core of an organisation such as its mission, vision, values, and objectives.",implement strategic planning. Take action on the goals and procedures defined at a strategic level in order to mobilise resources and pursue the established strategies.,1,A_to_B,,B hành động theo mục tiêu/quy trình chiến lược; A cung cấp nền tảng mục tiêu của hoạch định chiến lược.
154,IAA_chung,http://data.europa.eu/esco/skill/edff6d20-660d-4d33-b412-9a5b664a14be__http://data.europa.eu/esco/skill/142a5319-60cb-42a2-891f-90ba92af18b1,curriculum objectives,The goals identified in curricula and defined learning outcomes.,knowledge > cross-sector,advise on curriculum development,Advise education professionals and officials on the development of new curricula or changes in existing curricula.,skill/competence > cross-sector,curriculum objectives. The goals identified in curricula and defined learning outcomes.,advise on curriculum development. Advise education professionals and officials on the development of new curricula or changes in existing curricula.,1,A_to_B,,B tư vấn phát triển/sửa chương trình; A cung cấp mục tiêu và kết quả học tập cần định hướng việc phát triển.
155,rieng_Tuan,http://data.europa.eu/esco/skill/8bdd25f8-4b6e-40fe-a2cf-c1badc594114__http://data.europa.eu/esco/skill/53559aee-73ee-4fd2-9da9-57ddf1ed751f,geology,"Solid earth, rock types, structures and the processes by which they are altered.",knowledge > cross-sector,map the mantle of the Earth,Study seismic waves in order to map the mantle of the Earth and detect tectonic movement.,skill/competence > occupation-specific,,,3,none,,Hai span trống; không tự dựng chuỗi geology → seismic measurement techniques → map the mantle of the Earth. Cần bằng chứng cho cả hai cạnh.
156,IAA_chung,http://data.europa.eu/esco/skill/8df3dcf5-8ede-4e03-a69c-c8cf01eff429__http://data.europa.eu/esco/skill/d8a0bd55-b701-4284-b075-43c098ff1d77,meat and meat products,"The offered meat and meat products, their properties and legal and regulatory requirements.",knowledge > sector-specific,handle knives for meat processing activities,"Handle knives for meat processing activities. Use the correct knives and cutting instruments for meat preparations, prepared meat products, or meat products made by a butcher.",skill/competence > sector-specific,"meat and meat products. The offered meat and meat products, their properties and legal and regulatory requirements.","handle knives for meat processing activities. Handle knives for meat processing activities. Use the correct knives and cutting instruments for meat preparations, prepared meat products",1,A_to_B,,B chọn dao và cách xử lý theo loại thịt/sản phẩm; A cung cấp đặc tính sản phẩm tương ứng. Không suy ra phải nắm toàn bộ yêu cầu pháp lý trước khi cầm dao.
157,IAA_chung,http://data.europa.eu/esco/skill/204cd81a-b1f0-467c-8c5c-17e723eb62fd__http://data.europa.eu/esco/skill/14593aaa-def7-4766-ba88-03e89c8f51b7,operation of different engines,"The characteristics, maintenance requirements and operating procedures of various kinds of engines such as gas, diesel, electrical, and engines with steam propulsion plants.",knowledge > sector-specific,manage the operation of propulsion plant machinery,"Manage the operative mechanism of the marine diesel engines, steam turbines, gas turbines, and steam boilers.",skill/competence > sector-specific,"operation of different engines. The characteristics, maintenance requirements and operating procedures of various kinds of engines such as gas, diesel, electrical, and en","manage the operation of propulsion plant machinery. Manage the operative mechanism of the marine diesel engines, steam turbines, gas turbines, and steam boilers.",1,A_to_B,,A cung cấp đặc tính/quy trình vận hành các động cơ diesel/khí/hơi nước; B quản lý vận hành đúng các cơ cấu đó.
158,rieng_Tuan,http://data.europa.eu/esco/skill/1ffdea5d-cd82-490f-bebe-22db7e0a5f45__http://data.europa.eu/esco/skill/72db08f1-94f7-4d43-84e7-04af4073e05e,types of concrete pumps,The types of machines used to pump liquid concrete such as the boom concrete pumps used for large construction projects or line pumps generally used for small-scale works.,knowledge > sector-specific,dismantle concrete pumps,"Dismantle all the assemblies of concrete pumps such as the pipe and the robotic arm, and prepare the mobile concrete pump for road traffic.",skill/competence > occupation-specific,types of concrete pumps. The types of machines used to pump liquid concrete such as the boom concrete pumps used for large construction projects or line pumps gene,"dismantle concrete pumps. Dismantle all the assemblies of concrete pumps such as the pipe and the robotic arm, and prepare the mobile concrete pump for road traffic",1,A_to_B,,A cung cấp hiểu biết loại/cấu hình bơm bê tông; B tháo các cụm ống/tay cần của chính máy bơm.
159,IAA_chung,http://data.europa.eu/esco/skill/29cd7e7b-215c-483a-b67a-6bdad0647de9__http://data.europa.eu/esco/skill/bd698bbe-7003-4508-b422-46c2ff4d5e95,develop procurement strategy,"Design the procurement strategy and define the most appropriate and impactful procedure in order to reach the organisation's objectives and ensure genuine competition. Define element such as features, scope and duration of the procedure, division into lots, techniques and instruments for electronic submission and types of contract and contract performance clauses.",skill/competence > sector-specific,business strategy concepts,"The terminology related to the design and implementation of major trends and aims which are taken by an organisation's executives, while keeping in mind its resources, competition and environments.",knowledge > cross-sector,develop procurement strategy. Design the procurement strategy and define the most appropriate and impactful procedure in order to reach the organisation's objectives an,"business strategy concepts. The terminology related to the design and implementation of major trends and aims which are taken by an organisation's executives, while k",3,none,,Thuật ngữ chiến lược kinh doanh có thể hỗ trợ thiết kế chiến lược mua sắm; span chưa chứng minh phải học năng lực thuật ngữ B trước A.
160,rieng_Tuan,http://data.europa.eu/esco/skill/8c454cb2-09b2-4b1c-b556-f57c9d90952c__http://data.europa.eu/esco/skill/3e5ade3b-d5bc-46eb-aff4-7a2fa4257d09,deburring processes,"The various types of processes removing burrs from fabricated workpieces, such as grinding, media blasting, sanding, mass-finishing, spindle finishing, electrochemical deburring, abrasive flow machining, manual deburring, and others.",knowledge > cross-sector,tend deburring machine,"Tend a metalworking machine designed to remove excessive edges from a workpiece by applying deburring, abrasive machine processes, monitor and operate it according to regulations.",skill/competence > cross-sector,,,3,none,,Hai span trống; mô tả cùng tẩy ba via nhưng không đủ chứng cứ để gán 1 hoặc dựng trung gian vận hành dụng cụ.
